1 vad:0.006257
gains: 0.308532 0.245663 0.230592 0.266604 0.295457 0.398621 0.356829 0.374541 0.361073 0.358602 0.512590 0.453877 0.501403 0.474121 0.435038 0.457514 
0.487272 0.511955 0.522548 0.512898 0.490775 0.532010 0.647566 0.708341 0.740220 0.657448 0.696743 0.413042 0.427274 0.390035 0.558166 0.458924 
2 vad:0.011078
gains: 0.863686 0.943442 0.969951 0.924345 0.812859 0.808876 0.900728 0.886189 0.858793 0.843297 0.819818 0.799418 0.765157 0.868988 0.761992 0.832547 
0.776679 0.766438 0.718999 0.897509 0.897140 0.884307 0.903764 0.926823 0.903480 0.951503 0.955452 0.881198 0.867638 0.883114 0.899562 0.805385 
3 vad:0.065309
gains: 0.795502 0.926931 0.955957 0.804161 0.739434 0.778593 0.828322 0.846285 0.883041 0.857069 0.876372 0.822533 0.773691 0.748099 0.643454 0.589123 
0.594994 0.540004 0.690939 0.831386 0.668735 0.688220 0.795990 0.705521 0.707127 0.841747 0.814931 0.799606 0.768781 0.773911 0.728440 0.571890 
4 vad:0.024746
gains: 0.513912 0.614042 0.662249 0.541266 0.471663 0.422676 0.555136 0.593038 0.568094 0.492057 0.493688 0.484083 0.491261 0.570091 0.551596 0.605949 
0.579945 0.549847 0.463019 0.628311 0.501712 0.676188 0.790593 0.634584 0.638719 0.830987 0.798281 0.801141 0.826726 0.759834 0.661463 0.516298 
5 vad:0.010170
gains: 0.645922 0.641621 0.630123 0.589929 0.570485 0.498316 0.589049 0.628121 0.642337 0.601333 0.625659 0.585273 0.554099 0.634738 0.650166 0.723539 
0.692487 0.638416 0.593769 0.620897 0.579193 0.730152 0.784250 0.611533 0.632123 0.812046 0.769573 0.751521 0.752578 0.692683 0.621023 0.551379 
6 vad:0.008568
gains: 0.710732 0.701736 0.673175 0.657545 0.668992 0.620740 0.657366 0.699679 0.679198 0.615629 0.644096 0.612743 0.580692 0.663598 0.679716 0.766994 
0.763648 0.728708 0.702141 0.656553 0.646734 0.822385 0.828635 0.664736 0.708256 0.853775 0.807374 0.805718 0.790165 0.788231 0.732145 0.678884 
7 vad:0.008806
gains: 0.738895 0.717563 0.693221 0.700186 0.707448 0.666540 0.688863 0.744473 0.725097 0.660011 0.701142 0.677640 0.636866 0.702286 0.703693 0.789501 
0.799927 0.776889 0.757012 0.683543 0.693418 0.864375 0.854648 0.709039 0.755171 0.881703 0.841508 0.845181 0.825655 0.847874 0.799744 0.755477 
8 vad:0.007480
gains: 0.760861 0.740690 0.727892 0.732981 0.737969 0.702133 0.713793 0.780125 0.773300 0.712632 0.754806 0.734046 0.691346 0.751525 0.743951 0.819326 
0.831701 0.819821 0.796713 0.712815 0.742842 0.895575 0.881565 0.756905 0.788758 0.899127 0.862197 0.868399 0.847558 0.880217 0.839241 0.800528 
9 vad:0.006349
gains: 0.779229 0.766584 0.749177 0.739745 0.745269 0.719836 0.722125 0.794099 0.796389 0.742077 0.781828 0.754868 0.710191 0.770722 0.758165 0.825662 
0.842090 0.837932 0.808076 0.724954 0.777461 0.913299 0.898643 0.788211 0.806466 0.905776 0.868297 0.876014 0.852809 0.891499 0.853318 0.814533 
10 vad:0.005503
gains: 0.785801 0.777718 0.753482 0.735384 0.742379 0.726655 0.721631 0.797589 0.805784 0.754566 0.791442 0.761168 0.718477 0.779812 0.762692 0.821727 
0.842038 0.843244 0.809520 0.731353 0.797992 0.920760 0.905132 0.802681 0.813815 0.907266 0.868373 0.876277 0.849335 0.891921 0.851555 0.808371 
11 vad:0.004973
gains: 0.786909 0.780117 0.749146 0.729370 0.738489 0.730031 0.720195 0.798608 0.811155 0.762414 0.797804 0.766145 0.724368 0.784227 0.764073 0.813226 
0.836861 0.841368 0.807071 0.733666 0.808386 0.922720 0.905224 0.806860 0.815035 0.904127 0.862917 0.870963 0.839643 0.887249 0.843606 0.796022 
12 vad:0.004118
gains: 0.786182 0.778346 0.741098 0.722394 0.734890 0.731710 0.719426 0.798439 0.814510 0.766847 0.800706 0.769284 0.729564 0.788063 0.765518 0.805172 
0.831111 0.837218 0.804966 0.736581 0.816046 0.922758 0.902067 0.804929 0.812069 0.898611 0.855394 0.863647 0.827589 0.880357 0.832151 0.780423 
13 vad:0.003513
gains: 0.784703 0.774820 0.732155 0.715277 0.731201 0.733110 0.720171 0.798563 0.816816 0.769022 0.801428 0.770687 0.732996 0.790979 0.767006 0.798258 
0.825834 0.832380 0.804005 0.739973 0.821559 0.921765 0.897080 0.799449 0.806573 0.892151 0.847713 0.856185 0.815406 0.873043 0.819898 0.765223 
14 vad:0.002842
gains: 0.782187 0.769652 0.722146 0.707202 0.726052 0.732672 0.719902 0.797441 0.817182 0.768339 0.799102 0.769138 0.733073 0.791745 0.767100 0.791437 
0.820580 0.826748 0.803033 0.742213 0.824918 0.919890 0.890949 0.791282 0.799414 0.885338 0.840026 0.848461 0.803154 0.865332 0.807107 0.749880 
15 vad:0.002502
gains: 0.779184 0.763862 0.712162 0.698913 0.720298 0.731217 0.718572 0.795297 0.815927 0.765217 0.794581 0.765034 0.730581 0.790622 0.765837 0.784351 
0.814669 0.820607 0.801336 0.742721 0.826536 0.917688 0.883809 0.781316 0.791098 0.878224 0.832139 0.840752 0.790720 0.857017 0.793680 0.734148 
16 vad:0.002106
gains: 0.775679 0.757428 0.701960 0.690409 0.713875 0.728509 0.716012 0.791750 0.813125 0.760029 0.788038 0.758979 0.725776 0.787440 0.763062 0.776917 
0.808665 0.814064 0.798623 0.741197 0.826451 0.914729 0.875996 0.770453 0.782054 0.871074 0.824023 0.832839 0.778003 0.848012 0.779640 0.717926 
17 vad:0.001807
gains: 0.771780 0.751071 0.692206 0.682129 0.707398 0.724891 0.712510 0.787175 0.808881 0.753201 0.779861 0.751347 0.719271 0.782651 0.758955 0.769190 
0.802425 0.807357 0.795274 0.738104 0.825005 0.911542 0.867605 0.758973 0.772789 0.863881 0.815817 0.824842 0.765345 0.838631 0.765229 0.701108 
18 vad:0.001534
gains: 0.767724 0.744688 0.682699 0.674076 0.700845 0.720391 0.708039 0.781812 0.803477 0.744902 0.770610 0.742679 0.711561 0.776346 0.753875 0.761259 
0.795899 0.800484 0.791029 0.733491 0.822608 0.907933 0.859020 0.747459 0.763274 0.856546 0.807326 0.816684 0.752524 0.828832 0.750502 0.683739 
19 vad:0.001421
gains: 0.763444 0.738540 0.673589 0.666176 0.694195 0.715213 0.702864 0.775664 0.797274 0.735659 0.760498 0.733249 0.703044 0.769169 0.747920 0.753148 
0.789305 0.793505 0.786317 0.727894 0.819360 0.904001 0.850211 0.736054 0.753900 0.849161 0.798689 0.808349 0.739884 0.818817 0.735651 0.665990 
20 vad:0.001241
gains: 0.759209 0.732659 0.664919 0.658529 0.687609 0.709607 0.697252 0.769127 0.790620 0.725854 0.749919 0.723486 0.694142 0.761208 0.741424 0.745179 
0.782843 0.786759 0.781342 0.721685 0.815635 0.900164 0.841425 0.725095 0.744670 0.841998 0.790136 0.800187 0.727703 0.808829 0.721011 0.648500 
21 vad:0.001063
gains: 0.755111 0.727337 0.656780 0.651374 0.681302 0.703834 0.691625 0.762371 0.783601 0.715786 0.739329 0.713698 0.684984 0.752753 0.734573 0.737343 
0.776427 0.780119 0.776050 0.715120 0.811642 0.895958 0.832854 0.714656 0.735882 0.834738 0.781696 0.792283 0.715883 0.798907 0.706733 0.631161 
22 vad:0.001032
gains: 0.751217 0.722406 0.649291 0.644647 0.675301 0.698169 0.686041 0.755905 0.776671 0.705897 0.728867 0.704223 0.676011 0.744190 0.727735 0.729850 
0.770276 0.773694 0.770855 0.708467 0.807365 0.892033 0.824564 0.704983 0.727545 0.827929 0.773566 0.784599 0.704901 0.789437 0.693312 0.614759 
23 vad:0.000980
gains: 0.747776 0.718004 0.642358 0.638358 0.669629 0.692526 0.680503 0.749357 0.769620 0.696062 0.718558 0.694907 0.667158 0.735372 0.720783 0.722598 
0.764348 0.767472 0.765671 0.701712 0.803126 0.887946 0.816531 0.695874 0.719589 0.821074 0.765485 0.777244 0.694459 0.780179 0.680262 0.598802 
24 vad:0.000933
gains: 0.744508 0.714138 0.636037 0.632583 0.664532 0.687157 0.675397 0.743266 0.762944 0.686747 0.708761 0.685959 0.658623 0.726914 0.714063 0.715847 
0.758614 0.761466 0.760613 0.695041 0.798781 0.883876 0.808701 0.687378 0.712111 0.814496 0.757795 0.770151 0.684766 0.771527 0.668161 0.583922 
25 vad:0.000769
gains: 0.741585 0.710717 0.630402 0.627399 0.659820 0.682109 0.670658 0.737425 0.756460 0.677682 0.699233 0.677285 0.650278 0.718464 0.707488 0.709354 
0.753199 0.755661 0.755627 0.688452 0.794400 0.879853 0.801325 0.679497 0.705126 0.808295 0.750392 0.763638 0.675781 0.763494 0.656960 0.570097 
26 vad:0.000670
gains: 0.738873 0.707637 0.625085 0.622538 0.655324 0.677156 0.666128 0.731873 0.750253 0.669099 0.690241 0.669115 0.642356 0.710258 0.701095 0.703323 
0.747898 0.750070 0.750815 0.682032 0.790128 0.875834 0.794103 0.672222 0.698550 0.802242 0.743398 0.757387 0.667560 0.755892 0.646579 0.557221 
27 vad:0.000624
gains: 0.736532 0.704988 0.620558 0.618299 0.651423 0.672849 0.662271 0.726885 0.744609 0.661187 0.681863 0.661476 0.634937 0.702599 0.695152 0.697855 
0.743123 0.744794 0.746254 0.675842 0.785954 0.872025 0.787385 0.665551 0.692502 0.796557 0.736823 0.751675 0.660034 0.749057 0.637037 0.545409 
28 vad:0.000703
gains: 0.734526 0.702807 0.616460 0.614398 0.647855 0.668666 0.658526 0.722143 0.738975 0.653581 0.673852 0.654086 0.627662 0.695021 0.689323 0.692604 
0.738547 0.739752 0.742009 0.670002 0.781846 0.868262 0.780910 0.659425 0.686840 0.791118 0.730636 0.746292 0.653116 0.742675 0.628287 0.534511 
29 vad:0.000658
gains: 0.732919 0.700901 0.612772 0.610871 0.644595 0.664840 0.655205 0.717838 0.733882 0.646429 0.666229 0.647067 0.620760 0.687834 0.683818 0.687739 
0.734140 0.734925 0.737875 0.664360 0.777973 0.864529 0.774866 0.653743 0.681512 0.785982 0.724878 0.741535 0.646959 0.737027 0.620460 0.524696 
30 vad:0.000578
gains: 0.731206 0.699183 0.609421 0.607607 0.641547 0.661132 0.651977 0.713631 0.728799 0.639551 0.659005 0.640360 0.614085 0.680876 0.678393 0.683141 
0.729989 0.730195 0.733891 0.658823 0.773956 0.860935 0.768942 0.648403 0.676530 0.781134 0.719403 0.736900 0.641285 0.731742 0.613249 0.515684 
31 vad:0.000559
gains: 0.736811 0.680629 0.602124 0.602836 0.629112 0.652489 0.640157 0.702251 0.715989 0.631266 0.649172 0.634293 0.608395 0.671355 0.666647 0.677874 
0.727560 0.726982 0.730802 0.647086 0.770575 0.866020 0.775859 0.649890 0.676935 0.786677 0.726971 0.740668 0.643777 0.725960 0.613084 0.507055 
32 vad:0.001335
gains: 0.752211 0.687539 0.608832 0.593332 0.621978 0.653232 0.652589 0.714352 0.721884 0.656511 0.674971 0.658002 0.627276 0.694745 0.689497 0.711329 
0.750213 0.739759 0.745750 0.678964 0.794157 0.889339 0.824202 0.713662 0.709120 0.794907 0.747564 0.766020 0.676489 0.762759 0.662207 0.550897 
33 vad:0.262585
gains: 0.920027 0.926601 0.873122 0.865125 0.890176 0.904687 0.849966 0.842887 0.866979 0.886884 0.900432 0.843143 0.713756 0.709571 0.683445 0.746378 
0.824525 0.815954 0.838023 0.869504 0.876604 0.920929 0.863562 0.777362 0.826072 0.911770 0.914875 0.926801 0.880584 0.915821 0.805930 0.773074 
34 vad:0.761975
gains: 0.963863 0.974352 0.982703 0.973853 0.979054 0.968676 0.969803 0.952338 0.952194 0.950209 0.970902 0.965876 0.969161 0.982205 0.993454 0.990887 
0.995529 0.998383 0.992159 0.984650 0.980004 0.994533 0.994183 0.980208 0.984503 0.998027 0.997339 0.996028 0.995129 0.993013 0.985050 0.953241 
35 vad:0.873769
gains: 0.952937 0.984019 0.972302 0.957337 0.979357 0.978265 0.956701 0.976733 0.940079 0.951069 0.961845 0.967361 0.960538 0.958560 0.967609 0.976197 
0.980484 0.987580 0.982655 0.977479 0.983052 0.992827 0.995120 0.984297 0.970631 0.996729 0.996012 0.993756 0.996666 0.986433 0.975633 0.984460 
36 vad:0.849746
gains: 0.957666 0.943590 0.979419 0.939099 0.956073 0.982381 0.987570 0.996447 0.989751 0.989876 0.981505 0.989828 0.985943 0.991477 0.984809 0.975588 
0.976257 0.987597 0.980296 0.978040 0.978808 0.977266 0.975495 0.968426 0.943538 0.965519 0.966261 0.952004 0.975871 0.955171 0.943611 0.978202 
37 vad:0.796195
gains: 0.953476 0.930992 0.970648 0.936758 0.933470 0.987373 0.972989 0.985032 0.990071 0.982658 0.981126 0.965560 0.970952 0.985296 0.965530 0.952650 
0.976236 0.980496 0.965643 0.959579 0.941083 0.944172 0.926805 0.872284 0.773340 0.876924 0.857451 0.812779 0.909031 0.877665 0.868777 0.962636 
38 vad:0.958878
gains: 0.920873 0.984721 0.993125 0.983273 0.967984 0.992817 0.986157 0.993152 0.998133 0.995958 0.997216 0.991120 0.992978 0.990002 0.990790 0.989053 
0.989849 0.990265 0.988759 0.980022 0.968894 0.978062 0.974968 0.938553 0.887989 0.955284 0.915691 0.904953 0.961847 0.978823 0.978218 0.985887 
39 vad:0.993948
gains: 0.950871 0.984169 0.996827 0.996182 0.991915 0.996153 0.993999 0.996490 0.998535 0.996884 0.998948 0.997914 0.997642 0.992034 0.994118 0.995103 
0.996583 0.992500 0.983986 0.984531 0.974093 0.981693 0.960507 0.866174 0.712039 0.847505 0.932195 0.883552 0.837775 0.822358 0.849011 0.960926 
40 vad:0.990204
gains: 0.991147 0.974054 0.988190 0.993407 0.983434 0.985763 0.994779 0.993984 0.990337 0.995370 0.992515 0.990055 0.992374 0.982049 0.954976 0.964595 
0.980534 0.973393 0.987928 0.981457 0.958950 0.958152 0.971425 0.965939 0.870162 0.796244 0.729188 0.555839 0.454060 0.357659 0.223114 0.525447 
41 vad:0.894320
gains: 0.969639 0.953542 0.991387 0.992141 0.952788 0.984295 0.956082 0.954064 0.984640 0.979289 0.982629 0.974128 0.968984 0.926340 0.916348 0.914271 
0.940943 0.933258 0.955872 0.723501 0.707996 0.916395 0.979723 0.954848 0.878970 0.705597 0.606720 0.514390 0.248058 0.168016 0.144979 0.341920 
42 vad:0.991278
gains: 0.973181 0.981658 0.995518 0.996321 0.989148 0.984461 0.985447 0.984785 0.981916 0.990875 0.988598 0.984202 0.969141 0.984874 0.942130 0.945865 
0.962071 0.981700 0.963564 0.947684 0.941606 0.987495 0.991123 0.954000 0.955731 0.973957 0.985066 0.980211 0.979243 0.969933 0.957508 0.962285 
43 vad:0.996826
gains: 0.895817 0.968368 0.996360 0.998119 0.994354 0.997202 0.993097 0.988521 0.996027 0.994985 0.994740 0.980947 0.981649 0.975148 0.952598 0.964111 
0.984309 0.973043 0.918277 0.857859 0.878747 0.908547 0.954612 0.906883 0.817414 0.933963 0.916931 0.905970 0.882095 0.819210 0.818289 0.875165 
44 vad:0.997949
gains: 0.914794 0.932122 0.993805 0.995790 0.987122 0.996433 0.993776 0.997754 0.994235 0.996478 0.996711 0.989678 0.979874 0.987333 0.982503 0.960230 
0.978538 0.982193 0.974961 0.961720 0.971094 0.967275 0.974592 0.969698 0.916746 0.975947 0.948476 0.954284 0.965344 0.920687 0.905884 0.944394 
45 vad:0.991180
gains: 0.993718 0.981979 0.997474 0.995305 0.989778 0.997588 0.996557 0.997171 0.996579 0.998417 0.998051 0.994671 0.989545 0.991811 0.984635 0.983734 
0.994084 0.989347 0.986379 0.970347 0.970722 0.982475 0.989845 0.981483 0.971846 0.984133 0.974730 0.979083 0.975769 0.950873 0.939675 0.933371 
46 vad:0.997430
gains: 0.995968 0.997448 0.997333 0.996045 0.995146 0.999481 0.998479 0.997943 0.998917 0.999107 0.998904 0.998057 0.997408 0.994905 0.994543 0.995258 
0.997332 0.997920 0.996128 0.987733 0.993040 0.995469 0.994592 0.994181 0.996723 0.994446 0.994075 0.994645 0.990815 0.984565 0.952597 0.899474 
47 vad:0.999328
gains: 0.995324 0.998431 0.999050 0.996724 0.991174 0.996043 0.994618 0.996171 0.997988 0.996943 0.996376 0.993150 0.980542 0.978682 0.981682 0.988472 
0.988418 0.990880 0.990925 0.986681 0.971907 0.979660 0.987630 0.972330 0.952814 0.974932 0.988029 0.983331 0.982775 0.972871 0.948005 0.864502 
48 vad:0.999465
gains: 0.999062 0.997252 0.998908 0.998640 0.995223 0.999168 0.997357 0.998302 0.996685 0.998888 0.998407 0.997596 0.999190 0.997216 0.995149 0.997873 
0.997978 0.999324 0.998845 0.990264 0.967248 0.986064 0.991795 0.984958 0.961563 0.984827 0.993232 0.996340 0.996594 0.991402 0.974409 0.943638 
49 vad:0.998752
gains: 0.986668 0.995174 0.999189 0.998017 0.996281 0.998980 0.998617 0.997138 0.997728 0.998084 0.997775 0.997020 0.998585 0.998802 0.995833 0.995921 
0.999105 0.999201 0.997363 0.994725 0.990892 0.993345 0.991386 0.992296 0.994284 0.992287 0.989070 0.995310 0.995280 0.991362 0.983035 0.983601 
50 vad:0.998908
gains: 0.989830 0.994037 0.999330 0.998451 0.996165 0.998670 0.999126 0.999067 0.999333 0.999019 0.998758 0.998620 0.999032 0.999207 0.998416 0.998398 
0.999571 0.999695 0.998295 0.997562 0.996152 0.997444 0.998096 0.998158 0.998486 0.996655 0.994699 0.997112 0.996837 0.992093 0.984580 0.988726 
51 vad:0.995548
gains: 0.980336 0.992969 0.999398 0.998525 0.996824 0.998222 0.998017 0.997395 0.997953 0.996800 0.997029 0.998505 0.998977 0.998725 0.997526 0.997268 
0.999117 0.999327 0.998165 0.994721 0.992447 0.993529 0.998047 0.997161 0.995244 0.994238 0.995606 0.996220 0.994866 0.990661 0.981962 0.979095 
52 vad:0.996657
gains: 0.967662 0.995116 0.999217 0.999159 0.997528 0.999095 0.999090 0.998579 0.996501 0.996457 0.998291 0.999148 0.999420 0.998204 0.996365 0.993671 
0.996286 0.998935 0.998717 0.994113 0.990801 0.989725 0.995907 0.994961 0.989901 0.992507 0.992202 0.992637 0.996136 0.992124 0.978207 0.946347 
53 vad:0.999098
gains: 0.985365 0.998024 0.999630 0.997658 0.994821 0.996605 0.995279 0.995466 0.995462 0.994951 0.995908 0.994583 0.990400 0.982996 0.970831 0.985270 
0.993811 0.995490 0.994204 0.986131 0.969032 0.983716 0.992989 0.981336 0.975792 0.990134 0.993867 0.989847 0.990597 0.980999 0.944265 0.920486 
54 vad:0.999636
gains: 0.993113 0.993387 0.998849 0.997739 0.985701 0.995964 0.996967 0.991207 0.992702 0.996276 0.994391 0.991105 0.992206 0.981943 0.980418 0.965295 
0.986096 0.998071 0.993201 0.945138 0.934770 0.935521 0.977458 0.974831 0.981793 0.992723 0.993548 0.992467 0.990692 0.968144 0.926007 0.787701 
55 vad:0.999731
gains: 0.994423 0.996030 0.999528 0.998898 0.998478 0.999453 0.999436 0.999056 0.998365 0.997960 0.997186 0.998737 0.998808 0.997994 0.995951 0.994430 
0.998787 0.999386 0.998084 0.994950 0.984525 0.992236 0.992107 0.986262 0.985929 0.991703 0.996368 0.998395 0.998405 0.996340 0.989250 0.957274 
56 vad:0.999658
gains: 0.977133 0.994274 0.999540 0.998530 0.997993 0.999361 0.999159 0.998937 0.998767 0.996618 0.997597 0.996378 0.998392 0.999035 0.998897 0.997354 
0.999215 0.999608 0.998929 0.997918 0.997150 0.997742 0.997278 0.996929 0.997591 0.997934 0.996042 0.998418 0.997929 0.995165 0.981712 0.980320 
57 vad:0.999613
gains: 0.977762 0.992705 0.999498 0.999312 0.998005 0.999105 0.999490 0.999317 0.999179 0.998484 0.998780 0.998484 0.999146 0.999249 0.998769 0.997059 
0.999300 0.999496 0.999056 0.998997 0.996503 0.998190 0.997969 0.997102 0.998539 0.998668 0.996739 0.998468 0.995905 0.986547 0.977807 0.985528 
58 vad:0.998291
gains: 0.976788 0.991504 0.999341 0.999130 0.996885 0.998767 0.998091 0.997478 0.997647 0.994095 0.997062 0.998406 0.998527 0.998990 0.997786 0.993964 
0.998346 0.998968 0.999054 0.995743 0.989408 0.992516 0.994735 0.995136 0.994399 0.994977 0.996355 0.997290 0.994644 0.987976 0.989859 0.982604 
59 vad:0.999086
gains: 0.991476 0.997092 0.999072 0.998484 0.997930 0.997138 0.991314 0.993258 0.987952 0.988815 0.992404 0.996260 0.997479 0.993905 0.994769 0.995068 
0.994509 0.997063 0.997052 0.988212 0.978102 0.978549 0.985796 0.988576 0.980274 0.992277 0.997888 0.992879 0.990858 0.977075 0.974116 0.962742 
60 vad:0.997491
gains: 0.981273 0.989925 0.996921 0.994900 0.955843 0.969966 0.959282 0.951340 0.930146 0.964128 0.970925 0.967989 0.973833 0.980147 0.963532 0.953595 
0.972915 0.965163 0.990767 0.970337 0.916516 0.948288 0.956889 0.938490 0.952429 0.987953 0.986575 0.980677 0.980770 0.940441 0.910125 0.912318 
61 vad:0.995533
gains: 0.978961 0.990795 0.998758 0.986001 0.946307 0.973679 0.965708 0.949847 0.880534 0.961345 0.977396 0.974418 0.952611 0.935611 0.943861 0.927310 
0.966122 0.979827 0.978989 0.955314 0.936189 0.925430 0.917564 0.968938 0.955889 0.972464 0.974085 0.965910 0.966271 0.910998 0.876059 0.884746 
62 vad:0.999508
gains: 0.983399 0.994937 0.999462 0.999107 0.995486 0.995339 0.989552 0.989510 0.988591 0.993866 0.989100 0.977317 0.985441 0.977655 0.964451 0.958064 
0.989097 0.988959 0.978505 0.950935 0.958038 0.976089 0.976990 0.980034 0.982127 0.987421 0.986453 0.980753 0.968090 0.935961 0.961577 0.963057 
63 vad:0.999591
gains: 0.967886 0.994441 0.998567 0.995005 0.995842 0.996191 0.994207 0.994968 0.996521 0.993929 0.993934 0.986499 0.987180 0.984365 0.964799 0.962666 
0.991364 0.997371 0.993677 0.973131 0.972366 0.961621 0.979828 0.983797 0.984162 0.991453 0.977394 0.987563 0.989313 0.977461 0.980404 0.955244 
64 vad:0.999842
gains: 0.989242 0.997852 0.998843 0.996963 0.998476 0.998389 0.998276 0.997742 0.997556 0.995466 0.996176 0.991217 0.979560 0.986103 0.974934 0.967906 
0.994330 0.998243 0.995351 0.992526 0.984751 0.984297 0.994760 0.994399 0.994099 0.993764 0.990715 0.996637 0.993971 0.975493 0.979412 0.964456 
65 vad:0.999716
gains: 0.991782 0.998924 0.998700 0.993375 0.997668 0.997365 0.995989 0.997116 0.996788 0.997611 0.997628 0.993756 0.984179 0.990804 0.979838 0.965829 
0.995149 0.996420 0.996011 0.995220 0.981107 0.990250 0.992051 0.992198 0.991848 0.992143 0.987651 0.993970 0.985829 0.962081 0.954573 0.969683 
66 vad:0.999764
gains: 0.991086 0.998346 0.998529 0.993738 0.998331 0.998442 0.998515 0.997338 0.995588 0.996353 0.996644 0.988803 0.983407 0.984119 0.979807 0.980477 
0.995229 0.997132 0.991998 0.987567 0.990940 0.963421 0.972280 0.969785 0.972031 0.989879 0.991292 0.993331 0.990277 0.970570 0.963784 0.959657 
67 vad:0.999502
gains: 0.990754 0.998154 0.997570 0.991520 0.998339 0.998725 0.998700 0.997307 0.996161 0.995824 0.997480 0.994226 0.990366 0.993295 0.984445 0.981834 
0.995367 0.996567 0.993642 0.989352 0.988904 0.986864 0.985013 0.987441 0.986014 0.995896 0.993680 0.992859 0.993638 0.979782 0.954841 0.973753 
68 vad:0.999425
gains: 0.989783 0.998209 0.998059 0.994776 0.998056 0.998574 0.997222 0.996012 0.997074 0.995229 0.996267 0.993833 0.993194 0.994891 0.985146 0.985607 
0.988659 0.991425 0.990543 0.995472 0.994898 0.994366 0.994116 0.995264 0.994147 0.998563 0.997604 0.997107 0.996949 0.987198 0.966539 0.983767 
69 vad:0.999118
gains: 0.989901 0.998170 0.998060 0.997570 0.997165 0.998174 0.996221 0.996372 0.996232 0.994349 0.996052 0.980540 0.979343 0.987809 0.956938 0.942078 
0.975913 0.962908 0.969256 0.987233 0.984399 0.984629 0.976697 0.986309 0.988486 0.991752 0.991457 0.991479 0.990475 0.980968 0.944885 0.977123 
70 vad:0.983719
gains: 0.996805 0.998003 0.995430 0.986075 0.991272 0.998322 0.994216 0.994205 0.997197 0.998150 0.994914 0.989581 0.989383 0.986680 0.976449 0.974013 
0.985222 0.988983 0.984603 0.988983 0.979107 0.987425 0.993333 0.994520 0.994739 0.994419 0.994442 0.991500 0.994388 0.991501 0.984405 0.983801 
71 vad:0.914628
gains: 0.997898 0.997129 0.995603 0.981313 0.985077 0.992966 0.977666 0.975473 0.984783 0.985574 0.984695 0.976762 0.910131 0.860584 0.880720 0.889851 
0.909525 0.956494 0.947449 0.875728 0.785182 0.749701 0.855677 0.798542 0.671117 0.601376 0.632309 0.628508 0.703346 0.593328 0.628965 0.734808 
72 vad:0.948522
gains: 0.984322 0.980616 0.941801 0.937929 0.952122 0.977656 0.945721 0.911653 0.931181 0.943289 0.953053 0.972504 0.973840 0.970949 0.961550 0.906920 
0.937749 0.936711 0.932473 0.900233 0.764696 0.779988 0.928314 0.872003 0.731572 0.774948 0.768582 0.883944 0.842220 0.848682 0.850663 0.900829 
73 vad:0.990275
gains: 0.982548 0.970812 0.955030 0.966785 0.964491 0.966219 0.934917 0.974050 0.979467 0.980430 0.979886 0.957773 0.932346 0.938876 0.962149 0.934514 
0.937698 0.915772 0.873954 0.677575 0.798650 0.772256 0.684218 0.721987 0.838908 0.931448 0.958948 0.958000 0.903423 0.905091 0.850981 0.860093 
74 vad:0.998110
gains: 0.980439 0.992098 0.996029 0.992089 0.992738 0.996291 0.985576 0.988997 0.966140 0.988504 0.987842 0.986523 0.982736 0.987359 0.978137 0.972825 
0.985191 0.973073 0.916567 0.943888 0.958963 0.953040 0.947537 0.949267 0.965429 0.980916 0.977108 0.980619 0.967850 0.910220 0.834168 0.917804 
75 vad:0.999496
gains: 0.913451 0.986680 0.996090 0.987259 0.990270 0.995067 0.996702 0.996573 0.996538 0.991512 0.985298 0.991679 0.994130 0.994724 0.988706 0.984853 
0.989550 0.984373 0.963959 0.954038 0.939454 0.955380 0.962584 0.955370 0.950231 0.979091 0.948092 0.969833 0.970838 0.891199 0.771149 0.940732 
76 vad:0.999038
gains: 0.985811 0.988230 0.997994 0.989997 0.983039 0.995079 0.995908 0.996521 0.995485 0.989709 0.989841 0.993367 0.993488 0.995950 0.991258 0.989384 
0.986723 0.985138 0.974234 0.960291 0.931705 0.962598 0.976390 0.970641 0.948966 0.981491 0.958989 0.978538 0.978776 0.927965 0.865162 0.961974 
77 vad:0.998143
gains: 0.979325 0.993524 0.999021 0.996365 0.994221 0.997408 0.996437 0.997281 0.998428 0.996439 0.996286 0.997890 0.995712 0.996344 0.993810 0.993688 
0.991325 0.991851 0.989536 0.983173 0.973570 0.971771 0.980517 0.968719 0.956005 0.990782 0.987267 0.984869 0.985156 0.961961 0.951639 0.983354 
78 vad:0.998695
gains: 0.957979 0.989338 0.998372 0.995576 0.994660 0.998024 0.997821 0.995568 0.996321 0.995872 0.996711 0.996291 0.996363 0.987705 0.978578 0.987916 
0.992461 0.991277 0.990475 0.988681 0.965497 0.936404 0.947258 0.964556 0.950652 0.971349 0.957326 0.952199 0.955971 0.930040 0.886552 0.952895 
79 vad:0.998482
gains: 0.958794 0.993117 0.997874 0.992007 0.991846 0.997638 0.995742 0.985491 0.990751 0.985225 0.993858 0.990868 0.980885 0.967532 0.966998 0.978855 
0.973432 0.976703 0.970885 0.918806 0.876893 0.834720 0.775298 0.839417 0.736319 0.796776 0.620654 0.506326 0.499284 0.278422 0.269821 0.596599 
80 vad:0.997697
gains: 0.956273 0.986231 0.994269 0.986752 0.992147 0.995540 0.993841 0.988971 0.995321 0.984233 0.969071 0.972275 0.973741 0.938055 0.923192 0.939521 
0.952351 0.939661 0.926589 0.834359 0.798553 0.777636 0.696195 0.707338 0.641587 0.668507 0.391709 0.265382 0.247841 0.146365 0.151783 0.432679 
81 vad:0.992606
gains: 0.980042 0.987230 0.992700 0.993201 0.982632 0.991973 0.995642 0.994159 0.981324 0.971986 0.970578 0.903308 0.887586 0.857264 0.872947 0.860322 
0.834449 0.823079 0.854705 0.476344 0.488645 0.398614 0.416149 0.480713 0.394156 0.239111 0.113539 0.116383 0.102832 0.092619 0.152444 0.413711 
82 vad:0.976329
gains: 0.993433 0.955580 0.988067 0.953464 0.944678 0.992070 0.963056 0.961197 0.977642 0.972927 0.918726 0.892941 0.799143 0.622353 0.633116 0.699036 
0.742006 0.730331 0.742163 0.277992 0.181870 0.207230 0.367443 0.541044 0.485890 0.306096 0.156115 0.105555 0.145567 0.092743 0.152144 0.307371 
83 vad:0.937366
gains: 0.948514 0.850652 0.833712 0.830155 0.848130 0.925474 0.856458 0.861643 0.954045 0.890534 0.808402 0.666415 0.714462 0.724225 0.621956 0.573881 
0.594715 0.621666 0.732674 0.421751 0.098886 0.167512 0.415744 0.496391 0.582848 0.709382 0.360432 0.242148 0.378006 0.297069 0.361402 0.403478 
84 vad:0.899470
gains: 0.958240 0.843124 0.739175 0.773969 0.930746 0.938618 0.868930 0.798604 0.864743 0.804704 0.784697 0.686075 0.715218 0.793556 0.682471 0.670014 
0.747556 0.665773 0.742432 0.693861 0.473595 0.102885 0.091154 0.272553 0.292243 0.583532 0.623898 0.633749 0.515321 0.291455 0.318801 0.504592 
85 vad:0.996075
gains: 0.864132 0.913189 0.934600 0.914329 0.908820 0.905454 0.914662 0.902149 0.952821 0.911236 0.943470 0.855358 0.736152 0.727262 0.529574 0.497960 
0.698465 0.666106 0.583338 0.709408 0.635735 0.146089 0.140992 0.541385 0.261741 0.419190 0.533015 0.477993 0.440097 0.298268 0.327573 0.515855 
86 vad:0.999598
gains: 0.935843 0.995907 0.995997 0.988279 0.996032 0.993132 0.954297 0.970607 0.975295 0.993421 0.987058 0.982509 0.979406 0.954602 0.924950 0.904602 
0.978259 0.980949 0.946815 0.865496 0.769810 0.826799 0.830890 0.886500 0.577223 0.675172 0.711043 0.711991 0.524030 0.494491 0.575933 0.471785 
87 vad:0.999742
gains: 0.956986 0.996750 0.998157 0.995175 0.997114 0.995998 0.992553 0.987447 0.994162 0.996678 0.992301 0.983585 0.991445 0.986529 0.970145 0.960014 
0.994742 0.996074 0.992313 0.972097 0.957390 0.962675 0.987482 0.981079 0.957425 0.955960 0.880628 0.948662 0.782529 0.710888 0.759271 0.751299 
88 vad:0.999819
gains: 0.980445 0.997604 0.996740 0.987263 0.997145 0.996596 0.994741 0.992698 0.995458 0.993727 0.991971 0.988807 0.991754 0.982642 0.989474 0.979918 
0.996994 0.998706 0.997631 0.992512 0.960802 0.975855 0.992542 0.986916 0.975644 0.957117 0.914669 0.971115 0.923111 0.868663 0.889162 0.770925 
89 vad:0.999815
gains: 0.990646 0.998388 0.998246 0.993743 0.998900 0.998520 0.996154 0.996532 0.997311 0.997745 0.996365 0.994231 0.994508 0.992004 0.992621 0.990306 
0.997672 0.999169 0.997454 0.996686 0.989316 0.978860 0.994206 0.995734 0.991305 0.981094 0.965865 0.980207 0.960424 0.929461 0.929459 0.869819 
90 vad:0.999775
gains: 0.978211 0.997858 0.996948 0.991334 0.998380 0.997624 0.996052 0.995101 0.994148 0.991142 0.988530 0.987207 0.992768 0.989065 0.983986 0.983922 
0.994048 0.997589 0.994596 0.994589 0.986997 0.970855 0.988253 0.980714 0.978810 0.982354 0.972771 0.985648 0.964723 0.920723 0.914079 0.914013 
91 vad:0.999270
gains: 0.987818 0.997575 0.995287 0.982538 0.987985 0.990858 0.926969 0.939708 0.954216 0.964672 0.919121 0.932128 0.942302 0.950349 0.914060 0.843591 
0.918791 0.957631 0.909168 0.772421 0.683271 0.628673 0.832049 0.843466 0.655723 0.811100 0.835962 0.839228 0.861998 0.622154 0.590138 0.621704 
92 vad:0.999549
gains: 0.973739 0.986753 0.987569 0.926340 0.949281 0.946855 0.732038 0.748858 0.804150 0.862850 0.868722 0.766710 0.846349 0.823477 0.800698 0.719761 
0.660502 0.824581 0.755191 0.437361 0.270633 0.167440 0.346457 0.522707 0.256328 0.243301 0.299780 0.351495 0.473068 0.265965 0.326227 0.363460 
93 vad:0.999672
gains: 0.980765 0.992305 0.992010 0.976751 0.990464 0.981699 0.983064 0.969963 0.988377 0.984460 0.978398 0.976017 0.988243 0.989960 0.984871 0.981810 
0.986950 0.991412 0.987245 0.973661 0.932350 0.881776 0.910057 0.893045 0.793902 0.832639 0.801821 0.894239 0.843776 0.767564 0.821866 0.780403 
94 vad:0.999885
gains: 0.971262 0.994638 0.994648 0.961864 0.987529 0.994392 0.996367 0.996941 0.993535 0.993213 0.994773 0.996786 0.995889 0.997949 0.989442 0.989361 
0.996909 0.997279 0.995002 0.994888 0.978464 0.975224 0.981992 0.969466 0.975969 0.935706 0.863739 0.963020 0.925445 0.815557 0.799691 0.870653 
95 vad:0.999699
gains: 0.973514 0.996351 0.996189 0.986244 0.994961 0.995740 0.996470 0.996985 0.993493 0.993629 0.994989 0.996243 0.996171 0.994370 0.984166 0.989221 
0.990568 0.992257 0.993328 0.988203 0.972779 0.963060 0.978958 0.969631 0.905402 0.957929 0.940235 0.947437 0.903412 0.804319 0.820519 0.892317 
96 vad:0.999637
gains: 0.978184 0.995375 0.993643 0.979406 0.995433 0.995186 0.986570 0.992574 0.983792 0.984098 0.987057 0.993521 0.992780 0.987875 0.966281 0.970900 
0.970625 0.964280 0.992088 0.980720 0.947597 0.929028 0.940695 0.944287 0.914516 0.952810 0.952641 0.959625 0.938265 0.886710 0.854956 0.813674 
97 vad:0.999613
gains: 0.972627 0.995142 0.995717 0.973960 0.972444 0.986187 0.940370 0.965909 0.983990 0.977223 0.987950 0.985120 0.945676 0.919363 0.932720 0.877580 
0.890782 0.932686 0.955641 0.947738 0.815446 0.744641 0.809095 0.814524 0.762162 0.775303 0.802848 0.826382 0.879684 0.850807 0.848693 0.771762 
98 vad:0.999647
gains: 0.967524 0.995779 0.997004 0.975913 0.990896 0.993806 0.988069 0.952601 0.968842 0.962748 0.968784 0.966607 0.968939 0.872324 0.872612 0.916181 
0.938394 0.916539 0.903691 0.885244 0.869233 0.669995 0.586907 0.820985 0.678220 0.683032 0.657395 0.613320 0.645126 0.681889 0.818700 0.711507 
99 vad:0.999687
gains: 0.977703 0.995685 0.997414 0.987418 0.994698 0.997999 0.995454 0.990500 0.994126 0.983824 0.987037 0.981384 0.959394 0.971743 0.941108 0.958243 
0.980815 0.977400 0.950239 0.959180 0.959968 0.958462 0.919514 0.920213 0.874773 0.934791 0.864058 0.863603 0.894070 0.839682 0.897157 0.922549 
100 vad:0.999278
gains: 0.975976 0.996318 0.995028 0.976649 0.995065 0.995287 0.989518 0.986607 0.989606 0.973704 0.986814 0.983780 0.963780 0.980882 0.956413 0.955117 
0.974151 0.963110 0.969361 0.963932 0.980547 0.983371 0.983425 0.971572 0.957036 0.973549 0.948771 0.928902 0.924097 0.941452 0.945344 0.945191 
101 vad:0.996778
gains: 0.985502 0.997635 0.997319 0.992722 0.994269 0.997392 0.993700 0.995117 0.992420 0.992861 0.986799 0.984226 0.971223 0.945098 0.926734 0.923541 
0.974730 0.958996 0.964465 0.983886 0.981313 0.977409 0.985563 0.988622 0.983298 0.984810 0.966496 0.956842 0.963119 0.961251 0.924956 0.843565 
102 vad:0.993665
gains: 0.989287 0.990422 0.987805 0.952851 0.935379 0.986600 0.981666 0.955734 0.964618 0.977840 0.959994 0.962278 0.939944 0.906717 0.802922 0.804235 
0.889578 0.888075 0.814079 0.871445 0.831971 0.908914 0.950103 0.888236 0.846274 0.890725 0.902303 0.884665 0.901361 0.887433 0.803033 0.730284 
103 vad:0.992572
gains: 0.967978 0.958619 0.936363 0.553803 0.839444 0.971280 0.923716 0.665973 0.511786 0.433036 0.483205 0.547368 0.396386 0.193042 0.138199 0.184581 
0.149070 0.223520 0.269235 0.151981 0.167404 0.027196 0.019103 0.082338 0.024253 0.015660 0.013282 0.015652 0.047712 0.081548 0.110160 0.352650 
104 vad:0.929184
gains: 0.775647 0.883762 0.660930 0.353671 0.644738 0.723696 0.360957 0.295104 0.391454 0.260388 0.373613 0.390000 0.308585 0.360012 0.498015 0.441950 
0.378639 0.443612 0.318067 0.198603 0.129531 0.070881 0.056874 0.149529 0.131467 0.181441 0.060506 0.071399 0.125868 0.139489 0.183815 0.349933 
105 vad:0.962661
gains: 0.930981 0.801414 0.744665 0.699246 0.829832 0.825382 0.816205 0.737235 0.516938 0.483626 0.641940 0.715502 0.764142 0.697625 0.705465 0.631218 
0.760447 0.757765 0.774372 0.757498 0.676985 0.702373 0.611020 0.622496 0.702044 0.727420 0.619478 0.679075 0.761602 0.780638 0.669578 0.638596 
106 vad:0.918032
gains: 0.864212 0.970185 0.913452 0.882476 0.771934 0.894522 0.889988 0.866770 0.757763 0.853108 0.908902 0.894247 0.847980 0.752407 0.759618 0.681796 
0.781943 0.831266 0.800477 0.776197 0.806354 0.883424 0.864293 0.710859 0.728043 0.772775 0.649458 0.700342 0.718720 0.721104 0.577578 0.609804 
107 vad:0.968707
gains: 0.935366 0.957320 0.959253 0.979026 0.973302 0.980422 0.951716 0.902923 0.942828 0.986122 0.989447 0.985182 0.980426 0.971087 0.956006 0.901632 
0.943353 0.947253 0.963866 0.924722 0.920721 0.869399 0.890558 0.917406 0.844249 0.783914 0.804787 0.806992 0.843242 0.820975 0.614639 0.677678 
108 vad:0.996633
gains: 0.970794 0.987323 0.987007 0.967388 0.990100 0.995675 0.967962 0.887438 0.933572 0.953662 0.960386 0.911577 0.926835 0.897508 0.825479 0.766204 
0.772344 0.712482 0.775374 0.594151 0.438377 0.610787 0.740420 0.576697 0.507472 0.397974 0.224068 0.231897 0.248840 0.188666 0.152750 0.444918 
109 vad:0.999736
gains: 0.942024 0.988441 0.989430 0.970827 0.985398 0.986839 0.983606 0.963031 0.959173 0.974350 0.979924 0.989808 0.989985 0.966193 0.923923 0.888443 
0.913955 0.906458 0.867192 0.830035 0.693916 0.682942 0.779291 0.722954 0.627649 0.854404 0.708328 0.735838 0.695632 0.503028 0.335608 0.749896 
110 vad:0.999139
gains: 0.914945 0.984934 0.979281 0.903493 0.978910 0.974263 0.977767 0.973679 0.910766 0.955142 0.971671 0.958053 0.948930 0.889871 0.724270 0.581380 
0.628899 0.479942 0.539039 0.356708 0.269474 0.302846 0.468477 0.454229 0.329705 0.555168 0.371527 0.441195 0.420463 0.240485 0.182168 0.601574 
111 vad:0.998460
gains: 0.951667 0.991916 0.988265 0.939746 0.987063 0.991171 0.967271 0.962822 0.904068 0.908985 0.928202 0.927374 0.917287 0.758023 0.612797 0.526407 
0.747304 0.807096 0.605713 0.218521 0.283973 0.367399 0.445915 0.357680 0.314977 0.607794 0.492898 0.536076 0.387219 0.223557 0.217638 0.538985 
112 vad:0.999725
gains: 0.975680 0.995784 0.997032 0.990976 0.997313 0.995239 0.990260 0.988941 0.996537 0.994543 0.985029 0.979986 0.983694 0.958288 0.913123 0.934989 
0.988583 0.992189 0.984422 0.926050 0.840558 0.907079 0.885247 0.919211 0.924733 0.876536 0.833795 0.875609 0.732442 0.760676 0.845049 0.830110 
113 vad:0.999692
gains: 0.953336 0.995044 0.995194 0.983600 0.997763 0.997320 0.993797 0.984998 0.981788 0.993607 0.990958 0.994536 0.990944 0.980208 0.973566 0.950312 
0.980656 0.990758 0.965538 0.793637 0.584662 0.791866 0.845558 0.889728 0.911681 0.824839 0.798311 0.915899 0.779340 0.714388 0.838631 0.742470 
114 vad:0.999695
gains: 0.941552 0.993055 0.990573 0.957737 0.991668 0.989520 0.980714 0.988368 0.963788 0.978776 0.984008 0.920935 0.923286 0.869153 0.715057 0.692711 
0.903992 0.943953 0.750768 0.283097 0.111785 0.090439 0.182951 0.282302 0.211862 0.365177 0.281170 0.594928 0.602211 0.471310 0.695198 0.485521 
115 vad:0.999775
gains: 0.938104 0.991805 0.989210 0.933303 0.984158 0.987685 0.983379 0.984622 0.971170 0.983380 0.977837 0.984666 0.974873 0.901950 0.766995 0.595499 
0.904324 0.954072 0.878470 0.325676 0.209184 0.217015 0.528102 0.464712 0.372648 0.668347 0.582700 0.690149 0.699097 0.610079 0.730893 0.582678 
116 vad:0.999707
gains: 0.947293 0.991667 0.992840 0.986440 0.993530 0.992607 0.984503 0.976307 0.980277 0.989874 0.987609 0.986136 0.990857 0.971893 0.838690 0.692944 
0.905555 0.858008 0.818352 0.669206 0.475359 0.394789 0.656612 0.802428 0.602047 0.649332 0.586154 0.746040 0.800200 0.754618 0.798722 0.657999 
117 vad:0.995002
gains: 0.973649 0.991466 0.989712 0.966127 0.994392 0.991522 0.976686 0.933743 0.932841 0.960160 0.983277 0.992851 0.990229 0.960553 0.885387 0.873083 
0.941570 0.957012 0.933586 0.906553 0.908407 0.933223 0.950096 0.951297 0.934506 0.928832 0.931383 0.887561 0.915357 0.888188 0.827654 0.902150 
118 vad:0.956258
gains: 0.983324 0.978913 0.984427 0.957323 0.946277 0.987127 0.949303 0.953837 0.985512 0.983747 0.982484 0.983934 0.985070 0.968841 0.930092 0.926892 
0.967134 0.985314 0.976555 0.966563 0.936581 0.956592 0.989368 0.988353 0.978519 0.958790 0.978201 0.973937 0.972626 0.962829 0.895090 0.956230 
119 vad:0.994835
gains: 0.900691 0.958837 0.911184 0.906938 0.955824 0.976837 0.941951 0.911352 0.953280 0.980619 0.975329 0.970149 0.975084 0.981136 0.945090 0.949701 
0.969557 0.973152 0.977950 0.966767 0.933183 0.965540 0.985600 0.975861 0.947980 0.925952 0.964137 0.976576 0.970387 0.963320 0.927386 0.950049 
120 vad:0.998820
gains: 0.896385 0.987162 0.993362 0.985321 0.987145 0.989754 0.941943 0.949119 0.915007 0.925626 0.947633 0.960013 0.946608 0.921018 0.925285 0.916926 
0.945772 0.914346 0.840145 0.845275 0.692405 0.824004 0.968826 0.945307 0.854444 0.864844 0.912816 0.951764 0.954250 0.944988 0.937603 0.888910 
121 vad:0.999714
gains: 0.907230 0.988080 0.992905 0.987927 0.994436 0.995823 0.992710 0.962132 0.889342 0.932280 0.940569 0.966847 0.988153 0.970318 0.950950 0.934019 
0.963092 0.957543 0.883575 0.868850 0.818227 0.784438 0.906141 0.899410 0.819000 0.903079 0.902529 0.949920 0.914912 0.908448 0.903401 0.936867 
122 vad:0.999459
gains: 0.945676 0.994098 0.993165 0.984147 0.996202 0.995031 0.992464 0.978933 0.973962 0.986129 0.990393 0.993682 0.960119 0.967307 0.920548 0.868142 
0.927692 0.946533 0.865849 0.777874 0.664142 0.670227 0.875615 0.857605 0.757914 0.933813 0.918958 0.941242 0.890896 0.788187 0.875483 0.907024 
123 vad:0.998399
gains: 0.959426 0.995530 0.994200 0.989388 0.996134 0.991266 0.988097 0.989228 0.989361 0.993829 0.993190 0.989708 0.994742 0.973848 0.960910 0.938814 
0.938747 0.947940 0.941714 0.908628 0.766747 0.681264 0.842186 0.901850 0.809618 0.884063 0.755911 0.843487 0.924973 0.860183 0.871900 0.829112 
124 vad:0.999450
gains: 0.957556 0.992569 0.991292 0.970842 0.994644 0.993674 0.974559 0.963466 0.962719 0.972925 0.981833 0.983796 0.982218 0.963367 0.942722 0.841973 
0.920033 0.920070 0.860747 0.814788 0.597152 0.601175 0.737586 0.713763 0.565683 0.914164 0.922677 0.925297 0.942213 0.916894 0.873252 0.779029 
125 vad:0.994832
gains: 0.987694 0.997275 0.995916 0.989305 0.996302 0.991178 0.986588 0.952681 0.971858 0.981006 0.971220 0.971483 0.974234 0.955023 0.922157 0.796972 
0.855168 0.885915 0.843513 0.768404 0.566563 0.514928 0.523832 0.628670 0.495560 0.241021 0.137647 0.243756 0.332969 0.440029 0.467704 0.572980 
126 vad:0.978605
gains: 0.989462 0.993889 0.993045 0.984468 0.977349 0.982193 0.964824 0.965728 0.970809 0.974233 0.970465 0.963771 0.957555 0.974876 0.944078 0.865590 
0.853369 0.923267 0.831955 0.688195 0.814488 0.870540 0.859939 0.914329 0.783427 0.617986 0.534042 0.422174 0.464793 0.449254 0.456799 0.711636 
127 vad:0.973931
gains: 0.963697 0.970324 0.933084 0.937821 0.933316 0.942108 0.917312 0.915188 0.950250 0.966146 0.967326 0.965885 0.973642 0.974904 0.956067 0.940000 
0.945916 0.970067 0.961979 0.757377 0.919888 0.953980 0.968623 0.977076 0.924008 0.767292 0.683954 0.690551 0.813675 0.826523 0.807275 0.897554 
128 vad:0.983997
gains: 0.942235 0.936214 0.838026 0.916824 0.958671 0.968498 0.950366 0.939853 0.944089 0.975449 0.978456 0.992370 0.986300 0.985819 0.985358 0.970896 
0.985488 0.991993 0.985483 0.942929 0.934670 0.928316 0.955421 0.983264 0.954448 0.827354 0.793340 0.850550 0.883769 0.904460 0.905067 0.968447 
129 vad:0.974615
gains: 0.956782 0.924338 0.826552 0.940736 0.957348 0.955837 0.920723 0.938774 0.939873 0.986963 0.977394 0.988948 0.992118 0.987811 0.985517 0.969647 
0.978257 0.985774 0.973308 0.919553 0.883859 0.940827 0.968612 0.972131 0.932806 0.915493 0.830306 0.850198 0.911596 0.908426 0.903745 0.980215 
130 vad:0.900033
gains: 0.940938 0.924064 0.895632 0.952528 0.952921 0.933112 0.856607 0.918961 0.932785 0.982238 0.982480 0.988424 0.991714 0.994112 0.986068 0.959898 
0.979882 0.983767 0.981514 0.963205 0.942247 0.947678 0.966540 0.972098 0.958411 0.929607 0.875852 0.901184 0.945652 0.964023 0.968810 0.954119 
131 vad:0.712489
gains: 0.956221 0.925116 0.890448 0.908689 0.883603 0.840673 0.834526 0.799994 0.891619 0.923331 0.921107 0.949270 0.914166 0.933311 0.900013 0.778717 
0.899406 0.934482 0.953242 0.945839 0.929444 0.879716 0.876922 0.905122 0.886079 0.867476 0.902514 0.931801 0.946066 0.955543 0.937930 0.900470 
132 vad:0.511300
gains: 0.904360 0.911030 0.919943 0.814026 0.759755 0.783727 0.736037 0.659713 0.736718 0.756864 0.799027 0.808020 0.818398 0.826438 0.816659 0.715165 
0.803564 0.867139 0.878074 0.859111 0.842032 0.831074 0.845629 0.867231 0.843906 0.846578 0.856254 0.880634 0.877123 0.895393 0.871648 0.832741 
133 vad:0.361311
gains: 0.840630 0.838475 0.842254 0.697924 0.685335 0.690784 0.653837 0.570799 0.613951 0.654025 0.729304 0.717301 0.691038 0.717762 0.739318 0.631955 
0.699011 0.794883 0.816677 0.771032 0.763735 0.767679 0.778246 0.794612 0.768821 0.780577 0.770195 0.800535 0.808481 0.832073 0.812988 0.787392 
134 vad:0.191963
gains: 0.755477 0.745764 0.730727 0.576331 0.587107 0.611735 0.588393 0.520474 0.538945 0.564554 0.629837 0.611441 0.576384 0.619509 0.655070 0.559448 
0.630384 0.720363 0.742648 0.668763 0.688559 0.713141 0.727355 0.747303 0.723042 0.720521 0.676526 0.712091 0.718191 0.770081 0.740953 0.688600 
135 vad:0.073359
gains: 0.672833 0.666383 0.637139 0.481666 0.509680 0.550091 0.539255 0.475293 0.481397 0.505025 0.567525 0.547098 0.513188 0.558793 0.598003 0.523041 
0.596511 0.681965 0.682198 0.586701 0.609910 0.648848 0.673030 0.689953 0.666140 0.670109 0.612459 0.639277 0.643306 0.692813 0.672010 0.589179 
136 vad:0.033303
gains: 0.606888 0.585065 0.556422 0.434847 0.480231 0.532399 0.523259 0.460894 0.471150 0.497057 0.544040 0.516384 0.492445 0.528159 0.566917 0.499799 
0.569373 0.651825 0.646721 0.538429 0.568610 0.603877 0.628569 0.654495 0.626737 0.627505 0.569497 0.587252 0.590775 0.640506 0.626261 0.526828 
137 vad:0.018080
gains: 0.568136 0.542631 0.516925 0.424723 0.481014 0.538550 0.524231 0.460989 0.478762 0.503967 0.534742 0.502708 0.488918 0.512687 0.548168 0.483816 
0.552259 0.629052 0.624578 0.507568 0.544527 0.567194 0.592959 0.629471 0.598464 0.596943 0.539083 0.551060 0.557112 0.603547 0.599050 0.484994 
138 vad:0.011717
gains: 0.547014 0.523897 0.501146 0.430865 0.494426 0.548876 0.527369 0.461870 0.488145 0.513339 0.529710 0.495996 0.491262 0.507294 0.540561 0.479421 
0.545161 0.615140 0.615542 0.495808 0.537424 0.556012 0.578654 0.617462 0.580659 0.578794 0.519990 0.527041 0.535030 0.576329 0.578726 0.455402 
139 vad:0.008378
gains: 0.535509 0.515527 0.494561 0.439579 0.507793 0.556247 0.526648 0.460941 0.497292 0.522027 0.525736 0.490161 0.492222 0.503322 0.534839 0.477179 
0.542838 0.607147 0.612630 0.490967 0.535955 0.554929 0.573339 0.610655 0.568841 0.568124 0.507354 0.510324 0.519519 0.556426 0.563518 0.435185 
140 vad:0.006469
gains: 0.532404 0.515012 0.495300 0.450356 0.520544 0.562859 0.525864 0.461463 0.508245 0.532406 0.525215 0.487382 0.494132 0.501749 0.531043 0.476767 
0.543884 0.603572 0.612866 0.490603 0.537576 0.559328 0.574000 0.607828 0.561622 0.563231 0.500153 0.499302 0.508860 0.541425 0.551014 0.419240 
141 vad:0.005210
gains: 0.533326 0.517437 0.498562 0.460023 0.530828 0.567628 0.524780 0.462326 0.518698 0.541778 0.525577 0.485491 0.495157 0.500412 0.527758 0.476410 
0.545249 0.601363 0.613950 0.491394 0.539462 0.565142 0.577025 0.607395 0.557986 0.561819 0.495874 0.491737 0.501060 0.530110 0.541166 0.407151 
142 vad:0.004225
gains: 0.536421 0.520898 0.502618 0.468050 0.538386 0.570591 0.523544 0.462975 0.527356 0.548597 0.525132 0.483292 0.494970 0.498869 0.524545 0.475212 
0.545376 0.598650 0.614303 0.491735 0.540392 0.570128 0.580034 0.607567 0.555925 0.561677 0.492881 0.485852 0.494529 0.520469 0.532274 0.396481 
143 vad:0.003650
gains: 0.540020 0.524009 0.505809 0.473663 0.543345 0.571768 0.521803 0.462708 0.533489 0.552296 0.523259 0.480370 0.493542 0.496943 0.521283 0.472948 
0.543733 0.594634 0.613363 0.490949 0.539816 0.573162 0.581657 0.607500 0.554589 0.561433 0.489661 0.480315 0.488063 0.511703 0.523968 0.387045 
144 vad:0.003263
gains: 0.543359 0.526514 0.508164 0.477413 0.546443 0.571661 0.519723 0.461814 0.537509 0.553434 0.520244 0.476989 0.491380 0.494870 0.518107 0.469902 
0.540478 0.589343 0.611624 0.489392 0.538096 0.574362 0.581761 0.606922 0.553447 0.560589 0.485961 0.474813 0.481511 0.503513 0.516258 0.378601 
145 vad:0.002875
gains: 0.546144 0.528033 0.509114 0.479392 0.548047 0.570595 0.517360 0.460316 0.539777 0.552616 0.516546 0.473404 0.488719 0.492681 0.515013 0.466223 
0.536029 0.583292 0.609528 0.487552 0.535720 0.574160 0.580419 0.605793 0.552587 0.559237 0.481834 0.469481 0.475045 0.496064 0.509237 0.371241 
146 vad:0.002524
gains: 0.547936 0.528574 0.508943 0.480007 0.548555 0.568675 0.514611 0.458304 0.540669 0.550376 0.512444 0.469859 0.485939 0.490571 0.512002 0.462014 
0.530607 0.576611 0.606982 0.485119 0.532365 0.572364 0.577788 0.604193 0.551714 0.557223 0.477183 0.464114 0.468562 0.489199 0.502884 0.364820 
147 vad:0.002209
gains: 0.549011 0.528253 0.507581 0.479522 0.548157 0.566250 0.511743 0.456083 0.540582 0.547238 0.508425 0.466719 0.483239 0.488473 0.508899 0.457280 
0.524485 0.569517 0.604203 0.482566 0.528568 0.569452 0.574191 0.602147 0.550868 0.554805 0.472391 0.459091 0.462498 0.483134 0.497296 0.359293 
148 vad:0.002019
gains: 0.549278 0.527261 0.505557 0.478444 0.547301 0.563528 0.508799 0.453790 0.539891 0.543676 0.504712 0.464131 0.481001 0.486707 0.506005 0.452355 
0.518051 0.562467 0.601321 0.480069 0.524504 0.565688 0.570002 0.600143 0.550282 0.552218 0.467724 0.454540 0.457075 0.478134 0.492826 0.354871 
149 vad:0.001811
gains: 0.549004 0.525721 0.503068 0.477028 0.546167 0.560776 0.506101 0.451727 0.538905 0.539994 0.501478 0.462156 0.479103 0.484993 0.502858 0.446940 
0.511392 0.555549 0.598300 0.477515 0.520101 0.561103 0.565473 0.598096 0.549927 0.549677 0.463408 0.450568 0.452338 0.473976 0.489110 0.351176 
150 vad:0.001675
gains: 0.548292 0.523755 0.500118 0.475214 0.544696 0.557909 0.503446 0.449747 0.537669 0.536265 0.498645 0.460655 0.477508 0.483361 0.499677 0.441479 
0.504812 0.548937 0.595255 0.474989 0.515527 0.556194 0.561064 0.596428 0.549948 0.547366 0.459590 0.447263 0.448392 0.470743 0.486250 0.348166 
151 vad:0.001533
gains: 0.547334 0.521517 0.497025 0.473460 0.543215 0.555198 0.501095 0.448058 0.536444 0.532798 0.496400 0.459747 0.476328 0.481876 0.496406 0.435842 
0.498317 0.542646 0.592128 0.472561 0.510949 0.550958 0.556919 0.595157 0.550386 0.545402 0.456441 0.444636 0.445252 0.468384 0.484209 0.345905 
152 vad:0.001425
gains: 0.546297 0.519285 0.493894 0.471627 0.541652 0.552540 0.498889 0.446602 0.535260 0.529594 0.494585 0.459225 0.475417 0.480398 0.493038 0.430276 
0.492144 0.536801 0.589072 0.470293 0.506464 0.545718 0.553047 0.594195 0.551120 0.543874 0.453935 0.442655 0.442835 0.466669 0.482667 0.344056 
153 vad:0.001285
gains: 0.545173 0.516839 0.490641 0.469835 0.540069 0.550137 0.497089 0.445478 0.534168 0.526568 0.492991 0.458820 0.474530 0.478845 0.489480 0.424735 
0.486273 0.531276 0.586035 0.468028 0.501980 0.540561 0.549583 0.593546 0.552093 0.542738 0.452001 0.441171 0.440917 0.465387 0.481597 0.342674 
154 vad:0.001187
gains: 0.544161 0.514575 0.487708 0.468338 0.538684 0.548003 0.495533 0.444595 0.533189 0.523844 0.491720 0.458627 0.473786 0.477324 0.485959 0.419364 
0.480704 0.526208 0.583200 0.466018 0.497741 0.535584 0.546504 0.593091 0.553087 0.541774 0.450406 0.439921 0.439321 0.464407 0.480791 0.341641 
155 vad:0.001111
gains: 0.543314 0.512396 0.484777 0.466854 0.537173 0.545967 0.494164 0.443863 0.532320 0.521322 0.490585 0.458477 0.473081 0.475823 0.482454 0.414254 
0.475494 0.521467 0.580423 0.463998 0.493524 0.530785 0.543819 0.592788 0.554075 0.541053 0.449142 0.438910 0.438011 0.463593 0.480089 0.340751 
156 vad:0.001091
gains: 0.542630 0.510319 0.482050 0.465533 0.535772 0.544100 0.492977 0.443244 0.531399 0.518919 0.489531 0.458247 0.472247 0.474159 0.478835 0.409208 
0.470405 0.516853 0.577667 0.462075 0.489563 0.526259 0.541334 0.592516 0.555025 0.540535 0.448143 0.438066 0.436859 0.462892 0.479510 0.340102 
157 vad:0.000921
gains: 0.542162 0.508415 0.479441 0.464291 0.534262 0.542304 0.491963 0.442863 0.530720 0.516762 0.488555 0.458009 0.471483 0.472598 0.475338 0.404481 
0.465653 0.512516 0.575141 0.460344 0.485815 0.521972 0.539130 0.592293 0.555923 0.540131 0.447315 0.437289 0.435803 0.462165 0.478894 0.339513 
158 vad:0.001020
gains: 0.542062 0.506799 0.477072 0.463275 0.532854 0.540693 0.491125 0.442624 0.530111 0.514680 0.487537 0.457683 0.470741 0.471150 0.472041 0.400043 
0.461218 0.508631 0.572946 0.458872 0.482386 0.517998 0.537205 0.592058 0.556597 0.539732 0.446557 0.436512 0.434789 0.461383 0.478252 0.338984 
159 vad:0.000898
gains: 0.542159 0.505252 0.474860 0.462390 0.531444 0.539136 0.490348 0.442442 0.529452 0.512652 0.486465 0.457207 0.469867 0.469635 0.468768 0.395798 
0.456877 0.504763 0.570723 0.457316 0.479008 0.514062 0.535225 0.591618 0.556992 0.539215 0.445688 0.435608 0.433667 0.460484 0.477471 0.338421 
160 vad:0.000841
gains: 0.542345 0.503822 0.472731 0.461547 0.530029 0.537615 0.489631 0.442277 0.528859 0.510699 0.485352 0.456622 0.468996 0.468218 0.465740 0.391953 
0.452941 0.501345 0.568734 0.455874 0.475849 0.510406 0.533523 0.591230 0.557333 0.538811 0.444930 0.434743 0.432585 0.459518 0.476635 0.337881 
161 vad:0.000907
gains: 0.542803 0.502559 0.470805 0.460917 0.528684 0.536184 0.488906 0.442155 0.528287 0.508769 0.484134 0.455925 0.468119 0.466875 0.462924 0.388360 
0.449087 0.497999 0.566996 0.454601 0.472885 0.506977 0.531908 0.590765 0.557460 0.538269 0.444052 0.433778 0.431417 0.458476 0.475725 0.337345 
162 vad:0.000760
gains: 0.543446 0.501468 0.469095 0.460415 0.527488 0.534966 0.488385 0.442203 0.527882 0.507054 0.483024 0.455295 0.467344 0.465647 0.460224 0.385037 
0.445559 0.494984 0.565438 0.453513 0.470197 0.503717 0.530294 0.590206 0.557507 0.537801 0.443326 0.432896 0.430317 0.457410 0.474787 0.336808 
163 vad:0.000724
gains: 0.544355 0.500630 0.467533 0.459985 0.526200 0.533634 0.487714 0.442150 0.527420 0.505333 0.481866 0.454631 0.466661 0.464549 0.457789 0.382013 
0.442214 0.492137 0.564153 0.452626 0.467710 0.500612 0.528705 0.589465 0.557274 0.537128 0.442369 0.431860 0.429127 0.456243 0.473732 0.336161 
164 vad:0.000862
gains: 0.545262 0.499793 0.466050 0.459653 0.525074 0.532490 0.487142 0.442131 0.526921 0.503537 0.480546 0.453811 0.465848 0.463452 0.455516 0.379124 
0.438878 0.489309 0.562849 0.451640 0.465216 0.497568 0.527121 0.588642 0.556839 0.536404 0.441373 0.430783 0.427897 0.455056 0.472692 0.335563 
165 vad:0.000657
gains: 0.546300 0.499038 0.464702 0.459474 0.524012 0.531331 0.486514 0.442103 0.526438 0.501823 0.479253 0.453030 0.465156 0.462510 0.453482 0.376550 
0.435835 0.486718 0.561757 0.450824 0.462953 0.494733 0.525557 0.587734 0.556343 0.535654 0.440344 0.429694 0.426676 0.453874 0.471647 0.334972 
166 vad:0.000617
gains: 0.547460 0.498479 0.463562 0.459457 0.523041 0.530283 0.485833 0.441995 0.525897 0.500097 0.477916 0.452239 0.464544 0.461646 0.451624 0.374205 
0.432933 0.484363 0.560918 0.450149 0.460888 0.492013 0.524035 0.586808 0.555792 0.534870 0.439294 0.428587 0.425443 0.452595 0.470499 0.334327 
167 vad:0.000675
gains: 0.548670 0.498072 0.462525 0.459495 0.522154 0.529295 0.485166 0.441905 0.525400 0.498420 0.476534 0.451398 0.463940 0.460812 0.449866 0.371970 
0.430119 0.482105 0.560128 0.449506 0.458823 0.489354 0.522421 0.585646 0.555011 0.534008 0.438200 0.427453 0.424195 0.451343 0.469419 0.333706 
168 vad:0.000682
gains: 0.550041 0.497743 0.461675 0.459692 0.521466 0.528547 0.484519 0.441782 0.524895 0.496804 0.475189 0.450563 0.463337 0.459998 0.448292 0.369953 
0.427446 0.479900 0.559438 0.448923 0.456940 0.486884 0.520978 0.584593 0.554254 0.533108 0.437053 0.426259 0.422918 0.450087 0.468335 0.333048 
169 vad:0.000686
gains: 0.551279 0.497351 0.460782 0.459756 0.520586 0.527606 0.483672 0.441492 0.524271 0.495093 0.473749 0.449650 0.462713 0.459153 0.446754 0.368005 
0.424716 0.477697 0.558822 0.448339 0.455024 0.484384 0.519302 0.583243 0.553217 0.531975 0.435653 0.424932 0.421506 0.448682 0.467115 0.332357 
170 vad:0.000671
gains: 0.552549 0.497018 0.460002 0.459994 0.519908 0.526834 0.482887 0.441285 0.523662 0.493399 0.472303 0.448838 0.462246 0.458454 0.445377 0.366188 
0.422159 0.475679 0.558298 0.447835 0.453201 0.481963 0.517711 0.581943 0.552218 0.530862 0.434314 0.423659 0.420113 0.447331 0.465930 0.331646 
171 vad:0.000523
gains: 0.553940 0.496979 0.459529 0.460466 0.519535 0.526359 0.482214 0.441121 0.523154 0.491865 0.470950 0.448045 0.461792 0.457820 0.444251 0.364622 
0.419828 0.473821 0.557997 0.447463 0.451599 0.479802 0.516216 0.580658 0.551178 0.529807 0.433049 0.422412 0.418825 0.446063 0.464842 0.331049 
172 vad:0.000537
gains: 0.555541 0.497022 0.459121 0.461019 0.519174 0.525922 0.481515 0.440921 0.522667 0.490436 0.469703 0.447309 0.461347 0.457176 0.443081 0.363101 
0.417532 0.472057 0.557730 0.447107 0.449996 0.477701 0.514737 0.579296 0.550046 0.528685 0.431789 0.421177 0.417567 0.444762 0.463720 0.330387 
173 vad:0.000610
gains: 0.556910 0.496903 0.458619 0.461414 0.518669 0.525336 0.480623 0.440541 0.521963 0.488779 0.468253 0.446467 0.460874 0.456560 0.442100 0.361712 
0.415295 0.470283 0.557404 0.446581 0.448217 0.475423 0.513130 0.577803 0.548725 0.527413 0.430344 0.419838 0.416223 0.443469 0.462653 0.329768 
174 vad:0.000664
gains: 0.558433 0.497044 0.458388 0.462026 0.518383 0.524994 0.479816 0.440255 0.521415 0.487343 0.466987 0.445791 0.460599 0.456053 0.441186 0.360455 
0.413157 0.468688 0.557211 0.446301 0.446792 0.473581 0.511800 0.576506 0.547619 0.526302 0.429095 0.418693 0.415073 0.442349 0.461670 0.329267 
175 vad:0.000482
gains: 0.559852 0.497112 0.458172 0.462672 0.518116 0.524642 0.478908 0.439799 0.520664 0.485741 0.465542 0.444925 0.460107 0.455393 0.440207 0.359118 
0.411037 0.467013 0.556978 0.445930 0.445232 0.471578 0.510294 0.575023 0.546246 0.524973 0.427703 0.417420 0.413788 0.441079 0.460593 0.328653 
176 vad:0.000461
gains: 0.561327 0.497295 0.458108 0.463361 0.517970 0.524424 0.478106 0.439476 0.520091 0.484379 0.464339 0.444191 0.459674 0.454810 0.439402 0.357987 
0.409049 0.465557 0.556869 0.445650 0.443836 0.469753 0.508838 0.573537 0.544908 0.523699 0.426407 0.416288 0.412645 0.439951 0.459621 0.328188 
177 vad:0.000501
gains: 0.562740 0.497490 0.458087 0.464064 0.517805 0.524167 0.477197 0.438958 0.519341 0.482883 0.463007 0.443381 0.459166 0.454115 0.438481 0.356817 
0.407135 0.464097 0.556548 0.445157 0.442300 0.467942 0.507497 0.572109 0.543476 0.522333 0.425030 0.415038 0.411480 0.438832 0.458680 0.327705 
178 vad:0.000537
gains: 0.564204 0.497634 0.458035 0.464772 0.517573 0.523870 0.476246 0.438470 0.518664 0.481547 0.461818 0.442634 0.458738 0.453498 0.437605 0.355791 
0.405258 0.462677 0.556271 0.444756 0.440859 0.466252 0.506149 0.570631 0.541981 0.520909 0.423678 0.413842 0.410345 0.437715 0.457717 0.327185 
179 vad:0.000429
gains: 0.565692 0.498011 0.458330 0.465772 0.517654 0.523801 0.475462 0.438145 0.518131 0.480334 0.460752 0.442058 0.458442 0.453079 0.437013 0.354938 
0.403681 0.461505 0.556193 0.444488 0.439622 0.464826 0.505026 0.569288 0.540562 0.519621 0.422501 0.412875 0.409478 0.436867 0.456957 0.326816 
180 vad:0.000465
gains: 0.566939 0.498116 0.458370 0.466454 0.517427 0.523557 0.474548 0.437564 0.517398 0.479013 0.459563 0.441197 0.457828 0.452386 0.436139 0.353966 
0.402004 0.460198 0.555870 0.444108 0.438342 0.463408 0.503805 0.567792 0.538997 0.518311 0.421361 0.411931 0.408607 0.436024 0.456232 0.326483 
181 vad:0.000586
gains: 0.568405 0.498503 0.458716 0.467389 0.517369 0.523400 0.473710 0.437116 0.516712 0.477772 0.458507 0.440569 0.457428 0.451893 0.435447 0.353045 
0.400394 0.459015 0.555559 0.443662 0.437002 0.461953 0.502629 0.566372 0.537436 0.516911 0.420184 0.410958 0.407732 0.435170 0.455469 0.326096 
182 vad:0.000394
gains: 0.569757 0.498691 0.458897 0.468221 0.517192 0.523148 0.472842 0.436639 0.516102 0.476609 0.457462 0.439849 0.456933 0.451346 0.434812 0.352314 
0.399014 0.457922 0.555353 0.443422 0.436000 0.460879 0.501707 0.565133 0.536052 0.515698 0.419187 0.410153 0.407039 0.434510 0.454876 0.325864 
183 vad:0.000490
gains: 0.571021 0.498888 0.459111 0.469035 0.516944 0.522827 0.471917 0.436028 0.515319 0.475341 0.456369 0.439076 0.456388 0.450757 0.434057 0.351482 
0.397545 0.456807 0.554985 0.443006 0.434828 0.459623 0.500523 0.563626 0.534438 0.514363 0.418135 0.409294 0.406284 0.433792 0.454174 0.325458 
184 vad:0.000549
gains: 0.572357 0.499184 0.459455 0.469944 0.516776 0.522547 0.471022 0.435440 0.514593 0.474205 0.455387 0.438358 0.455844 0.450175 0.433381 0.350811 
0.396297 0.455846 0.554726 0.442660 0.433755 0.458541 0.499609 0.562306 0.532884 0.513131 0.417199 0.408607 0.405747 0.433263 0.453683 0.325198 
185 vad:0.000413
gains: 0.573574 0.499415 0.459817 0.470851 0.516519 0.522173 0.470150 0.434897 0.513898 0.473065 0.454354 0.437572 0.455276 0.449529 0.432584 0.350039 
0.394936 0.454723 0.554237 0.442263 0.432663 0.457390 0.498613 0.560945 0.531339 0.511833 0.416242 0.407900 0.405169 0.432751 0.453186 0.325003 
186 vad:0.000511
gains: 0.574799 0.499611 0.460069 0.471612 0.516137 0.521716 0.469262 0.434287 0.513125 0.471909 0.453369 0.436848 0.454714 0.448937 0.431842 0.349430 
0.393755 0.453796 0.553881 0.441902 0.431670 0.456342 0.497663 0.559581 0.529760 0.510617 0.415405 0.407340 0.404771 0.432294 0.452730 0.324769 
187 vad:0.000462
gains: 0.576060 0.499933 0.460506 0.472551 0.515898 0.521390 0.468508 0.433794 0.512453 0.470867 0.452456 0.436171 0.454211 0.448411 0.431177 0.348803 
0.392583 0.452851 0.553498 0.441547 0.430703 0.455359 0.496791 0.558297 0.528214 0.509375 0.414567 0.406726 0.404326 0.431863 0.452316 0.324504 
188 vad:0.000532
gains: 0.577241 0.500217 0.460820 0.473324 0.515529 0.520961 0.467715 0.433229 0.511734 0.469776 0.451526 0.435412 0.453613 0.447764 0.430399 0.348168 
0.391471 0.451891 0.553048 0.441171 0.429752 0.454349 0.495815 0.556931 0.526656 0.508172 0.413744 0.406193 0.403943 0.431506 0.451944 0.324288 
189 vad:0.000451
gains: 0.578313 0.500331 0.461094 0.474137 0.515146 0.520483 0.466925 0.432647 0.511031 0.468783 0.450719 0.434817 0.453182 0.447235 0.429665 0.347562 
0.390352 0.450868 0.552623 0.440870 0.428895 0.453524 0.495193 0.555870 0.525340 0.507161 0.413066 0.405836 0.403720 0.431328 0.451729 0.324190 
190 vad:0.000398
gains: 0.579427 0.500575 0.461420 0.474887 0.514698 0.519926 0.466103 0.431993 0.510199 0.467632 0.449715 0.434051 0.452569 0.446622 0.428962 0.347061 
0.389368 0.450010 0.552195 0.440530 0.428024 0.452688 0.494392 0.554624 0.523897 0.506111 0.412421 0.405410 0.403483 0.430995 0.451363 0.323904 
191 vad:0.000484
gains: 0.580396 0.500740 0.461724 0.475644 0.514313 0.519431 0.465330 0.431460 0.509530 0.466657 0.448870 0.433338 0.451962 0.445915 0.428191 0.346478 
0.388328 0.449166 0.551801 0.440233 0.427210 0.451917 0.493700 0.553468 0.522494 0.505040 0.411722 0.404995 0.403200 0.430757 0.451059 0.323715 
192 vad:0.000423
gains: 0.581532 0.500995 0.462027 0.476403 0.513873 0.518897 0.464636 0.430920 0.508869 0.465681 0.448015 0.432680 0.451453 0.445347 0.427558 0.346052 
0.387472 0.448339 0.551425 0.439967 0.426444 0.451118 0.492999 0.552389 0.521251 0.504146 0.411228 0.404786 0.403128 0.430659 0.450899 0.323588 
193 vad:0.000334
gains: 0.582512 0.501300 0.462462 0.477159 0.513451 0.518422 0.463997 0.430404 0.508212 0.464795 0.447268 0.432055 0.450925 0.444696 0.426729 0.345546 
0.386574 0.447454 0.550933 0.439623 0.425635 0.450306 0.492386 0.551338 0.519950 0.503193 0.410650 0.404476 0.402989 0.430480 0.450669 0.323353 
194 vad:0.000384
gains: 0.583544 0.501554 0.462791 0.477839 0.512920 0.517771 0.463166 0.429725 0.507435 0.463781 0.446419 0.431377 0.450358 0.444036 0.426023 0.345123 
0.385707 0.446616 0.550500 0.439336 0.424907 0.449717 0.491912 0.550386 0.518790 0.502367 0.410209 0.404330 0.403004 0.430484 0.450587 0.323266 
195 vad:0.000367
gains: 0.584461 0.501800 0.463134 0.478550 0.512448 0.517200 0.462524 0.429168 0.506754 0.462856 0.445616 0.430801 0.449943 0.443473 0.425351 0.344718 
0.384977 0.445927 0.550117 0.439052 0.424164 0.449006 0.491297 0.549321 0.517557 0.501534 0.409767 0.404134 0.402975 0.430368 0.450397 0.323077 
196 vad:0.000380
gains: 0.585353 0.501972 0.463359 0.479123 0.511889 0.516561 0.461786 0.428576 0.506055 0.461903 0.444841 0.430185 0.449402 0.442780 0.424607 0.344304 
0.384133 0.445060 0.549632 0.438747 0.423437 0.448332 0.490794 0.548394 0.516386 0.500710 0.409317 0.403983 0.402981 0.430336 0.450255 0.322863 
197 vad:0.000446
gains: 0.586330 0.502332 0.463858 0.479923 0.511540 0.516097 0.461246 0.428078 0.505457 0.461080 0.444161 0.429665 0.448953 0.442151 0.423839 0.343886 
0.383404 0.444296 0.549196 0.438419 0.422684 0.447630 0.490253 0.547466 0.515253 0.499911 0.408920 0.403849 0.403034 0.430323 0.450175 0.322753 
198 vad:0.000442
gains: 0.587127 0.502498 0.464130 0.480520 0.510998 0.515418 0.460508 0.427432 0.504707 0.460105 0.443317 0.428966 0.448357 0.441394 0.423086 0.343475 
0.382588 0.443424 0.548667 0.438049 0.421902 0.446926 0.489735 0.546555 0.514193 0.499161 0.408504 0.403746 0.403107 0.430358 0.450103 0.322582 
199 vad:0.000396
gains: 0.588102 0.502867 0.464527 0.481162 0.510504 0.514832 0.459923 0.426917 0.504060 0.459255 0.442621 0.428454 0.447903 0.440697 0.422273 0.343154 
0.381994 0.442746 0.548215 0.437656 0.421131 0.446309 0.489291 0.545674 0.513094 0.498426 0.408141 0.403646 0.403182 0.430328 0.449953 0.322374 
200 vad:0.000430
gains: 0.589040 0.503158 0.464858 0.481730 0.509921 0.514149 0.459242 0.426339 0.503392 0.458402 0.441918 0.427861 0.447398 0.440034 0.421584 0.342834 
0.381274 0.441999 0.547821 0.437404 0.420534 0.445786 0.488894 0.544839 0.512138 0.497811 0.407873 0.403681 0.403388 0.430475 0.449973 0.322260 
201 vad:0.000372
gains: 0.589910 0.503475 0.465183 0.482374 0.509482 0.513561 0.458691 0.425818 0.502758 0.457537 0.441198 0.427320 0.446917 0.439333 0.420835 0.342606 
0.380739 0.441292 0.547338 0.437010 0.419815 0.445224 0.488572 0.544127 0.511206 0.497201 0.407616 0.403752 0.403620 0.430631 0.449973 0.322098 
202 vad:0.000341
gains: 0.590805 0.503751 0.465518 0.482909 0.508934 0.512995 0.458181 0.425375 0.502159 0.456748 0.440526 0.426790 0.446521 0.438725 0.420129 0.342334 
0.380164 0.440586 0.546933 0.436737 0.419216 0.444756 0.488278 0.543410 0.510316 0.496632 0.407402 0.403780 0.403823 0.430716 0.449932 0.321941 
203 vad:0.000521
gains: 0.591591 0.503980 0.465770 0.483383 0.508352 0.512246 0.457498 0.424774 0.501498 0.455901 0.439832 0.426295 0.446073 0.438004 0.419377 0.342027 
0.379521 0.439883 0.546509 0.436392 0.418524 0.444212 0.487998 0.542754 0.509475 0.496082 0.407205 0.403809 0.404015 0.430818 0.449895 0.321736 
204 vad:0.000310
gains: 0.592335 0.504255 0.466148 0.484023 0.507953 0.511692 0.456954 0.424275 0.500876 0.455068 0.439128 0.425767 0.445627 0.437292 0.418639 0.341790 
0.379020 0.439275 0.546083 0.436031 0.417891 0.443727 0.487679 0.542060 0.508633 0.495577 0.407039 0.403935 0.404306 0.430958 0.449878 0.321609 
205 vad:0.000355
gains: 0.593240 0.504638 0.466501 0.484536 0.507416 0.511070 0.456412 0.423773 0.500333 0.454378 0.438586 0.425373 0.445258 0.436639 0.417984 0.341599 
0.378512 0.438575 0.545709 0.435785 0.417326 0.443318 0.487510 0.541513 0.507889 0.495070 0.406872 0.404040 0.404572 0.431124 0.449876 0.321417 
206 vad:0.000344
gains: 0.594110 0.505029 0.466893 0.485132 0.507025 0.510507 0.455949 0.423360 0.499792 0.453637 0.437958 0.424916 0.444826 0.435912 0.417236 0.341417 
0.378128 0.437966 0.545279 0.435451 0.416761 0.442953 0.487316 0.540918 0.507167 0.494634 0.406753 0.404198 0.404893 0.431325 0.449898 0.321267 
207 vad:0.000283
gains: 0.594810 0.505227 0.467144 0.485604 0.506549 0.509878 0.455419 0.422867 0.499188 0.452846 0.437314 0.424419 0.444380 0.435198 0.416456 0.341168 
0.377635 0.437314 0.544877 0.435098 0.416146 0.442516 0.487110 0.540395 0.506520 0.494283 0.406722 0.404428 0.405241 0.431546 0.449882 0.321001 
208 vad:0.000342
gains: 0.595644 0.505633 0.467575 0.486220 0.506167 0.509353 0.454983 0.422462 0.498675 0.452209 0.436772 0.424035 0.444034 0.434526 0.415773 0.341079 
0.377228 0.436672 0.544528 0.434824 0.415593 0.442187 0.486925 0.539830 0.505839 0.493858 0.406644 0.404600 0.405568 0.431732 0.449890 0.320839 
209 vad:0.000432
gains: 0.596363 0.505864 0.467838 0.486685 0.505665 0.508720 0.454448 0.421958 0.498099 0.451439 0.436123 0.423511 0.443528 0.433770 0.415027 0.340854 
0.376728 0.436055 0.544131 0.434428 0.415046 0.441826 0.486751 0.539350 0.505219 0.493481 0.406563 0.404803 0.405926 0.431926 0.449859 0.320628 
210 vad:0.000415
gains: 0.597174 0.506269 0.468243 0.487285 0.505369 0.508219 0.454061 0.421615 0.497610 0.450801 0.435612 0.423171 0.443195 0.433080 0.414320 0.340702 
0.376374 0.435486 0.543778 0.434114 0.414518 0.441483 0.486628 0.538919 0.504671 0.493140 0.406532 0.405052 0.406302 0.432151 0.449827 0.320375 
211 vad:0.000445
gains: 0.597938 0.506575 0.468499 0.487715 0.504838 0.507513 0.453509 0.421112 0.497051 0.450091 0.435041 0.422757 0.442787 0.432356 0.413606 0.340579 
0.375960 0.434871 0.543418 0.433840 0.413960 0.441142 0.486428 0.538394 0.504052 0.492727 0.406384 0.405128 0.406578 0.432271 0.449667 0.320039 
212 vad:0.000355
gains: 0.598601 0.506774 0.468701 0.488134 0.504436 0.506956 0.453021 0.420666 0.496532 0.449400 0.434467 0.422359 0.442431 0.431604 0.412827 0.340332 
0.375466 0.434179 0.542948 0.433374 0.413384 0.440821 0.486216 0.537896 0.503517 0.492440 0.406419 0.405468 0.407025 0.432576 0.449696 0.319869 
213 vad:0.000411
gains: 0.599302 0.507137 0.469055 0.488585 0.503989 0.506366 0.452582 0.420245 0.496039 0.448805 0.434028 0.422009 0.442035 0.430894 0.412214 0.340272 
0.375176 0.433765 0.542665 0.433157 0.412988 0.440605 0.486174 0.537533 0.503035 0.492128 0.406399 0.405723 0.407431 0.432854 0.449672 0.319594 
214 vad:0.000297
gains: 0.599975 0.507378 0.469268 0.489034 0.503662 0.505812 0.452155 0.419834 0.495519 0.448098 0.433410 0.421571 0.441609 0.430090 0.411387 0.340074 
0.374787 0.433104 0.542246 0.432746 0.412423 0.440286 0.485984 0.537096 0.502586 0.491881 0.406439 0.405990 0.407820 0.433020 0.449569 0.319278 
215 vad:0.000260
gains: 0.600533 0.507571 0.469497 0.489444 0.503287 0.505286 0.451785 0.419493 0.495092 0.447533 0.432982 0.421323 0.441315 0.429396 0.410681 0.339975 
0.374456 0.432617 0.541979 0.432476 0.412015 0.440053 0.485931 0.536802 0.502168 0.491684 0.406527 0.406318 0.408276 0.433296 0.449520 0.319003 
216 vad:0.000357
gains: 0.601084 0.507782 0.469713 0.489881 0.502913 0.504698 0.451367 0.419091 0.494599 0.446852 0.432406 0.420903 0.440918 0.428649 0.409970 0.339857 
0.374136 0.432077 0.541676 0.432150 0.411558 0.439945 0.485908 0.536506 0.501824 0.491459 0.406563 0.406585 0.408688 0.433505 0.449422 0.318689 
217 vad:0.000379
gains: 0.601666 0.508006 0.469969 0.490263 0.502548 0.504207 0.450952 0.418749 0.494204 0.446338 0.431971 0.420615 0.440604 0.427952 0.409305 0.339747 
0.373842 0.431552 0.541298 0.431713 0.410976 0.439587 0.485719 0.536088 0.501405 0.491227 0.406633 0.406907 0.409112 0.433737 0.449306 0.318397 
218 vad:0.000373
gains: 0.602392 0.508307 0.470242 0.490796 0.502382 0.503792 0.450680 0.418474 0.493836 0.445841 0.431609 0.420382 0.440338 0.427304 0.408709 0.339753 
0.373595 0.431064 0.541084 0.431492 0.410620 0.439518 0.485796 0.535959 0.501178 0.491101 0.406761 0.407321 0.409659 0.434079 0.449341 0.318181 
219 vad:0.000319
gains: 0.602836 0.508400 0.470371 0.491079 0.501921 0.503172 0.450220 0.418087 0.493355 0.445194 0.431057 0.419996 0.439926 0.426493 0.407960 0.339653 
0.373299 0.430648 0.540834 0.431200 0.410193 0.439366 0.485661 0.535520 0.500763 0.490859 0.406762 0.407582 0.410041 0.434302 0.449227 0.317863 
220 vad:0.000421
gains: 0.603337 0.508541 0.470526 0.491423 0.501645 0.502724 0.449873 0.417738 0.492890 0.444610 0.430562 0.419606 0.439443 0.425642 0.407119 0.339404 
0.372803 0.429918 0.540355 0.430727 0.409700 0.439146 0.485576 0.535251 0.500430 0.490630 0.406823 0.407885 0.410469 0.434536 0.449105 0.317521 
221 vad:0.000341
gains: 0.603853 0.508693 0.470659 0.491778 0.501296 0.502115 0.449417 0.417343 0.492455 0.444031 0.430077 0.419288 0.439099 0.424901 0.406465 0.339331 
0.372529 0.429473 0.540153 0.430489 0.409379 0.439095 0.485602 0.535108 0.500276 0.490543 0.406972 0.408259 0.410916 0.434815 0.449000 0.317219 
222 vad:0.000310
gains: 0.604345 0.508914 0.470848 0.492106 0.501084 0.501700 0.449094 0.417018 0.492018 0.443429 0.429571 0.418930 0.438694 0.424146 0.405816 0.339336 
0.372283 0.429004 0.539916 0.430121 0.408948 0.438991 0.485506 0.534849 0.500039 0.490469 0.407172 0.408696 0.411412 0.435083 0.448869 0.316875 
223 vad:0.000400
gains: 0.604793 0.508974 0.470957 0.492475 0.500869 0.501309 0.448827 0.416727 0.491627 0.442882 0.429100 0.418647 0.438422 0.423493 0.405163 0.339227 
0.372007 0.428606 0.539706 0.429827 0.408610 0.438947 0.485545 0.534732 0.499879 0.490361 0.407308 0.409056 0.411879 0.435351 0.448784 0.316582 
224 vad:0.000287
gains: 0.605223 0.509095 0.471113 0.492817 0.500646 0.500856 0.448502 0.416456 0.491301 0.442429 0.428707 0.418367 0.438035 0.422701 0.404474 0.339142 
0.371722 0.428077 0.539461 0.429556 0.408234 0.438875 0.485491 0.534490 0.499644 0.490225 0.407424 0.409449 0.412351 0.435647 0.448685 0.316283 
225 vad:0.000305
gains: 0.605593 0.509135 0.471177 0.493093 0.500346 0.500389 0.448179 0.416131 0.490892 0.441885 0.428236 0.418063 0.437669 0.421911 0.403758 0.339008 
0.371340 0.427586 0.539183 0.429133 0.407771 0.438747 0.485378 0.534249 0.499465 0.490101 0.407528 0.409809 0.412805 0.435890 0.448512 0.315914 
226 vad:0.000379
gains: 0.606031 0.509304 0.471367 0.493475 0.500246 0.500059 0.447952 0.415909 0.490603 0.441465 0.427896 0.417891 0.437437 0.421211 0.403107 0.338958 
0.371120 0.427215 0.539012 0.428816 0.407410 0.438671 0.485308 0.534028 0.499268 0.489963 0.407642 0.410162 0.413203 0.436106 0.448351 0.315565 
227 vad:0.000368
gains: 0.606453 0.509417 0.471532 0.493853 0.500091 0.499717 0.447787 0.415728 0.490328 0.441049 0.427538 0.417613 0.437087 0.420512 0.402481 0.338917 
0.370852 0.426829 0.538892 0.428567 0.407094 0.438702 0.485333 0.533940 0.499199 0.489942 0.407875 0.410623 0.413781 0.436486 0.448320 0.315314 
228 vad:0.000221
gains: 0.606888 0.509499 0.471582 0.494144 0.499866 0.499317 0.447513 0.415453 0.489954 0.440545 0.427080 0.417302 0.436705 0.419728 0.401755 0.338810 
0.370582 0.426405 0.538642 0.428206 0.406703 0.438655 0.485288 0.533797 0.499095 0.489863 0.408041 0.411050 0.414227 0.436700 0.448137 0.314970 
229 vad:0.000367
gains: 0.607144 0.509500 0.471581 0.494321 0.499601 0.498840 0.447169 0.415121 0.489533 0.439971 0.426582 0.416939 0.436319 0.418961 0.401045 0.338593 
0.370155 0.425867 0.538360 0.427805 0.406287 0.438571 0.485223 0.533634 0.499000 0.489841 0.408250 0.411499 0.414754 0.437080 0.448062 0.314697 
230 vad:0.000392
gains: 0.607611 0.509716 0.471791 0.494738 0.499569 0.498633 0.447076 0.415041 0.489409 0.439710 0.426300 0.416759 0.436072 0.418301 0.400489 0.338658 
0.370046 0.425570 0.538214 0.427508 0.405989 0.438641 0.485251 0.533574 0.499019 0.489884 0.408525 0.411996 0.415314 0.437394 0.447973 0.314420 
231 vad:0.000234
gains: 0.607938 0.509782 0.471926 0.495066 0.499483 0.498263 0.446816 0.414801 0.489064 0.439193 0.425838 0.416449 0.435743 0.417633 0.399859 0.338540 
0.369699 0.425142 0.538063 0.427232 0.405706 0.438651 0.485213 0.533487 0.498975 0.489810 0.408665 0.412292 0.415678 0.437531 0.447707 0.313937 
232 vad:0.000404
gains: 0.608256 0.509801 0.471880 0.495256 0.499346 0.497951 0.446619 0.414592 0.488765 0.438734 0.425449 0.416213 0.435453 0.416916 0.399214 0.338500 
0.369517 0.424756 0.537908 0.426898 0.405325 0.438621 0.485099 0.533284 0.498866 0.489744 0.408852 0.412705 0.416143 0.437760 0.447553 0.313627 
233 vad:0.000224
gains: 0.608577 0.509888 0.472015 0.495597 0.499297 0.497737 0.446502 0.414419 0.488531 0.438408 0.425202 0.416103 0.435270 0.416329 0.398660 0.338481 
0.369313 0.424454 0.537783 0.426666 0.405097 0.438736 0.485148 0.533264 0.498911 0.489796 0.409098 0.413215 0.416715 0.438142 0.447524 0.313367 
234 vad:0.000404
gains: 0.608855 0.509850 0.471997 0.495860 0.499211 0.497424 0.446319 0.414220 0.488246 0.437969 0.424788 0.415831 0.434961 0.415596 0.397977 0.338349 
0.369076 0.424031 0.537566 0.426215 0.404652 0.438727 0.485050 0.533040 0.498771 0.489718 0.409263 0.413623 0.417183 0.438403 0.447369 0.313028 
235 vad:0.000378
gains: 0.609151 0.509906 0.472049 0.496100 0.499129 0.497146 0.446165 0.414037 0.487921 0.437503 0.424355 0.415523 0.434594 0.414874 0.397339 0.338208 
0.368785 0.423701 0.537439 0.425935 0.404373 0.438765 0.485008 0.532945 0.498734 0.489682 0.409482 0.414083 0.417677 0.438679 0.447172 0.312623 
236 vad:0.000358
gains: 0.609498 0.509976 0.472077 0.496374 0.499122 0.496927 0.446063 0.413939 0.487775 0.437209 0.424077 0.415413 0.434469 0.414310 0.396755 0.338181 
0.368645 0.423410 0.537365 0.425692 0.404145 0.438866 0.484988 0.532911 0.498853 0.489806 0.409780 0.414622 0.418209 0.439025 0.447127 0.312417 
237 vad:0.000276
gains: 0.609726 0.510013 0.472159 0.496672 0.499022 0.496680 0.445926 0.413744 0.487466 0.436796 0.423740 0.415154 0.434140 0.413658 0.396207 0.338145 
0.368460 0.423069 0.537217 0.425382 0.403780 0.438919 0.484947 0.532788 0.498796 0.489736 0.409923 0.415021 0.418681 0.439318 0.447002 0.312137 
238 vad:0.000408
gains: 0.610020 0.509963 0.472058 0.496810 0.499004 0.496509 0.445864 0.413660 0.487309 0.436491 0.423466 0.415036 0.434032 0.413105 0.395702 0.338144 
0.368224 0.422776 0.537170 0.425130 0.403601 0.439074 0.484968 0.532785 0.498877 0.489808 0.410239 0.415558 0.419215 0.439641 0.446922 0.311882 
239 vad:0.000280
gains: 0.610191 0.509914 0.472047 0.497057 0.499001 0.496308 0.445738 0.413492 0.487062 0.436123 0.423100 0.414806 0.433752 0.412443 0.395096 0.338097 
0.368051 0.422512 0.537147 0.424864 0.403322 0.439171 0.484925 0.532722 0.498942 0.489887 0.410511 0.416017 0.419739 0.439937 0.446822 0.311559 
240 vad:0.000286
gains: 0.610451 0.510001 0.472095 0.497345 0.499039 0.496150 0.445679 0.413384 0.486901 0.435802 0.422804 0.414658 0.433562 0.411912 0.394594 0.338083 
0.367888 0.422196 0.537067 0.424588 0.403008 0.439203 0.484789 0.532602 0.498935 0.489820 0.410661 0.416456 0.420179 0.440212 0.446700 0.311279 
241 vad:0.000399
gains: 0.610664 0.509961 0.472050 0.497544 0.499025 0.495992 0.445623 0.413292 0.486700 0.435432 0.422457 0.414410 0.433255 0.411276 0.394016 0.338032 
0.367729 0.421947 0.537052 0.424314 0.402739 0.439307 0.484728 0.532514 0.498970 0.489878 0.410935 0.416966 0.420749 0.440588 0.446663 0.311065 
242 vad:0.000254
gains: 0.610939 0.509996 0.472035 0.497777 0.499031 0.495817 0.445573 0.413191 0.486528 0.435143 0.422180 0.414294 0.433138 0.410776 0.393591 0.338112 
0.367658 0.421776 0.537025 0.424044 0.402467 0.439450 0.484793 0.532542 0.499069 0.489963 0.411241 0.417466 0.421289 0.440904 0.446584 0.310833 
243 vad:0.000324
gains: 0.611194 0.510011 0.471986 0.497931 0.499068 0.495750 0.445573 0.413163 0.486403 0.434889 0.421897 0.414121 0.432964 0.410200 0.393030 0.338006 
0.367437 0.421455 0.537003 0.423800 0.402239 0.439579 0.484686 0.532477 0.499168 0.490020 0.411529 0.418033 0.421844 0.441245 0.446532 0.310566 
244 vad:0.000389
gains: 0.611422 0.510054 0.472066 0.498288 0.499251 0.495760 0.445704 0.413258 0.486416 0.434740 0.421743 0.414082 0.432924 0.409802 0.392718 0.338130 
0.367418 0.421373 0.537146 0.423726 0.402130 0.439798 0.484810 0.532622 0.499399 0.490193 0.411899 0.418556 0.422397 0.441653 0.446560 0.310424 
245 vad:0.000353
gains: 0.611690 0.510132 0.472130 0.498599 0.499399 0.495776 0.445810 0.413242 0.486313 0.434512 0.421524 0.413959 0.432745 0.409323 0.392283 0.338136 
0.367299 0.421200 0.537157 0.423471 0.401880 0.439953 0.484810 0.532581 0.499478 0.490270 0.412209 0.419094 0.422959 0.442028 0.446530 0.310250 
246 vad:0.000271
gains: 0.611917 0.510141 0.472113 0.498778 0.499420 0.495701 0.445797 0.413158 0.486140 0.434176 0.421159 0.413731 0.432496 0.408729 0.391701 0.338071 
0.367110 0.420926 0.537057 0.423088 0.401506 0.440027 0.484735 0.532482 0.499480 0.490264 0.412381 0.419508 0.423409 0.442228 0.446392 0.309911 
247 vad:0.000327
gains: 0.612139 0.510112 0.471997 0.498961 0.499495 0.495600 0.445856 0.413179 0.486056 0.433955 0.420924 0.413651 0.432459 0.408300 0.391244 0.338084 
0.367018 0.420725 0.537105 0.422936 0.401411 0.440292 0.484721 0.532451 0.499591 0.490372 0.412726 0.420079 0.423986 0.442589 0.446411 0.309772 
248 vad:0.000328
gains: 0.612385 0.510170 0.471963 0.499153 0.499631 0.495626 0.445943 0.413186 0.485957 0.433738 0.420711 0.413572 0.432388 0.407919 0.390909 0.338128 
0.366964 0.420651 0.537244 0.422792 0.401272 0.440482 0.484732 0.532517 0.499772 0.490493 0.413075 0.420684 0.424588 0.443013 0.446436 0.309615 
249 vad:0.000354
gains: 0.612540 0.510152 0.471886 0.499336 0.499708 0.495575 0.445955 0.413149 0.485859 0.433497 0.420436 0.413386 0.432171 0.407405 0.390453 0.338126 
0.366879 0.420468 0.537252 0.422563 0.400978 0.440612 0.484684 0.532411 0.499802 0.490561 0.413324 0.421166 0.425094 0.443326 0.446388 0.309376 
250 vad:0.000310
gains: 0.612797 0.510183 0.471879 0.499558 0.499844 0.495551 0.446050 0.413180 0.485807 0.433303 0.420232 0.413299 0.432081 0.406967 0.390009 0.338120 
0.366800 0.420306 0.537362 0.422372 0.400810 0.440810 0.484671 0.532428 0.499961 0.490664 0.413690 0.421796 0.425687 0.443767 0.446448 0.309264 
251 vad:0.000255
gains: 0.613036 0.510186 0.471834 0.499774 0.499937 0.495551 0.446133 0.413187 0.485726 0.433074 0.419982 0.413145 0.431934 0.406487 0.389570 0.338220 
0.366853 0.420271 0.537447 0.422140 0.400589 0.441042 0.484755 0.532466 0.500047 0.490757 0.413955 0.422283 0.426219 0.444092 0.446443 0.309076 
252 vad:0.000262
gains: 0.613157 0.510225 0.471806 0.499948 0.500086 0.495577 0.446256 0.413226 0.485662 0.432889 0.419788 0.413084 0.431878 0.406101 0.389163 0.338215 
0.366768 0.420146 0.537488 0.421912 0.400403 0.441209 0.484702 0.532467 0.500239 0.490949 0.414371 0.422926 0.426831 0.444491 0.446460 0.308968 
253 vad:0.000298
gains: 0.613459 0.510305 0.471731 0.500129 0.500207 0.495624 0.446402 0.413320 0.485646 0.432734 0.419609 0.413048 0.431861 0.405727 0.388765 0.338264 
0.366743 0.420034 0.537579 0.421774 0.400182 0.441367 0.484684 0.532463 0.500371 0.491078 0.414724 0.423526 0.427442 0.444892 0.446509 0.308820 
254 vad:0.000350
gains: 0.613709 0.510364 0.471757 0.500397 0.500448 0.495774 0.446615 0.413446 0.485677 0.432626 0.419469 0.412983 0.431774 0.405407 0.388513 0.338346 
0.366699 0.419988 0.537736 0.421531 0.400001 0.441584 0.484681 0.532479 0.500491 0.491157 0.415031 0.424034 0.427962 0.445214 0.446505 0.308660 
255 vad:0.000282
gains: 0.613929 0.510468 0.471674 0.500594 0.500645 0.495852 0.446809 0.413586 0.485718 0.432480 0.419246 0.412897 0.431754 0.405124 0.388166 0.338436 
0.366761 0.420008 0.537933 0.421424 0.399869 0.441881 0.484782 0.532558 0.500700 0.491372 0.415457 0.424674 0.428602 0.445684 0.446597 0.308586 
256 vad:0.000393
gains: 0.614116 0.510483 0.471684 0.500837 0.500855 0.495976 0.447001 0.413677 0.485684 0.432292 0.419056 0.412814 0.431676 0.404729 0.387825 0.338517 
0.366743 0.419894 0.538070 0.421308 0.399742 0.442086 0.484757 0.532524 0.500795 0.491449 0.415757 0.425252 0.429184 0.446098 0.446657 0.308444 
257 vad:0.000310
gains: 0.614267 0.510373 0.471537 0.501006 0.500962 0.495992 0.447141 0.413745 0.485683 0.432153 0.418853 0.412678 0.431535 0.404294 0.387389 0.338493 
0.366645 0.419782 0.538140 0.421041 0.399476 0.442288 0.484845 0.532593 0.500886 0.491528 0.416056 0.425755 0.429734 0.446469 0.446656 0.308318 
258 vad:0.000434
gains: 0.614513 0.510473 0.471509 0.501223 0.501221 0.496146 0.447398 0.413889 0.485756 0.432099 0.418768 0.412732 0.431630 0.404069 0.387143 0.338583 
0.366719 0.419762 0.538324 0.420919 0.399314 0.442459 0.484818 0.532613 0.501063 0.491669 0.416429 0.426346 0.430268 0.446781 0.446622 0.308092 
259 vad:0.000453
gains: 0.614700 0.510545 0.471488 0.501450 0.501453 0.496266 0.447617 0.414006 0.485779 0.431992 0.418627 0.412722 0.431668 0.403775 0.386804 0.338675 
0.366762 0.419778 0.538534 0.420883 0.399262 0.442830 0.484921 0.532673 0.501228 0.491829 0.416817 0.426976 0.430893 0.447196 0.446662 0.308008 
260 vad:0.000393
gains: 0.614928 0.510655 0.471451 0.501613 0.501675 0.496456 0.447889 0.414175 0.485834 0.431879 0.418386 0.412556 0.431534 0.403404 0.386482 0.338708 
0.366768 0.419781 0.538683 0.420660 0.399081 0.443078 0.484972 0.532722 0.501410 0.492004 0.417196 0.427603 0.431503 0.447652 0.446767 0.307925 
261 vad:0.000353
gains: 0.615186 0.510712 0.471379 0.501797 0.501824 0.496540 0.448082 0.414285 0.485851 0.431799 0.418304 0.412600 0.431611 0.403163 0.386184 0.338797 
0.366778 0.419743 0.538934 0.420644 0.399052 0.443390 0.484996 0.532771 0.501619 0.492216 0.417629 0.428273 0.432174 0.448129 0.446920 0.307896 
262 vad:0.000351
gains: 0.615285 0.510753 0.471342 0.502010 0.502130 0.496757 0.448359 0.414504 0.485954 0.431706 0.418205 0.412617 0.431679 0.402945 0.385966 0.338934 
0.366882 0.419797 0.539114 0.420513 0.398915 0.443685 0.485062 0.532841 0.501837 0.492428 0.418054 0.428937 0.432822 0.448587 0.447025 0.307834 
263 vad:0.000373
gains: 0.615656 0.510913 0.471421 0.502296 0.502388 0.496982 0.448616 0.414629 0.486012 0.431672 0.418099 0.412586 0.431673 0.402680 0.385697 0.339024 
0.366966 0.419877 0.539383 0.420468 0.398884 0.444055 0.485172 0.532915 0.502009 0.492585 0.418397 0.429555 0.433423 0.449005 0.447111 0.307788 
264 vad:0.000429
gains: 0.615781 0.510993 0.471291 0.502405 0.502675 0.497220 0.448966 0.414852 0.486165 0.431665 0.418050 0.412639 0.431746 0.402500 0.385465 0.339160 
0.367085 0.419954 0.539672 0.420408 0.398799 0.444351 0.485233 0.532992 0.502238 0.492799 0.418873 0.430260 0.434088 0.449506 0.447265 0.307780 
265 vad:0.000362
gains: 0.616042 0.511063 0.471283 0.502685 0.502938 0.497425 0.449269 0.415049 0.486229 0.431568 0.417911 0.412616 0.431770 0.402242 0.385205 0.339239 
0.367076 0.419895 0.539834 0.420271 0.398682 0.444676 0.485293 0.533048 0.502390 0.492933 0.419209 0.430813 0.434623 0.449865 0.447314 0.307714 
266 vad:0.000394
gains: 0.616274 0.511188 0.471275 0.502854 0.503206 0.497661 0.449608 0.415298 0.486352 0.431567 0.417854 0.412667 0.431878 0.402084 0.384940 0.339336 
0.367163 0.419938 0.540066 0.420172 0.398536 0.444908 0.485360 0.533111 0.502582 0.493143 0.419663 0.431476 0.435266 0.450295 0.447382 0.307658 
267 vad:0.000245
gains: 0.616495 0.511302 0.471185 0.503038 0.503512 0.497910 0.449948 0.415515 0.486488 0.431547 0.417758 0.412670 0.431906 0.401861 0.384749 0.339469 
0.367289 0.419994 0.540296 0.420047 0.398449 0.445223 0.485428 0.533188 0.502795 0.493352 0.420059 0.432090 0.435877 0.450719 0.447498 0.307597 
268 vad:0.000323
gains: 0.616643 0.511306 0.471071 0.503200 0.503734 0.498102 0.450251 0.415691 0.486590 0.431562 0.417715 0.412680 0.431958 0.401666 0.384518 0.339596 
0.367419 0.420090 0.540594 0.420104 0.398468 0.445601 0.485514 0.533262 0.502994 0.493510 0.420467 0.432766 0.436492 0.451142 0.447586 0.307543 
269 vad:0.000282
gains: 0.616993 0.511538 0.471176 0.503489 0.504089 0.498445 0.450649 0.415990 0.486824 0.431641 0.417697 0.412772 0.432112 0.401559 0.384376 0.339765 
0.367594 0.420235 0.540892 0.420078 0.398451 0.446025 0.485670 0.533409 0.503282 0.493818 0.420985 0.433535 0.437226 0.451698 0.447800 0.307625 
270 vad:0.000439
gains: 0.617067 0.511528 0.471081 0.503636 0.504362 0.498634 0.450961 0.416207 0.486902 0.431562 0.417583 0.412746 0.432094 0.401252 0.383968 0.339738 
0.367555 0.420221 0.541061 0.419933 0.398290 0.446269 0.485712 0.533434 0.503402 0.493950 0.421362 0.434126 0.437829 0.452154 0.447928 0.307610 
271 vad:0.000379
gains: 0.617294 0.511630 0.470983 0.503766 0.504520 0.498747 0.451217 0.416398 0.486982 0.431476 0.417427 0.412705 0.432117 0.401059 0.383738 0.339838 
0.367696 0.420309 0.541309 0.419858 0.398190 0.446598 0.485810 0.533516 0.503615 0.494177 0.421812 0.434812 0.438502 0.452590 0.448041 0.307593 
272 vad:0.000246
gains: 0.617573 0.511773 0.471028 0.504033 0.504888 0.499098 0.451659 0.416680 0.487153 0.431533 0.417439 0.412789 0.432194 0.400890 0.383550 0.339956 
0.367837 0.420445 0.541630 0.419799 0.398158 0.446946 0.485845 0.533546 0.503805 0.494367 0.422221 0.435427 0.439087 0.452979 0.448138 0.307548 
273 vad:0.000403
gains: 0.617838 0.511998 0.471050 0.504300 0.505249 0.499410 0.452062 0.417012 0.487384 0.431634 0.417445 0.412867 0.432336 0.400818 0.383489 0.340196 
0.368046 0.420626 0.541996 0.419852 0.398165 0.447375 0.486043 0.533719 0.504074 0.494652 0.422728 0.436178 0.439816 0.453538 0.448352 0.307645 
274 vad:0.000370
gains: 0.617991 0.512052 0.470922 0.504431 0.505552 0.499699 0.452465 0.417309 0.487572 0.431698 0.417438 0.412932 0.432477 0.400766 0.383331 0.340322 
0.368123 0.420655 0.542224 0.419748 0.398071 0.447711 0.486116 0.533807 0.504292 0.494841 0.423123 0.436826 0.440421 0.453969 0.448445 0.307622 
275 vad:0.000280
gains: 0.618338 0.512296 0.470998 0.504747 0.506008 0.500131 0.452977 0.417661 0.487787 0.431774 0.417458 0.413043 0.432657 0.400675 0.383156 0.340493 
0.368350 0.420888 0.542643 0.419813 0.398116 0.448157 0.486337 0.534010 0.504596 0.495154 0.423660 0.437552 0.441117 0.454465 0.448614 0.307679 
276 vad:0.000242
gains: 0.618565 0.512483 0.471010 0.504981 0.506287 0.500363 0.453348 0.417931 0.487961 0.431792 0.417414 0.413090 0.432762 0.400565 0.382980 0.340586 
0.368432 0.420961 0.542901 0.419776 0.398094 0.448527 0.486464 0.534093 0.504811 0.495438 0.424193 0.438340 0.441883 0.455035 0.448874 0.307750 
277 vad:0.000408
gains: 0.618685 0.512508 0.470901 0.505081 0.506550 0.500613 0.453664 0.418116 0.488045 0.431805 0.417351 0.413077 0.432787 0.400369 0.382753 0.340665 
0.368573 0.421138 0.543183 0.419699 0.398018 0.448876 0.486474 0.534075 0.504923 0.495552 0.424504 0.438882 0.442397 0.455359 0.448866 0.307680 
278 vad:0.000300
gains: 0.618813 0.512569 0.470839 0.505305 0.506879 0.500927 0.454098 0.418421 0.488325 0.431932 0.417416 0.413225 0.432954 0.400256 0.382559 0.340792 
0.368746 0.421294 0.543511 0.419717 0.397998 0.449302 0.486710 0.534289 0.505283 0.495923 0.425108 0.439725 0.443181 0.455981 0.449172 0.307805 
279 vad:0.000265
gains: 0.619090 0.512825 0.470922 0.505575 0.507273 0.501306 0.454607 0.418814 0.488541 0.431962 0.417345 0.413219 0.433003 0.400127 0.382404 0.340972 
0.369024 0.421480 0.543817 0.419714 0.398050 0.449780 0.486842 0.534355 0.505476 0.496150 0.425551 0.440408 0.443842 0.456439 0.449301 0.307814 
280 vad:0.000349
gains: 0.619309 0.512945 0.470861 0.505769 0.507599 0.501647 0.455074 0.419170 0.488801 0.432057 0.417337 0.413280 0.433121 0.400073 0.382320 0.341137 
0.369102 0.421659 0.544219 0.419745 0.398074 0.450165 0.486977 0.534521 0.505716 0.496356 0.425971 0.441073 0.444476 0.456910 0.449477 0.307916 
281 vad:0.000252
gains: 0.619528 0.513100 0.470824 0.505912 0.507914 0.502003 0.455541 0.419516 0.489006 0.432166 0.417370 0.413350 0.433215 0.399971 0.382098 0.341245 
0.369249 0.421753 0.544438 0.419656 0.397990 0.450505 0.487040 0.534540 0.505898 0.496598 0.426424 0.441732 0.445104 0.457339 0.449574 0.307907 
282 vad:0.000294
gains: 0.619832 0.513319 0.470841 0.506173 0.508306 0.502394 0.456041 0.419883 0.489255 0.432260 0.417404 0.413493 0.433431 0.399965 0.381996 0.341432 
0.369513 0.422003 0.544901 0.419783 0.398095 0.451039 0.487240 0.534708 0.506231 0.496915 0.426932 0.442477 0.445830 0.457895 0.449810 0.307995 
283 vad:0.000338
gains: 0.619981 0.513535 0.470954 0.506487 0.508756 0.502844 0.456569 0.420281 0.489559 0.432420 0.417468 0.413637 0.433636 0.399941 0.381905 0.341648 
0.369729 0.422225 0.545199 0.419744 0.398133 0.451545 0.487546 0.535007 0.506629 0.497333 0.427540 0.443279 0.446606 0.458485 0.450098 0.308183 
284 vad:0.000375
gains: 0.620167 0.513635 0.470872 0.506640 0.508998 0.503059 0.456940 0.420571 0.489723 0.432427 0.417395 0.413661 0.433744 0.399875 0.381795 0.341828 
0.369973 0.422456 0.545554 0.419758 0.398096 0.451929 0.487629 0.535083 0.506848 0.497561 0.427992 0.443979 0.447254 0.458947 0.450227 0.308197 
285 vad:0.000387
gains: 0.620478 0.513873 0.470898 0.506839 0.509364 0.503463 0.457473 0.420939 0.489973 0.432591 0.417492 0.413814 0.433928 0.399829 0.381653 0.341947 
0.370165 0.422625 0.545880 0.419793 0.398154 0.452371 0.487844 0.535251 0.507129 0.497840 0.428487 0.444651 0.447890 0.459386 0.450364 0.308264 
286 vad:0.000370
gains: 0.620502 0.513960 0.470883 0.507080 0.509716 0.503835 0.457953 0.421277 0.490181 0.432643 0.417451 0.413852 0.434027 0.399746 0.381523 0.342123 
0.370386 0.422830 0.546255 0.419827 0.398144 0.452805 0.487922 0.535249 0.507290 0.498062 0.428921 0.445341 0.448552 0.459836 0.450510 0.308314 
287 vad:0.000389
gains: 0.620761 0.514159 0.470844 0.507230 0.510077 0.504215 0.458461 0.421675 0.490449 0.432772 0.417514 0.413947 0.434175 0.399753 0.381437 0.342238 
0.370587 0.423079 0.546661 0.419865 0.398205 0.453302 0.488185 0.535473 0.507625 0.498408 0.429488 0.446108 0.449269 0.460358 0.450722 0.308397 
288 vad:0.000239
gains: 0.621046 0.514313 0.470803 0.507442 0.510429 0.504580 0.458985 0.422090 0.490751 0.432942 0.417605 0.414140 0.434428 0.399774 0.381314 0.342428 
0.370835 0.423311 0.547017 0.419936 0.398320 0.453796 0.488378 0.535676 0.507976 0.498736 0.430021 0.446873 0.449966 0.460885 0.450920 0.308560 
289 vad:0.000346
gains: 0.621269 0.514570 0.470916 0.507788 0.510916 0.505037 0.459558 0.422519 0.491038 0.433091 0.417686 0.414300 0.434668 0.399796 0.381281 0.342647 
0.371155 0.423571 0.547406 0.419956 0.398326 0.454289 0.488656 0.535890 0.508307 0.499150 0.430680 0.447737 0.450821 0.461536 0.451263 0.308731 
290 vad:0.000350
gains: 0.621583 0.514884 0.470964 0.508014 0.511367 0.505494 0.460108 0.422941 0.491330 0.433251 0.417773 0.414474 0.434895 0.399841 0.381261 0.342846 
0.371453 0.423888 0.547838 0.420030 0.398413 0.454814 0.488973 0.536176 0.508686 0.499512 0.431240 0.448532 0.451592 0.462142 0.451553 0.308936 
291 vad:0.000393
gains: 0.621683 0.514994 0.470911 0.508158 0.511658 0.505838 0.460583 0.423291 0.491556 0.433362 0.417806 0.414563 0.435035 0.399790 0.381149 0.343010 
0.371662 0.424072 0.548119 0.419996 0.398381 0.455165 0.488975 0.536174 0.508870 0.499727 0.431668 0.449188 0.452196 0.462579 0.451686 0.308978 
292 vad:0.000304
gains: 0.621974 0.515251 0.470936 0.508424 0.512090 0.506300 0.461173 0.423777 0.491927 0.433578 0.417916 0.414731 0.435253 0.399832 0.381065 0.343152 
0.371931 0.424349 0.548580 0.420167 0.398543 0.455714 0.489170 0.536310 0.509165 0.500028 0.432188 0.449920 0.452852 0.463044 0.451831 0.309048 
293 vad:0.000420
gains: 0.622133 0.515474 0.471073 0.508787 0.512534 0.506779 0.461829 0.424272 0.492277 0.433767 0.418025 0.414904 0.435517 0.399912 0.381028 0.343402 
0.372236 0.424664 0.548990 0.420215 0.398604 0.456281 0.489478 0.536536 0.509513 0.500458 0.432840 0.450760 0.453717 0.463662 0.452119 0.309235 
294 vad:0.000344
gains: 0.622438 0.515747 0.471080 0.508986 0.512913 0.507201 0.462395 0.424719 0.492542 0.433876 0.418058 0.415032 0.435762 0.399963 0.380911 0.343521 
0.372437 0.424862 0.549339 0.420291 0.398694 0.456795 0.489745 0.536805 0.509902 0.500826 0.433404 0.451574 0.454487 0.464305 0.452414 0.309468 
295 vad:0.000477
gains: 0.622559 0.515928 0.471060 0.509149 0.513246 0.507574 0.462930 0.425133 0.492824 0.434023 0.418108 0.415162 0.435953 0.399959 0.380856 0.343716 
0.372714 0.425144 0.549752 0.420346 0.398733 0.457320 0.489994 0.537003 0.510236 0.501207 0.433989 0.452366 0.455253 0.464916 0.452714 0.309668 
296 vad:0.000370
gains: 0.622861 0.516224 0.471127 0.509352 0.513670 0.508026 0.463490 0.425580 0.493146 0.434187 0.418216 0.415319 0.436161 0.400000 0.380812 0.343902 
0.373005 0.425446 0.550252 0.420539 0.398932 0.457854 0.490207 0.537173 0.510539 0.501516 0.434501 0.453127 0.455971 0.465454 0.452953 0.309863 
297 vad:0.000438
gains: 0.623037 0.516403 0.471152 0.509624 0.514079 0.508466 0.464068 0.425991 0.493442 0.434356 0.418270 0.415499 0.436433 0.400102 0.380772 0.344171 
0.373369 0.425718 0.550601 0.420552 0.398965 0.458400 0.490529 0.537434 0.510948 0.501965 0.435144 0.453975 0.456784 0.466106 0.453269 0.310058 
298 vad:0.000317
gains: 0.623329 0.516733 0.471253 0.509901 0.514550 0.508948 0.464685 0.426503 0.493805 0.434565 0.418399 0.415652 0.436638 0.400174 0.380802 0.344417 
0.373663 0.425996 0.551011 0.420672 0.399105 0.458975 0.490747 0.537574 0.511235 0.502287 0.435671 0.454741 0.457498 0.466629 0.453492 0.310239 
299 vad:0.000393
gains: 0.623514 0.516906 0.471238 0.510074 0.514895 0.509368 0.465296 0.426995 0.494173 0.434821 0.418568 0.415912 0.436986 0.400266 0.380690 0.344538 
0.373907 0.426273 0.551438 0.420788 0.399244 0.459515 0.491041 0.537855 0.511647 0.502650 0.436199 0.455496 0.458197 0.467189 0.453728 0.310410 
300 vad:0.000444
gains: 0.623719 0.517174 0.471313 0.510369 0.515329 0.509839 0.465879 0.427425 0.494454 0.434973 0.418627 0.416007 0.437122 0.400266 0.380637 0.344751 
0.374242 0.426597 0.551793 0.420796 0.399264 0.460038 0.491280 0.538012 0.511954 0.503061 0.436831 0.456319 0.459030 0.467796 0.454047 0.310609 
301 vad:0.000299
gains: 0.623889 0.517409 0.471360 0.510640 0.515746 0.510283 0.466508 0.427893 0.494771 0.435179 0.418771 0.416222 0.437387 0.400325 0.380576 0.344926 
0.374457 0.426830 0.552204 0.420943 0.399382 0.460594 0.491546 0.538226 0.512332 0.503438 0.437417 0.457154 0.459804 0.468418 0.454338 0.310852 
302 vad:0.000411
gains: 0.624162 0.517657 0.471358 0.510782 0.516096 0.510732 0.467075 0.428310 0.495080 0.435383 0.418891 0.416362 0.437608 0.400418 0.380521 0.345129 
0.374866 0.427257 0.552686 0.421045 0.399513 0.461181 0.491777 0.538414 0.512669 0.503807 0.437962 0.457900 0.460507 0.468942 0.454576 0.311016 
303 vad:0.000437
gains: 0.624302 0.517865 0.471496 0.511117 0.516566 0.511267 0.467748 0.428878 0.495496 0.435645 0.419065 0.416593 0.437928 0.400562 0.380521 0.345367 
0.375108 0.427532 0.553109 0.421174 0.399655 0.461731 0.492043 0.538638 0.513039 0.504226 0.438608 0.458742 0.461320 0.469609 0.454924 0.311307 
304 vad:0.000363
gains: 0.624595 0.518272 0.471641 0.511426 0.517003 0.511740 0.468402 0.429396 0.495855 0.435859 0.419183 0.416787 0.438154 0.400654 0.380549 0.345626 
0.375495 0.427882 0.553521 0.421248 0.399736 0.462326 0.492424 0.538953 0.513425 0.504634 0.439206 0.459534 0.462084 0.470177 0.455199 0.311506 
305 vad:0.000421
gains: 0.624851 0.518495 0.471644 0.511656 0.517432 0.512153 0.468980 0.429855 0.496195 0.436071 0.419307 0.416999 0.438469 0.400762 0.380545 0.345880 
0.375814 0.428178 0.553953 0.421436 0.399968 0.462985 0.492782 0.539235 0.513876 0.505112 0.439894 0.460447 0.462963 0.470872 0.455599 0.311816 
306 vad:0.000309
gains: 0.624994 0.518721 0.471714 0.511898 0.517818 0.512594 0.469570 0.430307 0.496523 0.436276 0.419422 0.417159 0.438688 0.400830 0.380533 0.346056 
0.376098 0.428533 0.554425 0.421553 0.400102 0.463528 0.492979 0.539392 0.514224 0.505502 0.440470 0.461202 0.463661 0.471409 0.455822 0.311978 
307 vad:0.000270
gains: 0.625213 0.519030 0.471789 0.512154 0.518275 0.513078 0.470204 0.430817 0.496824 0.436442 0.419550 0.417373 0.438996 0.400981 0.380520 0.346328 
0.376490 0.428849 0.554825 0.421680 0.400261 0.464166 0.493368 0.539676 0.514631 0.505925 0.441067 0.462024 0.464452 0.472001 0.456108 0.312200 
308 vad:0.000340
gains: 0.625408 0.519304 0.471815 0.512353 0.518652 0.513532 0.470812 0.431290 0.497200 0.436701 0.419700 0.417551 0.439255 0.401081 0.380505 0.346458 
0.376701 0.429164 0.555239 0.421769 0.400386 0.464725 0.493570 0.539853 0.515004 0.506314 0.441641 0.462816 0.465213 0.472642 0.456451 0.312497 
309 vad:0.000461
gains: 0.625651 0.519659 0.471962 0.512696 0.519147 0.514038 0.471534 0.431881 0.497624 0.436981 0.419907 0.417833 0.439612 0.401300 0.380574 0.346818 
0.377194 0.429584 0.555736 0.421916 0.400587 0.465405 0.493939 0.540103 0.515378 0.506802 0.442348 0.463687 0.466098 0.473304 0.456801 0.312770 
310 vad:0.000320
gains: 0.625853 0.519904 0.472077 0.512960 0.519563 0.514553 0.472187 0.432394 0.498012 0.437244 0.420056 0.418014 0.439841 0.401415 0.380571 0.346993 
0.377478 0.429880 0.556160 0.422076 0.400736 0.466016 0.494233 0.540316 0.515723 0.507194 0.442922 0.464485 0.466878 0.473943 0.457145 0.313043 
311 vad:0.000402
gains: 0.626008 0.520117 0.472091 0.513094 0.519850 0.514943 0.472732 0.432833 0.498261 0.437370 0.420109 0.418147 0.440058 0.401481 0.380549 0.347213 
0.377794 0.430202 0.556538 0.422141 0.400825 0.466583 0.494552 0.540559 0.516096 0.507582 0.443493 0.465256 0.467594 0.474497 0.457414 0.313307 
312 vad:0.000296
gains: 0.626270 0.520540 0.472259 0.513397 0.520344 0.515465 0.473416 0.433406 0.498702 0.437684 0.420329 0.418356 0.440361 0.401634 0.380544 0.347433 
0.378179 0.430580 0.556982 0.422297 0.401009 0.467184 0.494860 0.540804 0.516490 0.508006 0.444111 0.466092 0.468364 0.475090 0.457678 0.313488 
313 vad:0.000434
gains: 0.626441 0.520737 0.472295 0.513662 0.520765 0.515871 0.474038 0.433897 0.499009 0.437856 0.420459 0.418590 0.440710 0.401830 0.380586 0.347665 
0.378445 0.430842 0.557386 0.422378 0.401180 0.467841 0.495238 0.541153 0.517010 0.508561 0.444865 0.467026 0.469277 0.475802 0.458110 0.313871 
314 vad:0.000412
gains: 0.626620 0.520995 0.472342 0.513920 0.521210 0.516377 0.474711 0.434391 0.499394 0.438142 0.420643 0.418793 0.440962 0.401941 0.380565 0.347856 
0.378871 0.431258 0.557827 0.422518 0.401348 0.468485 0.495544 0.541377 0.517399 0.508979 0.445434 0.467800 0.470026 0.476399 0.458358 0.314085 
315 vad:0.000338
gains: 0.626871 0.521340 0.472509 0.514249 0.521652 0.516910 0.475410 0.434955 0.499778 0.438387 0.420847 0.419071 0.441286 0.402130 0.380615 0.348162 
0.379280 0.431649 0.558285 0.422693 0.401537 0.469128 0.495882 0.541633 0.517831 0.509475 0.446119 0.468692 0.470886 0.477101 0.458754 0.314476 
316 vad:0.000467
gains: 0.627101 0.521638 0.472511 0.514434 0.522055 0.517371 0.476043 0.435456 0.500101 0.438579 0.420941 0.419245 0.441583 0.402258 0.380594 0.348312 
0.379569 0.431958 0.558726 0.422858 0.401756 0.469781 0.496270 0.541930 0.518281 0.509954 0.446793 0.469577 0.471722 0.477813 0.459133 0.314782 
317 vad:0.000422
gains: 0.627201 0.521938 0.472727 0.514755 0.522559 0.517988 0.476820 0.436122 0.500598 0.438935 0.421221 0.419576 0.441985 0.402532 0.380719 0.348652 
0.380068 0.432434 0.559257 0.423080 0.402028 0.470480 0.496716 0.542298 0.518749 0.510455 0.447492 0.470485 0.472617 0.478547 0.459533 0.315140 
318 vad:0.000331
gains: 0.627530 0.522349 0.472876 0.515083 0.523091 0.518535 0.477509 0.436679 0.501002 0.439221 0.421410 0.419807 0.442294 0.402653 0.380697 0.348868 
0.380436 0.432851 0.559751 0.423319 0.402252 0.471169 0.497050 0.542593 0.519250 0.511003 0.448208 0.471438 0.473516 0.479315 0.459959 0.315496 
319 vad:0.000297
gains: 0.627666 0.522597 0.472944 0.515260 0.523362 0.518875 0.478057 0.437109 0.501275 0.439367 0.421486 0.419945 0.442503 0.402792 0.380673 0.349035 
0.380669 0.433022 0.560045 0.423267 0.402308 0.471688 0.497278 0.542734 0.519553 0.511337 0.448710 0.472167 0.474235 0.479879 0.460243 0.315794 
320 vad:0.000418
gains: 0.627818 0.522881 0.473023 0.515539 0.523829 0.519400 0.478755 0.437668 0.501660 0.439616 0.421644 0.420139 0.442782 0.402931 0.380717 0.349296 
0.381100 0.433453 0.560532 0.423504 0.402597 0.472422 0.497738 0.543128 0.520118 0.511933 0.449463 0.473094 0.475105 0.480603 0.460662 0.316141 
321 vad:0.000327
gains: 0.628046 0.523280 0.473238 0.515846 0.524237 0.519848 0.479380 0.438153 0.501963 0.439827 0.421799 0.420376 0.443139 0.403127 0.380700 0.349489 
0.381424 0.433764 0.560914 0.423589 0.402718 0.472989 0.498025 0.543330 0.520443 0.512305 0.450041 0.473811 0.475793 0.481138 0.460929 0.316409 
322 vad:0.000326
gains: 0.628279 0.523594 0.473279 0.516076 0.524671 0.520367 0.480112 0.438780 0.502465 0.440212 0.422127 0.420779 0.443586 0.403417 0.380845 0.349842 
0.381878 0.434239 0.561490 0.423869 0.403027 0.473771 0.498510 0.543711 0.520950 0.512823 0.450715 0.474712 0.476661 0.481864 0.461285 0.316725 
323 vad:0.000398
gains: 0.628345 0.523856 0.473461 0.516443 0.525173 0.520952 0.480874 0.439375 0.502867 0.440471 0.422313 0.421017 0.443882 0.403545 0.380788 0.349983 
0.382264 0.434560 0.561878 0.424016 0.403244 0.474452 0.498852 0.543979 0.521421 0.513346 0.451407 0.475596 0.477544 0.482590 0.461721 0.317105 
324 vad:0.000399
gains: 0.628535 0.524194 0.473541 0.516603 0.525477 0.521322 0.481397 0.439775 0.503132 0.440654 0.422446 0.421211 0.444161 0.403672 0.380831 0.350258 
0.382649 0.434961 0.562334 0.424155 0.403391 0.475043 0.499146 0.544181 0.521800 0.513786 0.452026 0.476426 0.478335 0.483244 0.462073 0.317452 
325 vad:0.000324
gains: 0.628781 0.524511 0.473644 0.516868 0.525965 0.521905 0.482194 0.440422 0.503609 0.441008 0.422705 0.421522 0.444554 0.403916 0.380941 0.350581 
0.383117 0.435415 0.562854 0.424425 0.403678 0.475806 0.499631 0.544595 0.522327 0.514308 0.452692 0.477298 0.479182 0.483981 0.462533 0.317872 
326 vad:0.000430
gains: 0.628949 0.524864 0.473797 0.517139 0.526362 0.522361 0.482848 0.440959 0.503984 0.441245 0.422876 0.421762 0.444861 0.404096 0.380946 0.350786 
0.383487 0.435755 0.563274 0.424548 0.403874 0.476425 0.499930 0.544791 0.522703 0.514719 0.453279 0.478071 0.479936 0.484612 0.462871 0.318191 
327 vad:0.000292
gains: 0.629061 0.525216 0.474038 0.517502 0.526822 0.522918 0.483594 0.441588 0.504448 0.441559 0.423086 0.422011 0.445204 0.404310 0.381018 0.351081 
0.383916 0.436174 0.563690 0.424715 0.404111 0.477135 0.500380 0.545181 0.523252 0.515313 0.453997 0.478978 0.480837 0.485363 0.463312 0.318596 
328 vad:0.000417
gains: 0.629347 0.525568 0.474074 0.517680 0.527179 0.523302 0.484170 0.442046 0.504754 0.441778 0.423242 0.422208 0.445488 0.404412 0.380924 0.351200 
0.384205 0.436413 0.564019 0.424819 0.404267 0.477740 0.500723 0.545475 0.523704 0.515758 0.454600 0.479793 0.481605 0.486027 0.463670 0.318933 
329 vad:0.000496
gains: 0.629529 0.525951 0.474288 0.518027 0.527743 0.523926 0.484940 0.442666 0.505215 0.442126 0.423530 0.422543 0.445874 0.404697 0.381108 0.351587 
0.384755 0.436915 0.564569 0.425091 0.404561 0.478430 0.501102 0.545776 0.524201 0.516311 0.455314 0.480701 0.482478 0.486761 0.464125 0.319394 
330 vad:0.000434
gains: 0.629656 0.526247 0.474388 0.518219 0.528047 0.524300 0.485521 0.443170 0.505558 0.442339 0.423687 0.422795 0.446230 0.404911 0.381150 0.351781 
0.385074 0.437277 0.564978 0.425234 0.404788 0.479188 0.501557 0.546075 0.524658 0.516834 0.455988 0.481545 0.483315 0.487457 0.464514 0.319744 
331 vad:0.000376
gains: 0.629869 0.526666 0.474625 0.518572 0.528555 0.524861 0.486265 0.443769 0.506033 0.442676 0.423933 0.423073 0.446575 0.405092 0.381231 0.352099 
0.385498 0.437699 0.565438 0.425424 0.405075 0.479883 0.501903 0.546346 0.525117 0.517361 0.456709 0.482432 0.484177 0.488188 0.464951 0.320132 
332 vad:0.000422
gains: 0.629976 0.526927 0.474658 0.518769 0.528902 0.525259 0.486960 0.444336 0.506369 0.442847 0.424021 0.423234 0.446847 0.405237 0.381177 0.352220 
0.385844 0.438003 0.565822 0.425502 0.405141 0.480485 0.502270 0.546636 0.525579 0.517889 0.457410 0.483308 0.485044 0.488903 0.465362 0.320534 
333 vad:0.000305
gains: 0.630178 0.527242 0.474738 0.518940 0.529258 0.525685 0.487529 0.444802 0.506664 0.443057 0.424168 0.423438 0.447132 0.405412 0.381195 0.352488 
0.386264 0.438408 0.566236 0.425706 0.405425 0.481224 0.502744 0.547021 0.526131 0.518449 0.458084 0.484174 0.485872 0.489625 0.465786 0.320967 
334 vad:0.000471
gains: 0.630305 0.527605 0.474987 0.519338 0.529756 0.526275 0.488325 0.445454 0.507155 0.443430 0.424474 0.423805 0.447644 0.405784 0.381311 0.352813 
0.386723 0.438876 0.566757 0.425977 0.405786 0.482019 0.503175 0.547345 0.526673 0.519056 0.458852 0.485120 0.486770 0.490411 0.466290 0.321445 
335 vad:0.000475
gains: 0.630561 0.528039 0.475180 0.519662 0.530193 0.526793 0.489025 0.446041 0.507591 0.443779 0.424765 0.424135 0.448011 0.406020 0.381432 0.353162 
0.387221 0.439322 0.567257 0.426211 0.406090 0.482797 0.503679 0.547743 0.527231 0.519677 0.459629 0.486067 0.487695 0.491164 0.466709 0.321821 
336 vad:0.000284
gains: 0.630670 0.528298 0.475276 0.519850 0.530495 0.527173 0.489614 0.446486 0.507885 0.443989 0.424903 0.424332 0.448305 0.406137 0.381406 0.353341 
0.387533 0.439717 0.567689 0.426413 0.406329 0.483489 0.504083 0.548060 0.527737 0.520215 0.460351 0.486972 0.488574 0.491944 0.467221 0.322331 
337 vad:0.000421
gains: 0.630869 0.528690 0.475471 0.520211 0.530992 0.527728 0.490378 0.447165 0.508406 0.444387 0.425205 0.424653 0.448666 0.406345 0.381436 0.353558 
0.387942 0.440042 0.568050 0.426522 0.406515 0.484138 0.504441 0.548327 0.528175 0.520697 0.460973 0.487750 0.489328 0.492557 0.467520 0.322620 
338 vad:0.000331
gains: 0.630997 0.529091 0.475639 0.520409 0.531373 0.528211 0.491043 0.447716 0.508798 0.444669 0.425436 0.424941 0.449037 0.406608 0.381484 0.353832 
0.388444 0.440490 0.568520 0.426740 0.406805 0.484862 0.504892 0.548666 0.528691 0.521256 0.461663 0.488630 0.490199 0.493341 0.468002 0.323082 
339 vad:0.000310
gains: 0.631112 0.529397 0.475819 0.520734 0.531839 0.528740 0.491784 0.448317 0.509214 0.444945 0.425636 0.425204 0.449400 0.406823 0.381565 0.354093 
0.388852 0.440926 0.568985 0.426973 0.407085 0.485598 0.505415 0.549097 0.529248 0.521845 0.462406 0.489537 0.491082 0.494082 0.468456 0.323511 
340 vad:0.000457
gains: 0.631414 0.529752 0.475869 0.520890 0.532144 0.529139 0.492397 0.448847 0.509597 0.445211 0.425806 0.425479 0.449768 0.407049 0.381622 0.354344 
0.389237 0.441276 0.569406 0.427179 0.407364 0.486356 0.505882 0.549430 0.529756 0.522394 0.463087 0.490401 0.491947 0.494848 0.468943 0.324027 
341 vad:0.000354
gains: 0.631588 0.530210 0.476195 0.521344 0.532717 0.529741 0.493161 0.449459 0.510090 0.445621 0.426141 0.425801 0.450186 0.407345 0.381765 0.354678 
0.389756 0.441731 0.569914 0.427417 0.407673 0.487115 0.506314 0.549748 0.530274 0.522961 0.463826 0.491316 0.492835 0.495634 0.469427 0.324531 
342 vad:0.000425
gains: 0.631689 0.530512 0.476391 0.521641 0.533107 0.530211 0.493857 0.450041 0.510437 0.445822 0.426292 0.426028 0.450504 0.407516 0.381755 0.354861 
0.390081 0.442048 0.570245 0.427553 0.407881 0.487784 0.506766 0.550119 0.530797 0.523503 0.464499 0.492187 0.493691 0.496393 0.469879 0.324938 
343 vad:0.000433
gains: 0.631869 0.530845 0.476535 0.521885 0.533444 0.530655 0.494522 0.450588 0.510861 0.446130 0.426504 0.426273 0.450841 0.407772 0.381844 0.355172 
0.390565 0.442520 0.570734 0.427760 0.408196 0.488535 0.507222 0.550491 0.531333 0.524092 0.465239 0.493075 0.494592 0.497161 0.470396 0.325403 
344 vad:0.000331
gains: 0.631939 0.531211 0.476696 0.522175 0.533889 0.531142 0.495174 0.451070 0.511149 0.446344 0.426688 0.426555 0.451222 0.407988 0.381860 0.355379 
0.390972 0.442873 0.571138 0.427995 0.408529 0.489299 0.507619 0.550819 0.531935 0.524728 0.465986 0.494008 0.495476 0.497951 0.470870 0.325921 
345 vad:0.000445
gains: 0.632113 0.531518 0.476878 0.522470 0.534260 0.531571 0.495830 0.451646 0.511595 0.446695 0.427007 0.426920 0.451679 0.408283 0.381984 0.355715 
0.391460 0.443295 0.571560 0.428166 0.408734 0.489991 0.508100 0.551175 0.532407 0.525233 0.466639 0.494817 0.496263 0.498647 0.471294 0.326341 
346 vad:0.000456
gains: 0.632243 0.531908 0.477071 0.522706 0.534741 0.532064 0.496522 0.452206 0.511972 0.446976 0.427216 0.427168 0.452005 0.408517 0.382046 0.355992 
0.391971 0.443770 0.572065 0.428418 0.408995 0.490691 0.508538 0.551508 0.532926 0.525817 0.467349 0.495692 0.497138 0.499414 0.471798 0.326851 
347 vad:0.000340
gains: 0.632401 0.532257 0.477316 0.523029 0.535129 0.532612 0.497259 0.452761 0.512374 0.447288 0.427498 0.427491 0.452376 0.408786 0.382191 0.356301 
0.392452 0.444248 0.572551 0.428668 0.409403 0.491568 0.509101 0.551964 0.533542 0.526465 0.468142 0.496650 0.498066 0.500246 0.472312 0.327352 
348 vad:0.000342
gains: 0.632641 0.532617 0.477355 0.523165 0.535371 0.532899 0.497764 0.453217 0.512652 0.447438 0.427557 0.427645 0.452641 0.408918 0.382130 0.356447 
0.392724 0.444522 0.572881 0.428726 0.409558 0.492143 0.509383 0.552174 0.533945 0.526889 0.468705 0.497375 0.498805 0.500898 0.472710 0.327748 
349 vad:0.000500
gains: 0.632780 0.533041 0.477701 0.523553 0.535860 0.533419 0.498518 0.453887 0.513143 0.447834 0.427894 0.428035 0.453108 0.409222 0.382272 0.356751 
0.393199 0.444944 0.573324 0.428986 0.409848 0.492923 0.509887 0.552548 0.534515 0.527514 0.469446 0.498299 0.499706 0.501730 0.473263 0.328321 
350 vad:0.000498
gains: 0.632976 0.533455 0.477866 0.523796 0.536257 0.533858 0.499166 0.454386 0.513464 0.448042 0.428059 0.428263 0.453424 0.409438 0.382323 0.357041 
0.393688 0.445370 0.573743 0.429220 0.410220 0.493745 0.510439 0.553014 0.535115 0.528128 0.470187 0.499191 0.500581 0.502484 0.473715 0.328773 
351 vad:0.000383
gains: 0.633035 0.533796 0.478063 0.524060 0.536614 0.534302 0.499780 0.454876 0.513806 0.448314 0.428288 0.428538 0.453779 0.409653 0.382348 0.357210 
0.394025 0.445703 0.574134 0.429389 0.410482 0.494411 0.510823 0.553270 0.535587 0.528677 0.470860 0.500061 0.501475 0.503298 0.474251 0.329299 
352 vad:0.000407
gains: 0.633189 0.534090 0.478193 0.524309 0.536947 0.534717 0.500457 0.455466 0.514230 0.448630 0.428562 0.428872 0.454205 0.409885 0.382379 0.357489 
0.394421 0.446057 0.574506 0.429549 0.410689 0.495142 0.511300 0.553615 0.536119 0.529244 0.471568 0.500913 0.502305 0.504080 0.474751 0.329832 
353 vad:0.000334
gains: 0.633388 0.534446 0.478333 0.524509 0.537259 0.535116 0.501086 0.456007 0.514630 0.448932 0.428783 0.429188 0.454637 0.410232 0.382516 0.357727 
0.394843 0.446463 0.574937 0.429756 0.411006 0.495891 0.511812 0.554031 0.536703 0.529854 0.472343 0.501870 0.503262 0.504947 0.475311 0.330403 
354 vad:0.000414
gains: 0.633439 0.534781 0.478584 0.524816 0.537680 0.535585 0.501737 0.456506 0.514948 0.449169 0.428985 0.429425 0.454933 0.410406 0.382535 0.358012 
0.395332 0.446912 0.575400 0.430023 0.411348 0.496629 0.512259 0.554373 0.537224 0.530421 0.473003 0.502679 0.504041 0.505634 0.475723 0.330796 
355 vad:0.000517
gains: 0.633649 0.535285 0.478887 0.525179 0.538115 0.536130 0.502495 0.457148 0.515384 0.449498 0.429257 0.429748 0.455378 0.410676 0.382562 0.358179 
0.395712 0.447209 0.575789 0.430220 0.411602 0.497330 0.512724 0.554758 0.537807 0.531007 0.473729 0.503590 0.504951 0.506480 0.476262 0.331365 
356 vad:0.000488
gains: 0.633760 0.535656 0.479121 0.525486 0.538533 0.536603 0.503190 0.457715 0.515791 0.449798 0.429501 0.430026 0.455704 0.410952 0.382723 0.358511 
0.396152 0.447645 0.576226 0.430467 0.411949 0.498108 0.513179 0.555091 0.538344 0.531637 0.474506 0.504494 0.505855 0.507275 0.476793 0.331911 
357 vad:0.000371
gains: 0.633858 0.535975 0.479225 0.525648 0.538855 0.536986 0.503768 0.458219 0.516183 0.450110 0.429762 0.430312 0.456063 0.411159 0.382738 0.358801 
0.396706 0.448125 0.576667 0.430677 0.412211 0.498891 0.513667 0.555446 0.538895 0.532227 0.475195 0.505335 0.506698 0.508037 0.477297 0.332392 
358 vad:0.000501
gains: 0.633985 0.536294 0.479411 0.525916 0.539162 0.537358 0.504382 0.458720 0.516476 0.450313 0.429923 0.430588 0.456444 0.411440 0.382873 0.359094 
0.397132 0.448503 0.577099 0.430948 0.412612 0.499680 0.514250 0.555952 0.539554 0.532894 0.475977 0.506247 0.507600 0.508896 0.477879 0.332997 
359 vad:0.000383
gains: 0.634119 0.536662 0.479643 0.526243 0.539560 0.537781 0.505012 0.459260 0.516870 0.450631 0.430202 0.430918 0.456880 0.411706 0.382982 0.359383 
0.397605 0.448901 0.577444 0.431026 0.412780 0.500351 0.514659 0.556259 0.540050 0.533459 0.476657 0.507082 0.508421 0.509612 0.478321 0.333454 
360 vad:0.000517
gains: 0.634375 0.537120 0.479877 0.526512 0.539899 0.538136 0.505581 0.459720 0.517149 0.450820 0.430334 0.431115 0.457147 0.411860 0.382968 0.359574 
0.397950 0.449202 0.577772 0.431186 0.412988 0.501031 0.515130 0.556569 0.540534 0.534014 0.477331 0.507934 0.509280 0.510398 0.478810 0.333932 
361 vad:0.000389
gains: 0.634468 0.537453 0.480090 0.526814 0.540317 0.538663 0.506365 0.460373 0.517639 0.451216 0.430700 0.431506 0.457566 0.412174 0.383073 0.359838 
0.398383 0.449570 0.578139 0.431420 0.413396 0.501844 0.515601 0.556975 0.541142 0.534653 0.478110 0.508851 0.510178 0.511227 0.479344 0.334530 
362 vad:0.000378
gains: 0.634590 0.537863 0.480350 0.527126 0.540718 0.539068 0.506950 0.460868 0.517957 0.451468 0.430890 0.431770 0.457915 0.412307 0.383027 0.360049 
0.398763 0.449931 0.578501 0.431561 0.413604 0.502510 0.516070 0.557325 0.541632 0.535163 0.478711 0.509594 0.510951 0.511950 0.479835 0.334967 
363 vad:0.000533
gains: 0.634650 0.538127 0.480448 0.527256 0.540940 0.539473 0.507566 0.461372 0.518309 0.451759 0.431134 0.432022 0.458237 0.412541 0.383075 0.360251 
0.399178 0.450295 0.578932 0.431836 0.413927 0.503214 0.516503 0.557660 0.542216 0.535780 0.479439 0.510460 0.511768 0.512720 0.480328 0.335481 
364 vad:0.000540
gains: 0.634760 0.538503 0.480666 0.527582 0.541324 0.539834 0.508137 0.461860 0.518604 0.451925 0.431278 0.432308 0.458661 0.412788 0.383101 0.360499 
0.399591 0.450721 0.579311 0.431999 0.414189 0.503975 0.517035 0.558042 0.542755 0.536397 0.480182 0.511345 0.512680 0.513547 0.480859 0.336048 
365 vad:0.000526
gains: 0.635000 0.538990 0.480995 0.527914 0.541756 0.540321 0.508868 0.462475 0.519047 0.452296 0.431598 0.432664 0.459090 0.413114 0.383312 0.360874 
0.400129 0.451154 0.579776 0.432281 0.414563 0.504780 0.517569 0.558463 0.543377 0.537045 0.480963 0.512261 0.513586 0.514379 0.481429 0.336625 
366 vad:0.000503
gains: 0.635088 0.539309 0.481195 0.528188 0.542103 0.540706 0.509441 0.462955 0.519345 0.452492 0.431791 0.432921 0.459428 0.413336 0.383338 0.361068 
0.400578 0.451524 0.580089 0.432407 0.414771 0.505454 0.518014 0.558804 0.543890 0.537553 0.481571 0.513020 0.514328 0.515071 0.481861 0.337101 
367 vad:0.000557
gains: 0.635231 0.539730 0.481486 0.528502 0.542500 0.541194 0.510152 0.463559 0.519789 0.452834 0.432067 0.433221 0.459791 0.413576 0.383398 0.361345 
0.401005 0.451910 0.580517 0.432668 0.415157 0.506243 0.518564 0.559241 0.544493 0.538247 0.482364 0.513898 0.515220 0.515886 0.482417 0.337706 
368 vad:0.000358
gains: 0.635339 0.540040 0.481561 0.528668 0.542783 0.541486 0.510661 0.463963 0.520055 0.453053 0.432233 0.433449 0.460127 0.413771 0.383375 0.361509 
0.401381 0.452254 0.580848 0.432816 0.415378 0.506898 0.518952 0.559511 0.544976 0.538764 0.482972 0.514655 0.515981 0.516605 0.482883 0.338147 
369 vad:0.000515
gains: 0.635426 0.540411 0.481829 0.528989 0.543156 0.541917 0.511301 0.464508 0.520443 0.453369 0.432533 0.433807 0.460541 0.414017 0.383489 0.361796 
0.401794 0.452623 0.581264 0.433034 0.415686 0.507619 0.519397 0.559854 0.545502 0.539308 0.483633 0.515474 0.516784 0.517391 0.483412 0.338716 
370 vad:0.000449
gains: 0.635507 0.540747 0.482014 0.529258 0.543557 0.542348 0.511945 0.465049 0.520793 0.453626 0.432772 0.434121 0.460990 0.414348 0.383599 0.362106 
0.402342 0.453085 0.581695 0.433298 0.416021 0.508362 0.519930 0.560292 0.546126 0.539973 0.484418 0.516373 0.517681 0.518198 0.483969 0.339302 
371 vad:0.000399
gains: 0.635579 0.541076 0.482233 0.529496 0.543800 0.542681 0.512488 0.465473 0.521098 0.453887 0.432982 0.434389 0.461304 0.414505 0.383547 0.362273 
0.402683 0.453362 0.581969 0.433448 0.416260 0.509052 0.520445 0.560676 0.546691 0.540594 0.485143 0.517210 0.518506 0.518959 0.484482 0.339833 
372 vad:0.000485
gains: 0.635805 0.541549 0.482483 0.529793 0.544163 0.543107 0.513161 0.466053 0.521465 0.454145 0.433222 0.434666 0.461630 0.414719 0.383624 0.362544 
0.403136 0.453765 0.582354 0.433633 0.416551 0.509845 0.520913 0.560978 0.547184 0.541167 0.485831 0.518052 0.519359 0.519770 0.485012 0.340399 
373 vad:0.000562
gains: 0.636032 0.542049 0.482824 0.530095 0.544527 0.543514 0.513716 0.466501 0.521733 0.454343 0.433416 0.434949 0.462032 0.415014 0.383737 0.362873 
0.403637 0.454232 0.582774 0.433902 0.416913 0.510629 0.521492 0.561391 0.547746 0.541784 0.486552 0.518891 0.520197 0.520513 0.485518 0.340949 
374 vad:0.000368
gains: 0.636077 0.542383 0.483061 0.530413 0.544931 0.543993 0.514396 0.467091 0.522191 0.454734 0.433746 0.435289 0.462455 0.415359 0.383899 0.363166 
0.404136 0.454635 0.583166 0.434098 0.417283 0.511439 0.522099 0.561877 0.548384 0.542449 0.487332 0.519826 0.521153 0.521455 0.486187 0.341592 
375 vad:0.000474
gains: 0.636104 0.542669 0.483228 0.530584 0.545142 0.544250 0.514903 0.467539 0.522497 0.454945 0.433884 0.435465 0.462704 0.415525 0.383883 0.363365 
0.404524 0.454987 0.583485 0.434254 0.417560 0.512107 0.522507 0.562207 0.548937 0.542997 0.487965 0.520579 0.521893 0.522175 0.486700 0.342165 
376 vad:0.000412
gains: 0.636179 0.543003 0.483464 0.530882 0.545522 0.544659 0.515551 0.468072 0.522906 0.455324 0.434229 0.435874 0.463139 0.415824 0.384062 0.363729 
0.405081 0.455478 0.583935 0.434547 0.417960 0.512932 0.523111 0.562696 0.549591 0.543701 0.488789 0.521561 0.522876 0.523099 0.487335 0.342752 
377 vad:0.000385
gains: 0.636386 0.543482 0.483815 0.531185 0.545846 0.545035 0.516095 0.468550 0.523227 0.455573 0.434471 0.436180 0.463518 0.416061 0.384111 0.363967 
0.405484 0.455834 0.584336 0.434793 0.418314 0.513737 0.523631 0.563086 0.550175 0.544295 0.489452 0.522337 0.523666 0.523862 0.487857 0.343322 
378 vad:0.000403
gains: 0.636540 0.543840 0.483952 0.531373 0.546157 0.545438 0.516701 0.469053 0.523547 0.455808 0.434698 0.436459 0.463882 0.416316 0.384178 0.364202 
0.405866 0.456220 0.584698 0.434965 0.418574 0.514417 0.524091 0.563440 0.550710 0.544906 0.490174 0.523184 0.524536 0.524686 0.488435 0.343884 
379 vad:0.000478
gains: 0.636555 0.544194 0.484260 0.531729 0.546529 0.545848 0.517308 0.469566 0.523892 0.456081 0.434923 0.436702 0.464201 0.416545 0.384235 0.364450 
0.406331 0.456557 0.585056 0.435177 0.418844 0.515113 0.524597 0.563793 0.551255 0.545479 0.490854 0.524017 0.525343 0.525493 0.488981 0.344495 
380 vad:0.000468
gains: 0.636783 0.544637 0.484510 0.531980 0.546876 0.546275 0.517953 0.470122 0.524269 0.456373 0.435169 0.437023 0.464610 0.416808 0.384318 0.364754 
0.406827 0.457037 0.585485 0.435444 0.419218 0.515919 0.525172 0.564257 0.551853 0.546094 0.491519 0.524815 0.526140 0.526268 0.489510 0.345069 
381 vad:0.000441
gains: 0.636940 0.545014 0.484758 0.532307 0.547265 0.546642 0.518539 0.470624 0.524626 0.456647 0.435401 0.437335 0.465000 0.417082 0.384373 0.364968 
0.407263 0.457395 0.585893 0.435706 0.419598 0.516665 0.525645 0.564623 0.552398 0.546662 0.492224 0.525635 0.526969 0.527057 0.490060 0.345641 
382 vad:0.000554
gains: 0.636986 0.545369 0.484956 0.532505 0.547530 0.546986 0.519099 0.471141 0.524998 0.456922 0.435635 0.437636 0.465381 0.417327 0.384423 0.365222 
0.407666 0.457704 0.586165 0.435855 0.419899 0.517367 0.526095 0.564948 0.552979 0.547317 0.492971 0.526522 0.527854 0.527918 0.490682 0.346301 
383 vad:0.000473
gains: 0.637020 0.545726 0.485261 0.532820 0.547891 0.547425 0.519706 0.471623 0.525394 0.457298 0.435975 0.438002 0.465816 0.417642 0.384579 0.365498 
0.408156 0.458132 0.586593 0.436070 0.420214 0.518069 0.526594 0.565351 0.553539 0.547894 0.493658 0.527337 0.528680 0.528737 0.491238 0.346899 
384 vad:0.000406
gains: 0.637182 0.546129 0.485528 0.533056 0.548151 0.547781 0.520284 0.472118 0.525681 0.457454 0.436116 0.438196 0.466079 0.417855 0.384656 0.365789 
0.408601 0.458552 0.586995 0.436329 0.420618 0.518942 0.527253 0.565846 0.554157 0.548559 0.494417 0.528201 0.529603 0.529614 0.491886 0.347574 
385 vad:0.000491
gains: 0.637281 0.546445 0.485756 0.533344 0.548451 0.548052 0.520766 0.472550 0.525990 0.457715 0.436357 0.438520 0.466458 0.418062 0.384625 0.365944 
0.408954 0.458854 0.587307 0.436485 0.420864 0.519540 0.527652 0.566121 0.554656 0.549084 0.495028 0.528942 0.530311 0.530306 0.492318 0.348087 
386 vad:0.000422
gains: 0.637514 0.546993 0.486053 0.533642 0.548815 0.548451 0.521368 0.473066 0.526331 0.457972 0.436573 0.438776 0.466828 0.418305 0.384751 0.366240 
0.409416 0.459234 0.587682 0.436726 0.421197 0.520312 0.528207 0.566546 0.555223 0.549671 0.495730 0.529797 0.531181 0.531147 0.492908 0.348672 
387 vad:0.000521
gains: 0.637512 0.547227 0.486244 0.533884 0.549094 0.548744 0.521866 0.473476 0.526606 0.458202 0.436794 0.439062 0.467174 0.418540 0.384813 0.366502 
0.409828 0.459557 0.587921 0.436849 0.421509 0.521028 0.528707 0.566900 0.555731 0.550247 0.496397 0.530563 0.531987 0.531905 0.493470 0.349257 
388 vad:0.000398
gains: 0.637527 0.547565 0.486492 0.534151 0.549429 0.549151 0.522464 0.474026 0.527000 0.458521 0.437075 0.439386 0.467539 0.418783 0.384872 0.366771 
0.410310 0.459957 0.588316 0.437127 0.421903 0.521790 0.529216 0.567314 0.556378 0.550864 0.497102 0.531363 0.532784 0.532704 0.494021 0.349867 
389 vad:0.000394
gains: 0.637746 0.548074 0.486913 0.534533 0.549835 0.549531 0.523019 0.474481 0.527276 0.458739 0.437288 0.439655 0.467901 0.419065 0.384949 0.367017 
0.410738 0.460343 0.588632 0.437297 0.422172 0.522492 0.529758 0.567750 0.556958 0.551522 0.497828 0.532232 0.533677 0.533557 0.494610 0.350438 
390 vad:0.000371
gains: 0.637821 0.548388 0.487082 0.534710 0.550074 0.549882 0.523569 0.474933 0.527565 0.458957 0.437501 0.439936 0.468234 0.419274 0.384993 0.367157 
0.411096 0.460661 0.588963 0.437468 0.422489 0.523145 0.530129 0.568032 0.557454 0.552017 0.498409 0.532930 0.534391 0.534268 0.495087 0.350974 
391 vad:0.000429
gains: 0.637949 0.548706 0.487274 0.534931 0.550372 0.550227 0.524123 0.475445 0.527940 0.459248 0.437768 0.440282 0.468686 0.419578 0.385070 0.367433 
0.411532 0.461068 0.589381 0.437720 0.422842 0.523913 0.530704 0.568506 0.558108 0.552661 0.499131 0.533799 0.535251 0.535135 0.495715 0.351672 
392 vad:0.000529
gains: 0.638156 0.549209 0.487638 0.535261 0.550757 0.550678 0.524821 0.476023 0.528326 0.459560 0.438060 0.440626 0.469110 0.419898 0.385179 0.367716 
0.412042 0.461409 0.589682 0.437911 0.423149 0.524626 0.531196 0.568861 0.558626 0.553226 0.499823 0.534607 0.536089 0.535924 0.496270 0.352221 
393 vad:0.000463
gains: 0.638162 0.549473 0.487869 0.535541 0.550987 0.550935 0.525288 0.476412 0.528589 0.459793 0.438288 0.440889 0.469432 0.420119 0.385241 0.367948 
0.412420 0.461751 0.590047 0.438125 0.423476 0.525325 0.531729 0.569245 0.559196 0.553819 0.500495 0.535409 0.536914 0.536732 0.496809 0.352808 
394 vad:0.000574
gains: 0.638212 0.549878 0.488129 0.535828 0.551342 0.551338 0.525879 0.476939 0.528947 0.460065 0.438509 0.441144 0.469722 0.420324 0.385309 0.368169 
0.412852 0.462178 0.590423 0.438409 0.423829 0.526086 0.532315 0.569701 0.559798 0.554462 0.501195 0.536205 0.537722 0.537510 0.497362 0.353387 
395 vad:0.000497
gains: 0.638378 0.550333 0.488483 0.536108 0.551644 0.551715 0.526422 0.477367 0.529207 0.460291 0.438730 0.441425 0.470112 0.420560 0.385336 0.368399 
0.413242 0.462506 0.590775 0.438572 0.424107 0.526747 0.532752 0.570040 0.560333 0.555036 0.501876 0.537015 0.538510 0.538309 0.497929 0.353988 
396 vad:0.000426
gains: 0.638510 0.550660 0.488662 0.536268 0.551788 0.551857 0.526793 0.477704 0.529356 0.460384 0.438821 0.441592 0.470340 0.420658 0.385288 0.368586 
0.413563 0.462724 0.591009 0.438720 0.424401 0.527488 0.533229 0.570377 0.560890 0.555615 0.502537 0.537785 0.539307 0.539044 0.498413 0.354537 
397 vad:0.000493
gains: 0.638568 0.551020 0.488941 0.536639 0.552225 0.552318 0.527479 0.478299 0.529785 0.460744 0.439167 0.442016 0.470835 0.421033 0.385499 0.368919 
0.414083 0.463247 0.591470 0.439008 0.424796 0.528239 0.533782 0.570797 0.561415 0.556213 0.503236 0.538596 0.540160 0.539905 0.499053 0.355185 
398 vad:0.000607
gains: 0.638777 0.551442 0.489243 0.536954 0.552572 0.552719 0.528046 0.478792 0.530176 0.461082 0.439486 0.442358 0.471235 0.421362 0.385616 0.369175 
0.414594 0.463686 0.591859 0.439255 0.425171 0.529020 0.534363 0.571294 0.562108 0.556927 0.504040 0.539516 0.541093 0.540833 0.499734 0.355895 
399 vad:0.000439
gains: 0.638802 0.551792 0.489486 0.537110 0.552808 0.553000 0.528511 0.479187 0.530376 0.461219 0.439648 0.442570 0.471521 0.421531 0.385615 0.369350 
0.414918 0.463954 0.592116 0.439354 0.425429 0.529647 0.534808 0.571611 0.562606 0.557493 0.504693 0.540266 0.541892 0.541600 0.500273 0.356466 
400 vad:0.000519
gains: 0.638926 0.552183 0.489773 0.537414 0.553118 0.553302 0.529030 0.479653 0.530689 0.461449 0.439843 0.442820 0.471836 0.421746 0.385708 0.369633 
0.415396 0.464348 0.592521 0.439674 0.425830 0.530445 0.535425 0.572119 0.563220 0.558059 0.505356 0.541036 0.542677 0.542393 0.500844 0.357056 
401 vad:0.000374
gains: 0.639053 0.552492 0.489988 0.537721 0.553371 0.553576 0.529536 0.480082 0.531010 0.461752 0.440122 0.443144 0.472186 0.421950 0.385741 0.369881 
0.415793 0.464685 0.592806 0.439865 0.426131 0.531125 0.535878 0.572426 0.563722 0.558618 0.505981 0.541783 0.543429 0.543155 0.501377 0.357654 
402 vad:0.000550
gains: 0.639159 0.552979 0.490401 0.538047 0.553744 0.554008 0.530123 0.480603 0.531376 0.462054 0.440419 0.443487 0.472556 0.422244 0.385881 0.370127 
0.416209 0.465053 0.593136 0.440012 0.426469 0.531853 0.536368 0.572764 0.564223 0.559126 0.506554 0.542484 0.544186 0.543911 0.501902 0.358218 
403 vad:0.000349
gains: 0.639164 0.553179 0.490519 0.538168 0.553899 0.554224 0.530541 0.480964 0.531603 0.462217 0.440539 0.443660 0.472846 0.422426 0.385873 0.370279 
0.416506 0.465349 0.593435 0.440231 0.426740 0.532501 0.536843 0.573151 0.564782 0.559720 0.507248 0.543269 0.544959 0.544670 0.502465 0.358811 
404 vad:0.000450
gains: 0.639328 0.553606 0.490854 0.538475 0.554237 0.554589 0.531071 0.481439 0.531942 0.462527 0.440830 0.443977 0.473212 0.422689 0.385952 0.370552 
0.416994 0.465747 0.593792 0.440460 0.427112 0.533237 0.537391 0.573577 0.565385 0.560328 0.507951 0.544071 0.545767 0.545477 0.503038 0.359466 
405 vad:0.000363
gains: 0.639440 0.554012 0.491175 0.538761 0.554539 0.554946 0.531646 0.481948 0.532254 0.462758 0.441040 0.444243 0.473560 0.422902 0.385976 0.370733 
0.417346 0.466014 0.594075 0.440626 0.427440 0.533930 0.537886 0.573953 0.565914 0.560905 0.508576 0.544798 0.546552 0.546285 0.503655 0.360081 
406 vad:0.000463
gains: 0.639601 0.554388 0.491392 0.538992 0.554801 0.555223 0.532126 0.482368 0.532553 0.462979 0.441272 0.444571 0.473979 0.423227 0.386077 0.371066 
0.417840 0.466408 0.594424 0.440873 0.427788 0.534653 0.538396 0.574314 0.566518 0.561547 0.509294 0.545619 0.547408 0.547109 0.504267 0.360743 
407 vad:0.000559
gains: 0.639750 0.554790 0.491675 0.539319 0.555113 0.555598 0.532756 0.482908 0.532927 0.463312 0.441574 0.444876 0.474332 0.423503 0.386186 0.371328 
0.418274 0.466825 0.594849 0.441177 0.428190 0.535387 0.538939 0.574739 0.567046 0.562123 0.509970 0.546435 0.548230 0.547964 0.504853 0.361367 
408 vad:0.000372
gains: 0.639778 0.555148 0.492048 0.539673 0.555426 0.555899 0.533201 0.483283 0.533166 0.463520 0.441777 0.445143 0.474675 0.423760 0.386337 0.371624 
0.418711 0.467183 0.595137 0.441367 0.428561 0.536118 0.539451 0.575175 0.567648 0.562699 0.510611 0.547160 0.548978 0.548716 0.505419 0.361979 
409 vad:0.000534
gains: 0.639942 0.555523 0.492303 0.539858 0.555612 0.556157 0.533673 0.483689 0.533422 0.463726 0.441992 0.445440 0.475044 0.423979 0.386362 0.371810 
0.419089 0.467474 0.595408 0.441505 0.428778 0.536758 0.539931 0.575480 0.568118 0.563192 0.511224 0.547883 0.549740 0.549511 0.506001 0.362589 
410 vad:0.000386
gains: 0.639940 0.555842 0.492540 0.540145 0.555938 0.556410 0.534110 0.484114 0.533684 0.463908 0.442165 0.445661 0.475305 0.424172 0.386426 0.372034 
0.419476 0.467883 0.595844 0.441798 0.429158 0.537447 0.540435 0.575888 0.568655 0.563736 0.511846 0.548590 0.550493 0.550267 0.506558 0.363146 
411 vad:0.000499
gains: 0.640096 0.556223 0.492795 0.540398 0.556228 0.556789 0.534681 0.484575 0.534001 0.464200 0.442458 0.445984 0.475679 0.424454 0.386515 0.372264 
0.419868 0.468205 0.596094 0.441909 0.429518 0.538137 0.540849 0.576222 0.569207 0.564328 0.512490 0.549342 0.551238 0.551006 0.507101 0.363747 
412 vad:0.000556
gains: 0.640235 0.556626 0.493125 0.540711 0.556480 0.557069 0.535151 0.484966 0.534250 0.464387 0.442621 0.446242 0.475984 0.424643 0.386525 0.372492 
0.420324 0.468530 0.596416 0.442197 0.429864 0.538871 0.541384 0.576609 0.569765 0.564898 0.513146 0.550125 0.552045 0.551831 0.507697 0.364400 
413 vad:0.000478
gains: 0.640403 0.557063 0.493488 0.540976 0.556790 0.557431 0.535704 0.485464 0.534577 0.464669 0.442883 0.446510 0.476324 0.424913 0.386674 0.372742 
0.420680 0.468874 0.596743 0.442399 0.430207 0.539553 0.541929 0.577031 0.570317 0.565473 0.513785 0.550858 0.552812 0.552647 0.508334 0.365070 
414 vad:0.000508
gains: 0.640459 0.557330 0.493592 0.541095 0.556909 0.557530 0.535997 0.485730 0.534725 0.464827 0.443060 0.446714 0.476555 0.425073 0.386670 0.372912 
0.421068 0.469161 0.597004 0.442507 0.430465 0.540252 0.542477 0.577414 0.570897 0.566072 0.514466 0.551675 0.553639 0.553488 0.508939 0.365746 
415 vad:0.000606
gains: 0.640614 0.557734 0.493982 0.541532 0.557365 0.558009 0.536683 0.486319 0.535134 0.465165 0.443396 0.447092 0.476997 0.425423 0.386775 0.373234 
0.421583 0.469628 0.597420 0.442800 0.430881 0.541002 0.542997 0.577817 0.571492 0.566712 0.515156 0.552456 0.554465 0.554286 0.509518 0.366363 
416 vad:0.000466
gains: 0.640706 0.558121 0.494282 0.541743 0.557530 0.558243 0.537087 0.486724 0.535400 0.465339 0.443532 0.447279 0.477245 0.425607 0.386834 0.373479 
0.421968 0.469969 0.597819 0.443136 0.431341 0.541770 0.543562 0.578220 0.572025 0.567262 0.515831 0.553229 0.555236 0.555085 0.510131 0.366998 
417 vad:0.000372
gains: 0.640828 0.558485 0.494607 0.542056 0.557859 0.558616 0.537690 0.487257 0.535808 0.465697 0.443867 0.447630 0.477611 0.425850 0.386934 0.373682 
0.422355 0.470301 0.598116 0.443318 0.431643 0.542384 0.543976 0.578586 0.572604 0.567863 0.516501 0.554038 0.556070 0.555941 0.510750 0.367674 
418 vad:0.000391
gains: 0.640914 0.558830 0.494844 0.542330 0.558137 0.558849 0.538087 0.487617 0.536037 0.465909 0.444083 0.447925 0.478021 0.426140 0.387013 0.373914 
0.422798 0.470625 0.598375 0.443432 0.431879 0.543017 0.544470 0.578946 0.573085 0.568355 0.517063 0.554653 0.556706 0.556610 0.511237 0.368205 
419 vad:0.000515
gains: 0.641108 0.559265 0.495155 0.542606 0.558379 0.559146 0.538601 0.488086 0.536351 0.466148 0.444280 0.448148 0.478286 0.426369 0.387125 0.374203 
0.423224 0.471007 0.598743 0.443711 0.432296 0.543760 0.545036 0.579387 0.573672 0.568958 0.517725 0.555436 0.557534 0.557467 0.511867 0.368868 
420 vad:0.000574
gains: 0.641304 0.559690 0.495505 0.542913 0.558693 0.559454 0.539069 0.488511 0.536657 0.466421 0.444546 0.448469 0.478662 0.426636 0.387184 0.374438 
0.423626 0.471357 0.599077 0.443927 0.432667 0.544499 0.545590 0.579838 0.574296 0.569575 0.518409 0.556226 0.558313 0.558268 0.512489 0.369519 
421 vad:0.000441
gains: 0.641389 0.560105 0.495827 0.543147 0.558977 0.559807 0.539584 0.488929 0.536920 0.466645 0.444772 0.448740 0.479012 0.426873 0.387258 0.374659 
0.424069 0.471719 0.599371 0.444137 0.432972 0.545117 0.546019 0.580164 0.574788 0.570142 0.519073 0.556997 0.559107 0.559074 0.513070 0.370121 
422 vad:0.000500
gains: 0.641346 0.560292 0.496034 0.543375 0.559096 0.559926 0.539907 0.489199 0.537032 0.466770 0.444918 0.448929 0.479250 0.427053 0.387312 0.374903 
0.424408 0.472034 0.599669 0.444319 0.433278 0.545771 0.546469 0.580493 0.575278 0.570644 0.519631 0.557662 0.559829 0.559815 0.513602 0.370726 
423 vad:0.000599
gains: 0.641436 0.560675 0.496318 0.543689 0.559422 0.560244 0.540439 0.489640 0.537354 0.467076 0.445221 0.449277 0.479643 0.427340 0.387410 0.375089 
0.424802 0.472326 0.599997 0.444618 0.433690 0.546471 0.547014 0.580911 0.575823 0.571189 0.520257 0.558393 0.560595 0.560604 0.514185 0.371336 
424 vad:0.000419
gains: 0.641636 0.561149 0.496710 0.544033 0.559751 0.560622 0.540971 0.490124 0.537648 0.467288 0.445442 0.449539 0.479940 0.427592 0.387538 0.375394 
0.425253 0.472707 0.600292 0.444778 0.433989 0.547090 0.547472 0.581234 0.576316 0.571715 0.520872 0.559081 0.561298 0.561320 0.514716 0.371928 
425 vad:0.000488
gains: 0.641694 0.561416 0.496925 0.544275 0.560002 0.560901 0.541445 0.490577 0.537982 0.467579 0.445754 0.449911 0.480376 0.427893 0.387626 0.375595 
0.425647 0.473017 0.600665 0.445081 0.434428 0.547889 0.548049 0.581708 0.576950 0.572336 0.521575 0.559880 0.562111 0.562133 0.515315 0.372574 
426 vad:0.000559
gains: 0.641860 0.561889 0.497310 0.544549 0.560287 0.561192 0.541851 0.490963 0.538266 0.467841 0.446004 0.450211 0.480730 0.428150 0.387764 0.375909 
0.426085 0.473443 0.600943 0.445209 0.434685 0.548530 0.548573 0.582085 0.577499 0.572913 0.522196 0.560603 0.562870 0.562928 0.515911 0.373225 
427 vad:0.000482
gains: 0.642019 0.562263 0.497617 0.544842 0.560553 0.561500 0.542387 0.491402 0.538571 0.468108 0.446246 0.450473 0.481036 0.428394 0.387861 0.376108 
0.426462 0.473812 0.601338 0.445537 0.435146 0.549226 0.549065 0.582510 0.578084 0.573476 0.522842 0.561346 0.563664 0.563763 0.516560 0.373923 
428 vad:0.000513
gains: 0.642084 0.562593 0.497893 0.545074 0.560809 0.561753 0.542817 0.491767 0.538751 0.468222 0.446344 0.450612 0.481230 0.428550 0.387886 0.376325 
0.426845 0.474108 0.601553 0.445618 0.435352 0.549796 0.549471 0.582832 0.578626 0.574064 0.523489 0.562099 0.564428 0.564528 0.517095 0.374476 
429 vad:0.000576
gains: 0.642176 0.562883 0.498069 0.545237 0.560933 0.561875 0.543134 0.492049 0.538886 0.468310 0.446455 0.450798 0.481508 0.428712 0.387860 0.376437 
0.427110 0.474310 0.601786 0.445775 0.435680 0.550438 0.549899 0.583167 0.579081 0.574503 0.524017 0.562706 0.565067 0.565194 0.517572 0.375013 
430 vad:0.000454
gains: 0.642452 0.563359 0.498479 0.545650 0.561302 0.562340 0.543742 0.492560 0.539265 0.468689 0.446836 0.451202 0.481919 0.429009 0.387991 0.376738 
0.427600 0.474712 0.602119 0.446041 0.436078 0.551151 0.550404 0.583552 0.579682 0.575133 0.524696 0.563473 0.565881 0.565981 0.518210 0.375669 
431 vad:0.000478
gains: 0.642454 0.563711 0.498786 0.545909 0.561498 0.562475 0.544110 0.492906 0.539471 0.468880 0.447016 0.451424 0.482188 0.429211 0.388033 0.377008 
0.428015 0.475046 0.602458 0.446318 0.436418 0.551872 0.550973 0.583952 0.580195 0.575657 0.525295 0.564145 0.566598 0.566760 0.518757 0.376228 
432 vad:0.000543
gains: 0.642596 0.564079 0.499030 0.546138 0.561793 0.562789 0.544605 0.493392 0.539841 0.469157 0.447294 0.451766 0.482572 0.429532 0.388178 0.377248 
0.428430 0.475439 0.602844 0.446537 0.436816 0.552543 0.551486 0.584384 0.580758 0.576227 0.525928 0.564861 0.567353 0.567558 0.519398 0.376956 
433 vad:0.000402
gains: 0.642687 0.564411 0.499275 0.546393 0.562061 0.563098 0.545071 0.493767 0.540080 0.469366 0.447522 0.452047 0.482908 0.429767 0.388293 0.377509 
0.428823 0.475770 0.603118 0.446717 0.437131 0.553174 0.551902 0.584677 0.581237 0.576747 0.526512 0.565584 0.568086 0.568301 0.519926 0.377510 
434 vad:0.000458
gains: 0.642835 0.564864 0.499693 0.546759 0.562444 0.563474 0.545589 0.494233 0.540396 0.469663 0.447840 0.452395 0.483320 0.430083 0.388446 0.377789 
0.429306 0.476200 0.603513 0.446986 0.437549 0.553887 0.552456 0.585172 0.581879 0.577387 0.527204 0.566332 0.568868 0.569118 0.520587 0.378205 
435 vad:0.000605
gains: 0.642948 0.565222 0.500011 0.547012 0.562595 0.563689 0.546055 0.494667 0.540674 0.469895 0.448074 0.452665 0.483608 0.430293 0.388476 0.378021 
0.429645 0.476419 0.603714 0.447140 0.437861 0.554565 0.552981 0.585557 0.582399 0.577935 0.527819 0.567035 0.569632 0.569938 0.521213 0.378879 
436 vad:0.000583
gains: 0.643048 0.565494 0.500211 0.547220 0.562793 0.563865 0.546377 0.494942 0.540791 0.469945 0.448114 0.452754 0.483773 0.430424 0.388447 0.378151 
0.429936 0.476654 0.603915 0.447249 0.438123 0.555094 0.553301 0.585785 0.582801 0.578346 0.528315 0.567662 0.570277 0.570632 0.521726 0.379462 
437 vad:0.000393
gains: 0.643213 0.565888 0.500549 0.547505 0.563012 0.564096 0.546810 0.495326 0.541010 0.470159 0.448339 0.452993 0.484039 0.430617 0.388479 0.378325 
0.430284 0.476979 0.604215 0.447474 0.438462 0.555752 0.553828 0.586147 0.583338 0.578927 0.528967 0.568374 0.571044 0.571388 0.522300 0.380085 
438 vad:0.000461
gains: 0.643255 0.566116 0.500772 0.547748 0.563270 0.564305 0.547148 0.495625 0.541207 0.470325 0.448492 0.453218 0.484353 0.430863 0.388617 0.378586 
0.430700 0.477375 0.604580 0.447717 0.438847 0.556451 0.554358 0.586579 0.583853 0.579429 0.529542 0.569048 0.571735 0.572131 0.522845 0.380658 
439 vad:0.000572
gains: 0.643371 0.566520 0.501066 0.548006 0.563511 0.564610 0.547659 0.496104 0.541561 0.470637 0.448789 0.453504 0.484654 0.431122 0.388734 0.378872 
0.431131 0.477740 0.604928 0.447961 0.439213 0.557157 0.554912 0.587011 0.584449 0.580027 0.530221 0.569843 0.572571 0.573022 0.523558 0.381385 
440 vad:0.000625
gains: 0.643569 0.567081 0.501591 0.548446 0.563940 0.564974 0.548176 0.496589 0.541930 0.470984 0.449141 0.453902 0.485092 0.431418 0.388814 0.379119 
0.431602 0.478137 0.605245 0.448197 0.439611 0.557852 0.555487 0.587460 0.585049 0.580631 0.530827 0.570506 0.573299 0.573764 0.524140 0.381973 
441 vad:0.000397
gains: 0.643653 0.567329 0.501785 0.548637 0.564033 0.565123 0.548544 0.496907 0.542111 0.471132 0.449302 0.454115 0.485379 0.431674 0.388927 0.379338 
0.431899 0.478393 0.605513 0.448351 0.439873 0.558395 0.555887 0.587768 0.585496 0.581085 0.531366 0.571141 0.573952 0.574405 0.524631 0.382544 
442 vad:0.000520
gains: 0.643819 0.567822 0.502207 0.548980 0.564352 0.565442 0.549054 0.497395 0.542440 0.471386 0.449524 0.454386 0.485710 0.431976 0.389139 0.379663 
0.432415 0.478799 0.605809 0.448577 0.440244 0.559085 0.556422 0.588163 0.586070 0.581667 0.532003 0.571852 0.574655 0.575169 0.525202 0.383190 
443 vad:0.000578
gains: 0.643972 0.568155 0.502458 0.549175 0.564542 0.565642 0.549457 0.497784 0.542701 0.471636 0.449783 0.454659 0.486003 0.432189 0.389198 0.379903 
0.432828 0.479202 0.606202 0.448854 0.440678 0.559840 0.556983 0.588590 0.586626 0.582252 0.532700 0.572619 0.575473 0.576024 0.525883 0.383915 
444 vad:0.000454
gains: 0.644019 0.568539 0.502820 0.549510 0.564797 0.565866 0.549826 0.498122 0.542895 0.471811 0.449951 0.454855 0.486235 0.432344 0.389194 0.380133 
0.433206 0.479506 0.606496 0.449147 0.441104 0.560509 0.557461 0.588960 0.587170 0.582784 0.533278 0.573321 0.576209 0.576742 0.526430 0.384512 
445 vad:0.000470
gains: 0.644228 0.568940 0.503136 0.549754 0.565013 0.566150 0.550310 0.498559 0.543170 0.472027 0.450171 0.455125 0.486557 0.432601 0.389273 0.380329 
0.433525 0.479769 0.606741 0.449287 0.441390 0.561111 0.557909 0.589316 0.587666 0.583291 0.533897 0.574032 0.576967 0.577559 0.527062 0.385183 
446 vad:0.000554
gains: 0.644322 0.569263 0.503429 0.550030 0.565324 0.566476 0.550817 0.499017 0.543527 0.472381 0.450542 0.455509 0.486969 0.432929 0.389452 0.380670 
0.434007 0.480181 0.607070 0.449539 0.441786 0.561808 0.558477 0.589710 0.588161 0.583848 0.534516 0.574735 0.577767 0.578446 0.527787 0.385957 
447 vad:0.000558
gains: 0.644425 0.569562 0.503667 0.550276 0.565488 0.566609 0.551130 0.499310 0.543678 0.472478 0.450636 0.455672 0.487243 0.433123 0.389425 0.380721 
0.434203 0.480310 0.607258 0.449710 0.442119 0.562444 0.558917 0.590093 0.588693 0.584367 0.535097 0.575390 0.578408 0.579089 0.528243 0.386485 
448 vad:0.000423
gains: 0.644604 0.569933 0.504014 0.550583 0.565744 0.566828 0.551498 0.499648 0.543919 0.472704 0.450860 0.455944 0.487547 0.433361 0.389516 0.380989 
0.434655 0.480721 0.607557 0.449899 0.442468 0.563080 0.559389 0.590426 0.589195 0.584840 0.535637 0.576046 0.579101 0.579857 0.528816 0.387089 
449 vad:0.000518
gains: 0.644644 0.570243 0.504230 0.550725 0.565913 0.567035 0.551892 0.499994 0.544107 0.472868 0.451073 0.456182 0.487779 0.433561 0.389594 0.381183 
0.434981 0.480979 0.607815 0.450001 0.442724 0.563665 0.559852 0.590813 0.589685 0.585326 0.536172 0.576659 0.579781 0.580574 0.529365 0.387695 
450 vad:0.000525
gains: 0.644727 0.570613 0.504571 0.551001 0.566177 0.567314 0.552345 0.500438 0.544395 0.473086 0.451269 0.456415 0.488049 0.433794 0.389712 0.381405 
0.435389 0.481359 0.608179 0.450291 0.443095 0.564301 0.560317 0.591143 0.590165 0.585797 0.536684 0.577244 0.580417 0.581278 0.529942 0.388345 
451 vad:0.000548
gains: 0.644918 0.571039 0.504935 0.551326 0.566433 0.567557 0.552752 0.500796 0.544615 0.473260 0.451431 0.456640 0.488365 0.434071 0.389832 0.381667 
0.435805 0.481716 0.608450 0.450511 0.443467 0.564944 0.560799 0.591518 0.590686 0.586371 0.537361 0.578044 0.581239 0.582114 0.530611 0.389055 
452 vad:0.000458
gains: 0.645047 0.571397 0.505257 0.551633 0.566703 0.567869 0.553275 0.501284 0.545023 0.473672 0.451857 0.457068 0.488789 0.434355 0.389941 0.381917 
0.436231 0.482094 0.608831 0.450808 0.443876 0.565704 0.561419 0.591996 0.591278 0.586968 0.538019 0.578782 0.582022 0.582956 0.531286 0.389777 
453 vad:0.000511
gains: 0.645162 0.571778 0.505639 0.551981 0.566991 0.568129 0.553713 0.501700 0.545259 0.473817 0.451999 0.457270 0.489082 0.434597 0.390017 0.382146 
0.436600 0.482440 0.609202 0.451033 0.444234 0.566319 0.561841 0.592298 0.591731 0.587448 0.538568 0.579399 0.582670 0.583618 0.531790 0.390317 
454 vad:0.000513
gains: 0.645283 0.572094 0.505808 0.552114 0.567140 0.568334 0.554058 0.501989 0.545417 0.473968 0.452170 0.457466 0.489306 0.434777 0.390064 0.382341 
0.436944 0.482729 0.609493 0.451261 0.444616 0.566993 0.562339 0.592670 0.592278 0.587993 0.539175 0.580084 0.583420 0.584400 0.532363 0.390959 
455 vad:0.000529
gains: 0.645467 0.572443 0.506157 0.552444 0.567414 0.568602 0.554507 0.502410 0.545733 0.474279 0.452474 0.457796 0.489661 0.435079 0.390217 0.382625 
0.437391 0.483077 0.609729 0.451436 0.444945 0.567565 0.562751 0.593022 0.592782 0.588478 0.539703 0.580730 0.584046 0.585128 0.532930 0.391594 
456 vad:0.000536
gains: 0.645592 0.572799 0.506458 0.552707 0.567611 0.568784 0.554868 0.502740 0.545915 0.474413 0.452594 0.457991 0.489951 0.435321 0.390331 0.382849 
0.437726 0.483369 0.610048 0.451691 0.445317 0.568216 0.563279 0.593430 0.593325 0.589012 0.540334 0.581421 0.584785 0.585901 0.533508 0.392207 
457 vad:0.000593
gains: 0.645689 0.573188 0.506769 0.553001 0.567883 0.569074 0.555299 0.503145 0.546207 0.474685 0.452848 0.458255 0.490226 0.435518 0.390391 0.383056 
0.438122 0.483744 0.610331 0.451908 0.445667 0.568832 0.563755 0.593815 0.593847 0.589581 0.540974 0.582144 0.585595 0.586725 0.534186 0.392933 
458 vad:0.000419
gains: 0.645821 0.573500 0.507084 0.553254 0.568119 0.569357 0.555750 0.503535 0.546451 0.474907 0.453125 0.458575 0.490559 0.435781 0.390486 0.383335 
0.438528 0.484053 0.610617 0.452115 0.445993 0.569453 0.564232 0.594168 0.594349 0.590120 0.541560 0.582814 0.586296 0.587506 0.534807 0.393564 
459 vad:0.000491
gains: 0.645944 0.573870 0.507440 0.553548 0.568299 0.569506 0.556101 0.503856 0.546667 0.475092 0.453316 0.458818 0.490843 0.436036 0.390618 0.383585 
0.438893 0.484366 0.610905 0.452353 0.446402 0.570189 0.564826 0.594648 0.594900 0.590689 0.542213 0.583518 0.587011 0.588241 0.535391 0.394211 
460 vad:0.000593
gains: 0.646067 0.574271 0.507771 0.553815 0.568552 0.569789 0.556537 0.504291 0.546969 0.475324 0.453570 0.459123 0.491173 0.436304 0.390759 0.383829 
0.439318 0.484777 0.611260 0.452558 0.446725 0.570809 0.565266 0.594911 0.595370 0.591152 0.542718 0.584129 0.587705 0.588965 0.535993 0.394872 
461 vad:0.000530
gains: 0.646059 0.574512 0.508002 0.554013 0.568738 0.569918 0.556812 0.504539 0.547055 0.475398 0.453652 0.459230 0.491341 0.436410 0.390740 0.383954 
0.439598 0.485013 0.611445 0.452698 0.447035 0.571332 0.565659 0.595250 0.595833 0.591610 0.543254 0.584727 0.588301 0.589633 0.536494 0.395408 
462 vad:0.000580
gains: 0.646320 0.574927 0.508297 0.554267 0.568976 0.570200 0.557265 0.504936 0.547356 0.475664 0.453920 0.459567 0.491724 0.436715 0.390919 0.384262 
0.440050 0.485373 0.611793 0.452963 0.447422 0.572037 0.566141 0.595605 0.596334 0.592181 0.543890 0.585431 0.589031 0.590367 0.537031 0.395986 
463 vad:0.000449
gains: 0.646469 0.575273 0.508653 0.554562 0.569164 0.570391 0.557598 0.505256 0.547526 0.475807 0.454087 0.459769 0.491941 0.436890 0.390938 0.384403 
0.440317 0.485575 0.612027 0.453155 0.447768 0.572608 0.566598 0.595961 0.596866 0.592643 0.544403 0.586064 0.589679 0.591101 0.537636 0.396689 
464 vad:0.000469
gains: 0.646602 0.575556 0.508869 0.554798 0.569379 0.570635 0.558003 0.505582 0.547764 0.476081 0.454346 0.460027 0.492240 0.437140 0.390991 0.384604 
0.440700 0.485915 0.612298 0.453332 0.448064 0.573191 0.567011 0.596271 0.597290 0.593137 0.544968 0.586697 0.590352 0.591799 0.538149 0.397230 
465 vad:0.000553
gains: 0.646658 0.575955 0.509287 0.555103 0.569653 0.570888 0.558387 0.505976 0.548042 0.476327 0.454579 0.460287 0.492523 0.437357 0.391097 0.384817 
0.440995 0.486169 0.612563 0.453532 0.448409 0.573809 0.567508 0.596634 0.597790 0.593596 0.545508 0.587318 0.591017 0.592552 0.538714 0.397872 
466 vad:0.000551
gains: 0.646707 0.576247 0.509612 0.555470 0.569947 0.571193 0.558884 0.506347 0.548297 0.476562 0.454818 0.460559 0.492847 0.437603 0.391203 0.385074 
0.441436 0.486578 0.612882 0.453787 0.448784 0.574432 0.568018 0.597059 0.598348 0.594146 0.546114 0.587979 0.591773 0.593348 0.539355 0.398571 
467 vad:0.000502
gains: 0.646802 0.576527 0.509786 0.555594 0.570075 0.571331 0.559150 0.506637 0.548475 0.476726 0.455022 0.460836 0.493170 0.437854 0.391294 0.385316 
0.441815 0.486877 0.613203 0.454037 0.449168 0.575072 0.568478 0.597426 0.598896 0.594702 0.546705 0.588650 0.592493 0.594105 0.539947 0.399192 
468 vad:0.000615
gains: 0.647083 0.577020 0.510205 0.555900 0.570291 0.571612 0.559632 0.507076 0.548785 0.476992 0.455282 0.461111 0.493464 0.438117 0.391416 0.385553 
0.442240 0.487267 0.613493 0.454269 0.449546 0.575716 0.568970 0.597816 0.599379 0.595163 0.547263 0.589281 0.593144 0.594822 0.540524 0.399817 
469 vad:0.000518
gains: 0.647183 0.577422 0.510578 0.556226 0.570555 0.571823 0.560005 0.507438 0.549015 0.477192 0.455486 0.461304 0.493685 0.438381 0.391620 0.385861 
0.442612 0.487672 0.613872 0.454494 0.449909 0.576343 0.569429 0.598125 0.599851 0.595665 0.547786 0.589939 0.593864 0.595600 0.541162 0.400502 
470 vad:0.000506
gains: 0.647303 0.577681 0.510796 0.556455 0.570754 0.572014 0.560344 0.507755 0.549182 0.477301 0.455590 0.461477 0.493952 0.438594 0.391632 0.386033 
0.442921 0.487832 0.614050 0.454644 0.450188 0.576883 0.569871 0.598513 0.600356 0.596179 0.548386 0.590622 0.594584 0.596390 0.541798 0.401193 
471 vad:0.000561
gains: 0.647449 0.578096 0.511194 0.556776 0.571019 0.572276 0.560761 0.508107 0.549411 0.477533 0.455828 0.461736 0.494238 0.438820 0.391768 0.386250 
0.443303 0.488225 0.614383 0.454900 0.450590 0.577508 0.570333 0.598840 0.600793 0.596644 0.548918 0.591208 0.595198 0.597042 0.542302 0.401745 
472 vad:0.000567
gains: 0.647496 0.578410 0.511479 0.556986 0.571207 0.572447 0.561129 0.508475 0.549697 0.477810 0.456123 0.462032 0.494524 0.439060 0.391793 0.386438 
0.443617 0.488437 0.614630 0.455092 0.450908 0.578123 0.570756 0.599159 0.601300 0.597132 0.549463 0.591838 0.595850 0.597778 0.542886 0.402383 
473 vad:0.000633
gains: 0.647643 0.578824 0.511879 0.557342 0.571507 0.572754 0.561565 0.508871 0.549977 0.478065 0.456381 0.462329 0.494879 0.439377 0.392005 0.386736 
0.444043 0.488807 0.615005 0.455389 0.451318 0.578798 0.571298 0.599576 0.601833 0.597668 0.550038 0.592521 0.596593 0.598568 0.543518 0.403068 
474 vad:0.000488
gains: 0.647864 0.579168 0.512202 0.557581 0.571669 0.572930 0.561877 0.509175 0.550172 0.478237 0.456556 0.462557 0.495159 0.439622 0.392143 0.386979 
0.444406 0.489135 0.615225 0.455527 0.451658 0.579419 0.571760 0.599921 0.602301 0.598148 0.550565 0.593136 0.597260 0.599302 0.544111 0.403685 
475 vad:0.000668
gains: 0.647975 0.579524 0.512538 0.557900 0.571948 0.573171 0.562308 0.509554 0.550423 0.478442 0.456798 0.462825 0.495419 0.439845 0.392233 0.387236 
0.444808 0.489439 0.615500 0.455718 0.452002 0.579975 0.572165 0.600184 0.602740 0.598590 0.551088 0.593715 0.597890 0.599989 0.544649 0.404265 
476 vad:0.000506
gains: 0.648058 0.579873 0.512819 0.558094 0.572092 0.573325 0.562606 0.509852 0.550604 0.478593 0.456942 0.463004 0.495673 0.440019 0.392254 0.387429 
0.445161 0.489741 0.615749 0.455935 0.452381 0.580614 0.572713 0.600659 0.603311 0.599199 0.551755 0.594455 0.598657 0.600748 0.545286 0.404953 
477 vad:0.000573
gains: 0.648151 0.580222 0.513193 0.558463 0.572415 0.573682 0.563134 0.510320 0.550922 0.478883 0.457237 0.463334 0.496066 0.440361 0.392449 0.387706 
0.445579 0.490117 0.616096 0.456226 0.452759 0.581230 0.573152 0.600962 0.603804 0.599678 0.552274 0.595027 0.599286 0.601418 0.545779 0.405499 
478 vad:0.000678
gains: 0.648372 0.580589 0.513456 0.558676 0.572555 0.573850 0.563448 0.510583 0.551063 0.478993 0.457342 0.463463 0.496214 0.440516 0.392512 0.387906 
0.445870 0.490391 0.616354 0.456393 0.453075 0.581796 0.573625 0.601373 0.604292 0.600151 0.552820 0.595653 0.599958 0.602136 0.546349 0.406111 
479 vad:0.000606
gains: 0.648437 0.580890 0.513766 0.558926 0.572789 0.574041 0.563829 0.510961 0.551314 0.479238 0.457606 0.463762 0.496529 0.440760 0.392596 0.388121 
0.446282 0.490747 0.616675 0.456691 0.453492 0.582431 0.574071 0.601655 0.604766 0.600613 0.553339 0.596267 0.600585 0.602853 0.546934 0.406741 
480 vad:0.000664
gains: 0.648559 0.581242 0.514095 0.559154 0.572982 0.574206 0.564109 0.511228 0.551517 0.479468 0.457869 0.464051 0.496827 0.441038 0.392802 0.388461 
0.446702 0.491115 0.617003 0.456943 0.453891 0.583100 0.574592 0.602103 0.605287 0.601124 0.553909 0.596949 0.601303 0.603656 0.547606 0.407467 
481 vad:0.000455
gains: 0.648810 0.581681 0.514522 0.559528 0.573251 0.574467 0.564569 0.511639 0.551788 0.479729 0.458156 0.464329 0.497078 0.441233 0.392847 0.388621 
0.447054 0.491347 0.617193 0.457050 0.454134 0.583574 0.574972 0.602382 0.605706 0.601560 0.554433 0.597534 0.601915 0.604300 0.548101 0.408069 
482 vad:0.000496
gains: 0.648865 0.581938 0.514733 0.559688 0.573375 0.574584 0.564817 0.511868 0.551910 0.479796 0.458208 0.464437 0.497262 0.441396 0.392868 0.388774 
0.447360 0.491621 0.617491 0.457274 0.454486 0.584216 0.575404 0.602693 0.606173 0.602032 0.554932 0.598139 0.602599 0.605073 0.548709 0.408733 
483 vad:0.000614
gains: 0.648999 0.582293 0.515091 0.560035 0.573658 0.574884 0.565318 0.512332 0.552246 0.480106 0.458519 0.464784 0.497668 0.441722 0.393034 0.389035 
0.447740 0.491991 0.617765 0.457468 0.454823 0.584759 0.575862 0.603089 0.606717 0.602558 0.555520 0.598787 0.603275 0.605784 0.549257 0.409320 
484 vad:0.000627
gains: 0.649171 0.582649 0.515375 0.560194 0.573773 0.575020 0.565610 0.512598 0.552424 0.480286 0.458724 0.465012 0.497893 0.441942 0.393141 0.389354 
0.448184 0.492385 0.618095 0.457758 0.455241 0.585454 0.576428 0.603513 0.607190 0.603060 0.556079 0.599375 0.603902 0.606448 0.549763 0.409876 
485 vad:0.000657
gains: 0.649260 0.582966 0.515712 0.560540 0.574059 0.575290 0.566024 0.512988 0.552686 0.480528 0.459003 0.465364 0.498308 0.442273 0.393300 0.389625 
0.448564 0.492719 0.618381 0.457933 0.455606 0.586039 0.576825 0.603842 0.607694 0.603576 0.556632 0.600042 0.604591 0.607160 0.550349 0.410533 
486 vad:0.000493
gains: 0.649472 0.583385 0.516062 0.560786 0.574219 0.575405 0.566323 0.513316 0.552855 0.480617 0.459078 0.465453 0.498413 0.442419 0.393349 0.389746 
0.448803 0.492927 0.618651 0.458139 0.455892 0.586546 0.577198 0.604110 0.608115 0.603991 0.557134 0.600600 0.605197 0.607859 0.550912 0.411181 
487 vad:0.000478
gains: 0.649591 0.583671 0.516376 0.561090 0.574512 0.575773 0.566842 0.513763 0.553181 0.480922 0.459397 0.465808 0.498799 0.442737 0.393544 0.390028 
0.449231 0.493311 0.618977 0.458471 0.456361 0.587207 0.577675 0.604475 0.608644 0.604535 0.557710 0.601239 0.605875 0.608576 0.551482 0.411801 
488 vad:0.000605
gains: 0.649660 0.583971 0.516658 0.561270 0.574650 0.575930 0.567141 0.514018 0.553312 0.481009 0.459501 0.465991 0.499025 0.442887 0.393552 0.390230 
0.449576 0.493597 0.619226 0.458619 0.456639 0.587792 0.578149 0.604841 0.609085 0.604975 0.558220 0.601816 0.606497 0.609261 0.552021 0.412307 
489 vad:0.000686
gains: 0.649850 0.584399 0.517011 0.561543 0.574929 0.576154 0.567511 0.514357 0.553556 0.481279 0.459772 0.466288 0.499356 0.443156 0.393671 0.390458 
0.449905 0.493861 0.619482 0.458820 0.456981 0.588326 0.578530 0.605091 0.609504 0.605406 0.558723 0.602388 0.607089 0.609940 0.552572 0.412942 
490 vad:0.000650
gains: 0.649958 0.584726 0.517325 0.561834 0.575135 0.576349 0.567869 0.514727 0.553832 0.481535 0.460033 0.466582 0.499680 0.443461 0.393824 0.390706 
0.450285 0.494241 0.619845 0.459123 0.457385 0.588969 0.579080 0.605556 0.610054 0.605944 0.559306 0.603058 0.607818 0.610730 0.553207 0.413607 
491 vad:0.000634
gains: 0.650091 0.585032 0.517591 0.562063 0.575277 0.576515 0.568174 0.514982 0.553942 0.481607 0.460138 0.466702 0.499808 0.443574 0.393841 0.390871 
0.450606 0.494499 0.620078 0.459277 0.457677 0.589480 0.579409 0.605757 0.610437 0.606362 0.559771 0.603592 0.608398 0.611376 0.553700 0.414159 
492 vad:0.000658
gains: 0.650210 0.585397 0.517978 0.562384 0.575498 0.576744 0.568551 0.515317 0.554138 0.481792 0.460357 0.466956 0.500062 0.443789 0.393963 0.391097 
0.450911 0.494784 0.620328 0.459432 0.457981 0.590028 0.579868 0.606147 0.610922 0.606884 0.560345 0.604289 0.609146 0.612164 0.554375 0.414915 
493 vad:0.000525
gains: 0.650317 0.585704 0.518242 0.562595 0.575653 0.576868 0.568797 0.515554 0.554311 0.481962 0.460531 0.467156 0.500289 0.443971 0.393984 0.391216 
0.451204 0.495009 0.620475 0.459585 0.458248 0.590527 0.580286 0.606446 0.611368 0.607268 0.560834 0.604856 0.609750 0.612830 0.554899 0.415468 
494 vad:0.000503
gains: 0.650567 0.586142 0.518604 0.562866 0.575896 0.577145 0.569223 0.515960 0.554600 0.482236 0.460841 0.467496 0.500672 0.444328 0.394225 0.391563 
0.451661 0.495418 0.620902 0.459882 0.458713 0.591198 0.580816 0.606900 0.611933 0.607825 0.561409 0.605497 0.610432 0.613565 0.555528 0.416168 
495 vad:0.000648
gains: 0.650567 0.586404 0.518939 0.563184 0.576151 0.577365 0.569654 0.516373 0.554889 0.482461 0.461031 0.467677 0.500869 0.444558 0.394355 0.391791 
0.452021 0.495733 0.621116 0.460064 0.459041 0.591799 0.581284 0.607190 0.612331 0.608223 0.561875 0.606022 0.611043 0.614232 0.556061 0.416718 
496 vad:0.000655
gains: 0.650713 0.586729 0.519228 0.563424 0.576302 0.577545 0.570008 0.516673 0.555078 0.482668 0.461264 0.467957 0.501216 0.444882 0.394521 0.392066 
0.452415 0.496152 0.621550 0.460405 0.459494 0.592447 0.581775 0.607596 0.612881 0.608760 0.562457 0.606690 0.611707 0.614949 0.556625 0.417359 
497 vad:0.000472
gains: 0.650906 0.587104 0.519626 0.563743 0.576559 0.577749 0.570382 0.517072 0.555343 0.482911 0.461512 0.468219 0.501486 0.445103 0.394618 0.392333 
0.452761 0.496415 0.621760 0.460629 0.459882 0.593024 0.582163 0.607910 0.613288 0.609226 0.562985 0.607259 0.612322 0.615619 0.557161 0.417944 
498 vad:0.000494
gains: 0.651028 0.587366 0.519834 0.563947 0.576648 0.577865 0.570651 0.517295 0.555459 0.483018 0.461621 0.468353 0.501663 0.445259 0.394646 0.392442 
0.452953 0.496580 0.621975 0.460754 0.460136 0.593517 0.582565 0.608216 0.613700 0.609583 0.563448 0.607805 0.612928 0.616305 0.557674 0.418480 
499 vad:0.000442
gains: 0.651132 0.587704 0.520178 0.564176 0.576884 0.578086 0.571005 0.517596 0.555646 0.483186 0.461822 0.468603 0.501915 0.445474 0.394738 0.392627 
0.453304 0.496876 0.622214 0.460971 0.460477 0.594078 0.583025 0.608622 0.614212 0.610127 0.564010 0.608454 0.613618 0.617065 0.558332 0.419167 
500 vad:0.000547
gains: 0.651335 0.588024 0.520399 0.564314 0.576956 0.578151 0.571274 0.517840 0.555762 0.483294 0.461962 0.468785 0.502150 0.445724 0.394891 0.392924 
0.453721 0.497258 0.622524 0.461140 0.460739 0.594539 0.583378 0.608826 0.614531 0.610452 0.564406 0.608932 0.614138 0.617669 0.558798 0.419703 
