1 vad:0.006322
gains: 0.310513 0.249636 0.234049 0.266051 0.293836 0.399393 0.358597 0.374363 0.364640 0.363261 0.518728 0.460932 0.510203 0.480671 0.436184 0.459762 
0.490542 0.514094 0.520693 0.510827 0.487192 0.531403 0.647864 0.706334 0.739545 0.656432 0.697093 0.414794 0.426614 0.389099 0.555057 0.453864 
2 vad:0.011130
gains: 0.862926 0.944055 0.969841 0.923267 0.810276 0.803091 0.895595 0.881108 0.855359 0.843127 0.821036 0.799035 0.765630 0.865287 0.756629 0.830813 
0.777325 0.766127 0.708284 0.893443 0.894060 0.883029 0.905221 0.926691 0.903463 0.951427 0.954516 0.881822 0.870092 0.882689 0.900290 0.807531 
3 vad:0.064294
gains: 0.791589 0.923737 0.953403 0.793607 0.723504 0.761593 0.811159 0.832217 0.872250 0.847360 0.867669 0.809320 0.757395 0.726098 0.616044 0.559692 
0.574599 0.520041 0.669760 0.817466 0.647421 0.671881 0.784113 0.689450 0.696641 0.834507 0.801013 0.788760 0.761715 0.764908 0.719113 0.565760 
4 vad:0.023299
gains: 0.506587 0.602422 0.651577 0.523492 0.450459 0.407068 0.536907 0.572018 0.548756 0.475592 0.478231 0.467846 0.480103 0.557200 0.539269 0.591168 
0.572194 0.539874 0.448051 0.616380 0.489186 0.660086 0.780051 0.621206 0.630379 0.825922 0.785489 0.789755 0.816798 0.745755 0.647760 0.504027 
5 vad:0.009192
gains: 0.636163 0.628188 0.615598 0.567043 0.546824 0.483072 0.577160 0.615319 0.632768 0.593526 0.618325 0.577871 0.549899 0.622776 0.638055 0.715798 
0.690218 0.636193 0.584543 0.614724 0.572341 0.718225 0.775107 0.604461 0.626509 0.805753 0.758100 0.742749 0.743324 0.680443 0.606765 0.538996 
6 vad:0.007751
gains: 0.704167 0.692821 0.664039 0.638531 0.649015 0.608667 0.649668 0.692309 0.672959 0.610658 0.640844 0.608766 0.576799 0.652134 0.667514 0.759031 
0.760157 0.725309 0.691147 0.648493 0.639315 0.811842 0.820280 0.656523 0.699522 0.847490 0.798350 0.799144 0.782334 0.778895 0.720833 0.668529 
7 vad:0.008053
gains: 0.736019 0.712276 0.687211 0.683960 0.688105 0.652136 0.680809 0.738097 0.721001 0.657290 0.700125 0.675206 0.633986 0.693166 0.693889 0.782109 
0.795769 0.773165 0.744954 0.674627 0.685501 0.852924 0.845615 0.700490 0.745641 0.875234 0.833012 0.839341 0.818298 0.840659 0.790902 0.747477 
8 vad:0.007027
gains: 0.761769 0.739342 0.725694 0.721398 0.723584 0.690712 0.709385 0.777693 0.771595 0.711588 0.754975 0.733499 0.691657 0.745987 0.735976 0.814912 
0.830907 0.818781 0.786746 0.703936 0.735453 0.886837 0.874774 0.749436 0.779761 0.894102 0.855016 0.863622 0.841091 0.873471 0.830846 0.792094 
9 vad:0.005930
gains: 0.779425 0.765066 0.746281 0.726265 0.728706 0.706392 0.715603 0.790840 0.794025 0.739821 0.780103 0.752344 0.708629 0.763971 0.748656 0.821786 
0.841591 0.836047 0.797116 0.713291 0.766983 0.905284 0.892416 0.778830 0.795413 0.900552 0.860462 0.870787 0.845724 0.884592 0.844600 0.805126 
10 vad:0.005114
gains: 0.786473 0.776661 0.750756 0.723826 0.728076 0.713894 0.715131 0.794337 0.803674 0.753642 0.791778 0.760899 0.718869 0.774331 0.754655 0.818699 
0.842225 0.841543 0.798644 0.718594 0.786862 0.913069 0.898795 0.793279 0.803169 0.901954 0.859935 0.870666 0.841597 0.884718 0.842596 0.799014 
11 vad:0.004490
gains: 0.786403 0.777977 0.745221 0.716113 0.723484 0.715859 0.712621 0.794698 0.808242 0.759769 0.796110 0.763954 0.723168 0.777084 0.753751 0.809040 
0.835527 0.837431 0.793832 0.719383 0.796868 0.914169 0.897112 0.794944 0.802353 0.897152 0.851839 0.862843 0.829313 0.878081 0.831951 0.783341 
12 vad:0.003872
gains: 0.787094 0.777206 0.738329 0.711140 0.723205 0.720431 0.714932 0.797288 0.813838 0.766401 0.800059 0.768179 0.730529 0.783954 0.758826 0.803133 
0.831586 0.834802 0.794037 0.724181 0.806412 0.915428 0.895864 0.796566 0.802070 0.893114 0.846391 0.857767 0.820169 0.873867 0.824083 0.772554 
13 vad:0.003151
gains: 0.784475 0.773031 0.728678 0.702517 0.717370 0.720062 0.713522 0.795038 0.813803 0.766481 0.799506 0.767694 0.730528 0.783973 0.758084 0.794555 
0.824832 0.828128 0.791431 0.725517 0.810674 0.913703 0.888866 0.787356 0.793844 0.884883 0.835984 0.847651 0.804760 0.864073 0.808946 0.753567 
14 vad:0.002557
gains: 0.781659 0.767771 0.719800 0.696254 0.713139 0.720378 0.714060 0.794306 0.814424 0.765666 0.796611 0.765304 0.730637 0.785081 0.758157 0.787518 
0.818927 0.821532 0.788579 0.725748 0.812160 0.910656 0.881358 0.778063 0.785890 0.877702 0.827161 0.839013 0.791535 0.855713 0.795557 0.738211 
15 vad:0.002276
gains: 0.778225 0.759916 0.706741 0.684467 0.704262 0.716650 0.710334 0.790068 0.811568 0.761266 0.790577 0.759414 0.725482 0.781393 0.754321 0.777411 
0.810222 0.812316 0.784518 0.724045 0.812610 0.907205 0.872374 0.766293 0.775928 0.869027 0.817212 0.829380 0.776702 0.846016 0.780701 0.721339 
16 vad:0.001934
gains: 0.775567 0.754718 0.698078 0.678247 0.700377 0.716060 0.709799 0.787728 0.809125 0.756359 0.784010 0.753233 0.721633 0.779919 0.753372 0.771275 
0.805538 0.806898 0.783751 0.724338 0.814180 0.905037 0.864557 0.755601 0.767367 0.861906 0.808839 0.821204 0.763946 0.836721 0.765914 0.704710 
17 vad:0.001557
gains: 0.772532 0.749054 0.688605 0.670159 0.693784 0.712359 0.706137 0.782650 0.804486 0.748800 0.775029 0.745166 0.715699 0.775261 0.749284 0.763559 
0.799652 0.801079 0.780823 0.721996 0.813815 0.902608 0.857602 0.746608 0.760007 0.855891 0.802092 0.814677 0.753227 0.828896 0.753634 0.691039 
18 vad:0.001423
gains: 0.767657 0.741638 0.678767 0.661507 0.685997 0.706575 0.701008 0.777010 0.798743 0.740383 0.766407 0.736728 0.706777 0.767617 0.742906 0.753905 
0.791468 0.793027 0.776536 0.716450 0.810387 0.898360 0.847832 0.734417 0.750310 0.848267 0.793321 0.806062 0.739435 0.818219 0.737737 0.672565 
19 vad:0.001236
gains: 0.762767 0.734584 0.668572 0.651743 0.677407 0.700611 0.694861 0.769804 0.791379 0.729983 0.755201 0.726026 0.697004 0.759484 0.736717 0.745457 
0.784385 0.785362 0.770070 0.709099 0.805992 0.893525 0.837935 0.721339 0.738767 0.839246 0.782714 0.795795 0.724909 0.806322 0.720945 0.653641 
20 vad:0.001147
gains: 0.760054 0.729879 0.660774 0.645794 0.672971 0.696210 0.689828 0.763132 0.784214 0.719799 0.744540 0.716586 0.688842 0.751971 0.730317 0.736704 
0.777662 0.777932 0.764573 0.703559 0.803665 0.889888 0.828741 0.710861 0.730699 0.832411 0.774291 0.787964 0.712468 0.795691 0.705361 0.635473 
21 vad:0.000933
gains: 0.755499 0.724634 0.653035 0.638717 0.666891 0.691497 0.686017 0.757783 0.778078 0.710400 0.734062 0.706502 0.679631 0.743712 0.724007 0.729824 
0.772004 0.771960 0.760197 0.696377 0.798197 0.885508 0.820300 0.700689 0.721808 0.825643 0.766280 0.780192 0.701620 0.786148 0.692320 0.620282 
22 vad:0.000894
gains: 0.751903 0.719012 0.644464 0.630080 0.658527 0.683709 0.677954 0.749052 0.769460 0.699491 0.723222 0.696644 0.669613 0.733332 0.715377 0.720223 
0.764232 0.764560 0.753813 0.688486 0.793571 0.881357 0.812102 0.691516 0.713495 0.818129 0.757287 0.771789 0.689408 0.775594 0.676927 0.602069 
23 vad:0.000854
gains: 0.750359 0.716858 0.639969 0.627103 0.657341 0.681392 0.676580 0.746357 0.766313 0.693660 0.716126 0.690221 0.663882 0.728040 0.712099 0.715675 
0.760220 0.759761 0.751020 0.685199 0.791982 0.878274 0.804953 0.684942 0.707707 0.811478 0.749114 0.764220 0.678838 0.766436 0.664644 0.587757 
24 vad:0.000763
gains: 0.745833 0.711764 0.632347 0.619500 0.650286 0.674758 0.669616 0.738017 0.757294 0.681817 0.704058 0.678767 0.652701 0.716907 0.703237 0.707319 
0.752972 0.753018 0.744894 0.676815 0.786248 0.873622 0.796863 0.675933 0.699464 0.804723 0.741594 0.757125 0.668847 0.756711 0.650951 0.570396 
25 vad:0.000693
gains: 0.743342 0.708754 0.626589 0.616042 0.647523 0.671517 0.667086 0.734184 0.752808 0.674826 0.696012 0.672398 0.647946 0.712166 0.700242 0.703670 
0.749596 0.748938 0.742064 0.672950 0.783313 0.869712 0.790936 0.671122 0.695162 0.800293 0.736159 0.752495 0.662690 0.751211 0.643132 0.561076 
26 vad:0.000754
gains: 0.741617 0.706217 0.622471 0.612280 0.643587 0.665605 0.661131 0.727382 0.745402 0.666173 0.687859 0.664554 0.639018 0.702065 0.692103 0.696365 
0.743873 0.743696 0.737541 0.666263 0.779208 0.866262 0.783871 0.663667 0.688059 0.793720 0.728805 0.745748 0.653893 0.742889 0.632176 0.547709 
27 vad:0.000557
gains: 0.739431 0.704744 0.619957 0.608599 0.639622 0.662029 0.658707 0.723706 0.740551 0.658881 0.679894 0.656966 0.632069 0.695730 0.687734 0.692648 
0.740482 0.739600 0.733849 0.660756 0.775457 0.863464 0.778995 0.659054 0.684452 0.790798 0.725495 0.743405 0.650846 0.739346 0.626908 0.540970 
28 vad:0.000594
gains: 0.737266 0.701081 0.613853 0.602971 0.634432 0.656835 0.653487 0.716666 0.733079 0.649564 0.670659 0.648746 0.623941 0.686437 0.679429 0.684669 
0.733812 0.732320 0.727411 0.653298 0.769788 0.857537 0.769158 0.649580 0.675689 0.782083 0.715710 0.734683 0.639600 0.729460 0.613628 0.525005 
29 vad:0.000487
gains: 0.736570 0.701105 0.612329 0.602255 0.634115 0.654492 0.651407 0.713607 0.729071 0.643568 0.663863 0.642809 0.619030 0.681139 0.676148 0.682669 
0.732170 0.729532 0.724804 0.649255 0.767356 0.855202 0.765633 0.646898 0.672107 0.778307 0.711055 0.730542 0.634259 0.724186 0.606640 0.516232 
30 vad:0.000517
gains: 0.735389 0.699690 0.609472 0.599450 0.631490 0.652042 0.650103 0.711601 0.726195 0.639117 0.658617 0.637709 0.613527 0.675640 0.672583 0.679676 
0.729142 0.726054 0.722840 0.645467 0.764065 0.851677 0.760156 0.643298 0.669256 0.774914 0.707353 0.728046 0.630937 0.721159 0.601896 0.510566 
31 vad:0.000566
gains: 0.739191 0.677752 0.600740 0.591206 0.616910 0.643437 0.637030 0.698260 0.711390 0.628193 0.646519 0.629628 0.605888 0.664717 0.659078 0.671209 
0.723879 0.720252 0.716742 0.631745 0.759354 0.856225 0.765374 0.643697 0.668933 0.780188 0.715203 0.730468 0.631075 0.713536 0.601457 0.499222 
32 vad:0.001256
gains: 0.755831 0.687511 0.608717 0.583774 0.613727 0.644535 0.648802 0.712074 0.716605 0.656049 0.673756 0.652789 0.624212 0.689037 0.683427 0.708241 
0.747961 0.736318 0.733274 0.663450 0.781585 0.880190 0.814684 0.709744 0.699510 0.787019 0.735485 0.754667 0.661137 0.750626 0.652319 0.544829 
33 vad:0.259932
gains: 0.919727 0.925725 0.871730 0.864650 0.887899 0.902890 0.849285 0.844185 0.865876 0.888235 0.901064 0.844900 0.716822 0.707717 0.682535 0.749260 
0.829516 0.819751 0.835203 0.868032 0.875468 0.920013 0.861999 0.774964 0.820839 0.908284 0.910634 0.923053 0.875162 0.912363 0.802092 0.772167 
34 vad:0.776066
gains: 0.966541 0.976766 0.984662 0.976401 0.980550 0.970869 0.972335 0.957332 0.956127 0.954290 0.973601 0.969671 0.971980 0.983360 0.993706 0.991729 
0.996005 0.998641 0.992853 0.985953 0.981108 0.994936 0.994765 0.982461 0.985879 0.998356 0.997535 0.996222 0.995185 0.992987 0.985168 0.953190 
35 vad:0.880078
gains: 0.953694 0.983842 0.974329 0.961159 0.979327 0.978129 0.956953 0.977526 0.941113 0.951869 0.962933 0.968776 0.961635 0.959856 0.967377 0.976538 
0.981585 0.987992 0.982895 0.978807 0.983566 0.993135 0.995321 0.985093 0.972282 0.996991 0.996193 0.994087 0.996681 0.986979 0.975657 0.984673 
36 vad:0.855887
gains: 0.958517 0.943283 0.980563 0.943078 0.956603 0.982293 0.987974 0.996641 0.990084 0.990272 0.982569 0.990623 0.986816 0.992120 0.985333 0.976319 
0.977553 0.987764 0.980509 0.979471 0.979743 0.977988 0.976577 0.970285 0.947396 0.967219 0.968504 0.955156 0.976962 0.957186 0.943268 0.978239 
37 vad:0.805726
gains: 0.956214 0.936713 0.973803 0.945442 0.940247 0.987508 0.972966 0.985071 0.990107 0.983119 0.981684 0.967319 0.972880 0.986008 0.967718 0.955596 
0.977895 0.981291 0.967101 0.962389 0.942813 0.944329 0.927507 0.878079 0.783605 0.880458 0.863765 0.817557 0.910887 0.880733 0.869242 0.962667 
38 vad:0.958363
gains: 0.923868 0.984899 0.993272 0.984094 0.969291 0.992725 0.985654 0.992931 0.998106 0.996099 0.997276 0.991689 0.993298 0.990248 0.991251 0.990140 
0.990686 0.990739 0.989195 0.981143 0.969256 0.977081 0.974451 0.941726 0.894139 0.956198 0.918805 0.909290 0.962730 0.979345 0.978287 0.985969 
39 vad:0.994024
gains: 0.954016 0.984968 0.997012 0.996323 0.991868 0.995767 0.993511 0.996361 0.998421 0.996857 0.998919 0.997822 0.997770 0.991585 0.994049 0.995469 
0.996799 0.992711 0.984076 0.984356 0.972383 0.980823 0.961372 0.872923 0.723586 0.849226 0.932100 0.884258 0.839257 0.824443 0.850192 0.961956 
40 vad:0.990695
gains: 0.991336 0.976038 0.989146 0.993693 0.984235 0.985571 0.994778 0.993843 0.990191 0.995432 0.992555 0.990110 0.992290 0.981510 0.954735 0.965640 
0.980663 0.972429 0.987332 0.979656 0.952420 0.950978 0.967384 0.962670 0.860104 0.782436 0.711655 0.537461 0.435427 0.337061 0.212935 0.514823 
41 vad:0.897217
gains: 0.969074 0.955904 0.991703 0.992333 0.954800 0.984448 0.957351 0.955756 0.984698 0.979039 0.982395 0.973439 0.968162 0.924833 0.916639 0.916040 
0.942236 0.932540 0.953262 0.702947 0.678219 0.907973 0.977968 0.951743 0.870268 0.689544 0.580875 0.483222 0.225769 0.149512 0.129009 0.314150 
42 vad:0.991230
gains: 0.974088 0.982631 0.995860 0.996490 0.989380 0.984367 0.986075 0.986185 0.983517 0.991505 0.989343 0.985179 0.971293 0.985687 0.945014 0.949028 
0.964190 0.982178 0.963741 0.947840 0.940824 0.987669 0.991261 0.955116 0.957071 0.974401 0.985327 0.979713 0.978547 0.968407 0.954647 0.959671 
43 vad:0.996975
gains: 0.896585 0.969612 0.996588 0.998236 0.994439 0.997180 0.993068 0.988999 0.996122 0.995368 0.994981 0.981578 0.981457 0.974874 0.952990 0.966347 
0.984661 0.972461 0.917488 0.859467 0.875602 0.908503 0.954312 0.904630 0.813671 0.931297 0.914112 0.901841 0.876267 0.808861 0.809078 0.867865 
44 vad:0.998021
gains: 0.917017 0.935837 0.994102 0.995965 0.987213 0.996325 0.993740 0.997603 0.994250 0.996634 0.996827 0.989911 0.980263 0.987450 0.982411 0.962124 
0.979214 0.982629 0.974722 0.961950 0.971017 0.968112 0.975533 0.970520 0.920047 0.977053 0.951125 0.957281 0.966738 0.922219 0.906103 0.944991 
45 vad:0.991822
gains: 0.994075 0.983538 0.997563 0.995575 0.990123 0.997597 0.996606 0.997111 0.996608 0.998371 0.997932 0.994717 0.989479 0.991630 0.984901 0.985385 
0.994644 0.990192 0.986615 0.970156 0.970508 0.983022 0.990174 0.981458 0.972342 0.984766 0.975981 0.980112 0.976529 0.951390 0.939860 0.933619 
46 vad:0.997648
gains: 0.996161 0.997578 0.997630 0.996414 0.995488 0.999383 0.998392 0.998065 0.998875 0.999094 0.998950 0.998130 0.997470 0.995058 0.994613 0.995920 
0.997672 0.998296 0.996340 0.987760 0.992861 0.995628 0.994968 0.994265 0.996921 0.994710 0.994657 0.995176 0.991425 0.985275 0.954761 0.902535 
47 vad:0.999415
gains: 0.995240 0.998529 0.999112 0.996887 0.991837 0.996307 0.994687 0.996405 0.998135 0.997105 0.996502 0.993190 0.980502 0.978661 0.982031 0.989638 
0.990027 0.992142 0.991315 0.986665 0.970780 0.980108 0.988361 0.973290 0.953956 0.975917 0.988331 0.984179 0.983276 0.973759 0.950533 0.873520 
48 vad:0.999471
gains: 0.999101 0.997333 0.998978 0.998489 0.995453 0.999155 0.997334 0.998436 0.997015 0.999009 0.998316 0.997533 0.999246 0.997173 0.995181 0.997986 
0.998042 0.999331 0.998866 0.990362 0.967431 0.986840 0.992249 0.985564 0.961822 0.985258 0.993454 0.996352 0.996510 0.991413 0.974211 0.944208 
49 vad:0.998692
gains: 0.987004 0.995291 0.999161 0.997976 0.996442 0.999040 0.998649 0.997375 0.997908 0.998299 0.998090 0.997051 0.998477 0.998728 0.995504 0.995885 
0.999028 0.999327 0.997556 0.994976 0.990993 0.993762 0.991638 0.992126 0.994158 0.992069 0.988964 0.995187 0.995191 0.991058 0.982628 0.983409 
50 vad:0.998902
gains: 0.989801 0.994432 0.999346 0.998426 0.996189 0.998573 0.999128 0.999087 0.999525 0.999038 0.998943 0.998693 0.999005 0.999117 0.998348 0.998396 
0.999574 0.999727 0.998263 0.997491 0.995936 0.997489 0.998035 0.998176 0.998627 0.996587 0.994722 0.997108 0.996870 0.992135 0.984480 0.988883 
51 vad:0.995433
gains: 0.981146 0.993295 0.999170 0.998497 0.996755 0.998297 0.997898 0.997314 0.998102 0.996844 0.997016 0.998520 0.998978 0.998797 0.997624 0.997349 
0.999080 0.999416 0.998161 0.994595 0.992269 0.993478 0.997956 0.997116 0.995129 0.994148 0.995565 0.996201 0.994806 0.990801 0.981693 0.979648 
52 vad:0.996647
gains: 0.969561 0.995357 0.999341 0.999236 0.997385 0.999128 0.998974 0.998417 0.996464 0.996483 0.998360 0.999072 0.999280 0.998070 0.996387 0.993792 
0.996422 0.998848 0.998624 0.994087 0.990584 0.989850 0.996049 0.994890 0.990060 0.992274 0.992154 0.992642 0.996040 0.992294 0.978648 0.948440 
53 vad:0.998973
gains: 0.986354 0.998180 0.999457 0.997917 0.994812 0.996555 0.995145 0.995508 0.995484 0.994900 0.996101 0.994811 0.990329 0.983147 0.971848 0.986053 
0.994142 0.995677 0.994059 0.986136 0.969000 0.984366 0.993349 0.982151 0.977094 0.990479 0.993934 0.990436 0.990768 0.981761 0.946747 0.925441 
54 vad:0.999586
gains: 0.993302 0.993803 0.998949 0.997769 0.986308 0.996025 0.996932 0.991519 0.992933 0.996389 0.994855 0.992037 0.992861 0.982926 0.981181 0.967604 
0.987593 0.998091 0.993261 0.945430 0.934350 0.937528 0.978155 0.975659 0.982318 0.992924 0.993695 0.992559 0.990965 0.968266 0.926270 0.790746 
55 vad:0.999578
gains: 0.994637 0.996267 0.999484 0.998973 0.998638 0.999544 0.999540 0.999028 0.998398 0.997990 0.997230 0.998596 0.998809 0.997882 0.995783 0.994539 
0.998834 0.999269 0.998219 0.995133 0.984049 0.992029 0.991978 0.986170 0.985970 0.991769 0.996412 0.998398 0.998401 0.996333 0.989096 0.956979 
56 vad:0.999667
gains: 0.978100 0.994552 0.999600 0.998598 0.998048 0.999316 0.999171 0.998954 0.998923 0.996748 0.997665 0.996407 0.998524 0.998969 0.998829 0.997426 
0.999426 0.999643 0.998936 0.998112 0.996962 0.997805 0.997198 0.996754 0.997576 0.997926 0.996085 0.998374 0.997854 0.995202 0.981431 0.980428 
57 vad:0.999575
gains: 0.979018 0.993337 0.999597 0.999512 0.998118 0.999204 0.999479 0.999251 0.999289 0.998464 0.998857 0.998497 0.999009 0.999397 0.998883 0.997054 
0.999266 0.999609 0.999081 0.998959 0.996429 0.998201 0.997965 0.997038 0.998487 0.998551 0.996504 0.998431 0.995928 0.986557 0.977858 0.985780 
58 vad:0.998177
gains: 0.978302 0.992188 0.999273 0.999142 0.996913 0.998636 0.997965 0.997243 0.997582 0.993933 0.996831 0.998357 0.998514 0.998878 0.997800 0.994144 
0.998416 0.998992 0.999134 0.995641 0.989037 0.992417 0.994509 0.994695 0.993973 0.994636 0.995980 0.997131 0.994316 0.987642 0.989846 0.982738 
59 vad:0.999069
gains: 0.991964 0.997299 0.999214 0.998550 0.997966 0.996950 0.990957 0.993135 0.987909 0.988732 0.992522 0.996205 0.997361 0.993540 0.994639 0.995019 
0.994660 0.997262 0.997039 0.988066 0.976897 0.978136 0.985878 0.988264 0.980119 0.992211 0.997886 0.992783 0.990888 0.977446 0.975439 0.964523 
60 vad:0.997468
gains: 0.981463 0.990040 0.996997 0.995064 0.955522 0.969220 0.959262 0.950599 0.930692 0.965207 0.972192 0.968450 0.973276 0.979577 0.962949 0.954241 
0.973995 0.966276 0.990880 0.970772 0.915436 0.947753 0.956613 0.937515 0.953260 0.987867 0.986460 0.980842 0.980985 0.941312 0.914931 0.918609 
61 vad:0.995695
gains: 0.979854 0.991410 0.998842 0.987352 0.950028 0.975784 0.968430 0.952725 0.886781 0.964465 0.979702 0.977189 0.956165 0.939075 0.945657 0.930263 
0.968962 0.981076 0.979789 0.958145 0.940758 0.931119 0.922487 0.971301 0.959975 0.974472 0.976088 0.968877 0.969033 0.918329 0.888653 0.896264 
62 vad:0.999564
gains: 0.984085 0.995209 0.999372 0.999235 0.995839 0.995642 0.989955 0.990052 0.989324 0.994268 0.989710 0.978989 0.986274 0.978166 0.964081 0.959389 
0.989873 0.989682 0.978773 0.952843 0.959461 0.977912 0.978337 0.981068 0.983176 0.988129 0.987236 0.981949 0.969666 0.939025 0.964014 0.965950 
63 vad:0.999706
gains: 0.969917 0.994905 0.998597 0.995295 0.996184 0.996313 0.994247 0.994967 0.996654 0.994259 0.994120 0.987116 0.987505 0.984600 0.965010 0.963588 
0.991876 0.997535 0.993864 0.974208 0.973461 0.964008 0.980673 0.984051 0.984532 0.991519 0.978590 0.988304 0.989932 0.978400 0.981010 0.957644 
64 vad:0.999842
gains: 0.989936 0.998066 0.998969 0.997044 0.998518 0.998343 0.998317 0.997682 0.997564 0.995475 0.996010 0.991388 0.979534 0.986012 0.974512 0.968181 
0.994446 0.998222 0.995377 0.992635 0.984885 0.984793 0.994988 0.994353 0.994140 0.993693 0.990882 0.996738 0.994217 0.976063 0.979632 0.965183 
65 vad:0.999561
gains: 0.992484 0.998974 0.998710 0.993466 0.997761 0.997348 0.995851 0.997142 0.997005 0.997594 0.997586 0.993834 0.984607 0.991143 0.979748 0.966181 
0.995430 0.996631 0.995983 0.995282 0.981322 0.990678 0.992482 0.992508 0.992230 0.992282 0.988255 0.994259 0.986334 0.963400 0.956213 0.971484 
66 vad:0.999736
gains: 0.991694 0.998394 0.998616 0.994005 0.998365 0.998398 0.998496 0.997508 0.995762 0.996551 0.996984 0.989536 0.983964 0.984744 0.980127 0.981377 
0.995625 0.997416 0.992270 0.988187 0.991195 0.965282 0.973941 0.971496 0.972853 0.990251 0.991945 0.993375 0.990667 0.971201 0.964131 0.960603 
67 vad:0.999466
gains: 0.991251 0.998122 0.997567 0.991715 0.998384 0.998762 0.998701 0.997251 0.996280 0.995951 0.997553 0.994388 0.990900 0.993866 0.984979 0.982581 
0.995574 0.996873 0.994070 0.989896 0.989142 0.987591 0.986077 0.988251 0.986398 0.996054 0.993822 0.993005 0.994018 0.980475 0.956272 0.975069 
68 vad:0.999517
gains: 0.990519 0.998313 0.998284 0.994979 0.998047 0.998555 0.997207 0.996168 0.997208 0.995464 0.996240 0.993901 0.993383 0.995125 0.985371 0.986177 
0.989308 0.992004 0.990901 0.995548 0.994951 0.994691 0.994332 0.995338 0.994306 0.998633 0.997666 0.997209 0.996949 0.987889 0.967731 0.984755 
69 vad:0.999168
gains: 0.990517 0.998227 0.998204 0.997588 0.997391 0.998170 0.996132 0.996267 0.996394 0.994546 0.996170 0.981178 0.979769 0.988215 0.958359 0.944923 
0.977664 0.965683 0.970006 0.987436 0.984748 0.985112 0.978185 0.987085 0.989016 0.992048 0.991594 0.991710 0.990876 0.981709 0.946502 0.978293 
70 vad:0.983148
gains: 0.996802 0.998059 0.995733 0.986270 0.991489 0.998165 0.994180 0.994127 0.997151 0.998184 0.994970 0.989562 0.989067 0.986356 0.976368 0.974964 
0.985980 0.989380 0.984936 0.988954 0.979237 0.987606 0.993418 0.994786 0.994962 0.994454 0.994448 0.991553 0.994514 0.991740 0.984997 0.984901 
71 vad:0.906516
gains: 0.997930 0.997251 0.995774 0.981072 0.984859 0.992833 0.977459 0.975348 0.984644 0.985120 0.984301 0.976480 0.911321 0.860422 0.883344 0.895739 
0.917020 0.958746 0.948396 0.877386 0.793447 0.758441 0.857563 0.804988 0.676107 0.601359 0.623632 0.623961 0.702213 0.589228 0.632070 0.740789 
72 vad:0.946539
gains: 0.984105 0.980561 0.942213 0.935367 0.949945 0.977196 0.945164 0.911201 0.928551 0.939540 0.949960 0.970936 0.971862 0.968394 0.959945 0.906643 
0.938599 0.936083 0.929216 0.897031 0.758698 0.775905 0.925606 0.867426 0.724994 0.764221 0.755741 0.877545 0.833815 0.840525 0.843430 0.899180 
73 vad:0.990861
gains: 0.982431 0.971491 0.955240 0.967664 0.965705 0.966879 0.936243 0.975216 0.980056 0.980678 0.980526 0.959447 0.935801 0.941334 0.964651 0.939041 
0.940773 0.919972 0.878536 0.686528 0.802647 0.782799 0.695181 0.717217 0.832807 0.928064 0.956973 0.956995 0.903865 0.906822 0.853352 0.863508 
74 vad:0.998148
gains: 0.980806 0.992487 0.996255 0.992521 0.993199 0.996476 0.986471 0.989534 0.967456 0.988954 0.988218 0.986951 0.983362 0.987752 0.979317 0.974874 
0.986112 0.974729 0.921993 0.948162 0.960367 0.955180 0.951072 0.953096 0.966731 0.981743 0.978449 0.982000 0.971092 0.918855 0.848461 0.923137 
75 vad:0.999378
gains: 0.915353 0.987688 0.996331 0.987652 0.990857 0.995153 0.996709 0.996845 0.996640 0.992074 0.986219 0.992244 0.994544 0.995040 0.989419 0.986210 
0.990896 0.986198 0.968134 0.960440 0.944520 0.958652 0.964861 0.957700 0.951976 0.980622 0.951687 0.972457 0.973536 0.899845 0.785400 0.945125 
76 vad:0.999130
gains: 0.986058 0.988710 0.998080 0.990386 0.983839 0.994902 0.995837 0.996574 0.995808 0.989851 0.989794 0.993390 0.993578 0.996008 0.991578 0.990120 
0.988102 0.986824 0.977263 0.965540 0.937079 0.965737 0.978889 0.973046 0.951886 0.983099 0.962392 0.980278 0.980802 0.934761 0.874818 0.964836 
77 vad:0.998033
gains: 0.979932 0.993786 0.999004 0.996360 0.994327 0.997465 0.996578 0.997259 0.998611 0.996602 0.996341 0.997997 0.995791 0.996460 0.994070 0.994167 
0.992119 0.992381 0.990495 0.985044 0.975192 0.973521 0.981964 0.970248 0.958339 0.991518 0.988373 0.985938 0.986305 0.965313 0.954707 0.984765 
78 vad:0.998707
gains: 0.958342 0.989242 0.998438 0.995779 0.994618 0.997860 0.997883 0.995901 0.996409 0.996014 0.996894 0.996417 0.996583 0.988350 0.979728 0.989050 
0.993369 0.991898 0.991258 0.990137 0.967831 0.939966 0.950461 0.965646 0.952241 0.972478 0.959376 0.955013 0.959038 0.936008 0.894173 0.957186 
79 vad:0.998587
gains: 0.960690 0.993480 0.997933 0.992367 0.992253 0.997718 0.996051 0.986319 0.991265 0.985777 0.994348 0.991685 0.982812 0.971229 0.970156 0.981744 
0.978183 0.980302 0.976604 0.938041 0.894817 0.853706 0.799708 0.853667 0.757721 0.816908 0.649854 0.540632 0.535108 0.308790 0.297448 0.634281 
80 vad:0.997653
gains: 0.960508 0.987237 0.994887 0.987658 0.992409 0.995679 0.994177 0.990056 0.995883 0.985950 0.972892 0.976185 0.977098 0.945311 0.929756 0.946688 
0.959198 0.947632 0.937584 0.863748 0.821788 0.799572 0.721826 0.726174 0.663186 0.692951 0.420063 0.294238 0.279275 0.167840 0.172455 0.475624 
81 vad:0.992617
gains: 0.981908 0.988054 0.993250 0.993775 0.983347 0.991932 0.995879 0.994544 0.982889 0.973716 0.972794 0.912735 0.897493 0.869145 0.881674 0.873378 
0.853456 0.837943 0.868603 0.519173 0.519885 0.425273 0.447114 0.508189 0.418089 0.259206 0.123852 0.128185 0.112856 0.101397 0.163209 0.437998 
82 vad:0.976243
gains: 0.993833 0.958370 0.988960 0.956326 0.946126 0.991995 0.963868 0.962714 0.978640 0.974015 0.922799 0.898933 0.808836 0.641503 0.652082 0.720751 
0.765387 0.747692 0.753199 0.300809 0.196489 0.223004 0.392507 0.566612 0.513804 0.333605 0.174507 0.119479 0.163205 0.101568 0.164728 0.329743 
83 vad:0.938885
gains: 0.952467 0.859671 0.845177 0.840626 0.853865 0.928903 0.864273 0.869479 0.956828 0.895682 0.817805 0.681092 0.725407 0.734327 0.638847 0.591502 
0.611454 0.633300 0.744035 0.445660 0.104007 0.174091 0.428478 0.514391 0.605899 0.727467 0.383022 0.260529 0.400566 0.311097 0.377730 0.423657 
84 vad:0.900578
gains: 0.961160 0.850663 0.751928 0.784534 0.933601 0.941147 0.877157 0.810234 0.871735 0.814808 0.795051 0.697394 0.721067 0.797791 0.691945 0.680045 
0.757292 0.674348 0.749038 0.705784 0.478951 0.106411 0.094822 0.284704 0.310433 0.599847 0.641641 0.652164 0.534440 0.306382 0.337115 0.524069 
85 vad:0.996184
gains: 0.869229 0.917562 0.938144 0.917912 0.913008 0.909171 0.919211 0.907235 0.954250 0.913830 0.946157 0.861400 0.740987 0.726479 0.530425 0.498033 
0.697562 0.664240 0.579874 0.711451 0.634960 0.146060 0.139646 0.544439 0.271059 0.424122 0.541005 0.488737 0.453147 0.305838 0.337483 0.527188 
86 vad:0.999521
gains: 0.937721 0.996135 0.996079 0.988796 0.996323 0.993668 0.957088 0.971700 0.975909 0.993655 0.987121 0.982824 0.979734 0.954836 0.924983 0.905845 
0.978635 0.981265 0.947182 0.868964 0.771181 0.829151 0.836242 0.889450 0.587472 0.682964 0.720671 0.720819 0.536735 0.504775 0.585724 0.475671 
87 vad:0.999851
gains: 0.958812 0.996971 0.998303 0.995393 0.997313 0.996106 0.992670 0.987524 0.994102 0.996928 0.992415 0.983695 0.991282 0.986485 0.970286 0.961192 
0.994973 0.996370 0.992553 0.974022 0.959336 0.964738 0.988369 0.982337 0.958927 0.958065 0.889249 0.952643 0.798020 0.723593 0.768496 0.759499 
88 vad:0.999863
gains: 0.980764 0.997650 0.996817 0.987918 0.997277 0.996624 0.994665 0.992597 0.995647 0.994256 0.992149 0.989041 0.991886 0.983557 0.989930 0.980693 
0.997118 0.998941 0.997692 0.993027 0.962008 0.976352 0.993017 0.987483 0.976359 0.958675 0.920469 0.972922 0.927325 0.874216 0.892921 0.779986 
89 vad:0.999776
gains: 0.991036 0.998577 0.998470 0.993736 0.998934 0.998428 0.996043 0.996472 0.997351 0.997754 0.996536 0.994321 0.994622 0.992638 0.993147 0.990845 
0.997788 0.999229 0.997454 0.996791 0.989332 0.979242 0.994454 0.995926 0.991553 0.981768 0.967567 0.980959 0.961906 0.932006 0.931089 0.873091 
90 vad:0.999684
gains: 0.979672 0.998004 0.997029 0.991524 0.998406 0.997546 0.995947 0.994830 0.994260 0.991344 0.989042 0.987811 0.993022 0.989684 0.985267 0.984969 
0.994565 0.997849 0.994741 0.994683 0.987289 0.972080 0.989029 0.981501 0.979788 0.983185 0.974132 0.986215 0.965574 0.922578 0.915815 0.916973 
91 vad:0.999319
gains: 0.988641 0.997847 0.995442 0.982967 0.988520 0.991143 0.929515 0.940976 0.956112 0.967080 0.924985 0.935846 0.943714 0.952879 0.920267 0.853879 
0.924781 0.961354 0.912423 0.779615 0.691414 0.642764 0.841138 0.846915 0.659482 0.816829 0.841547 0.844653 0.866726 0.630927 0.603376 0.632891 
92 vad:0.999753
gains: 0.975252 0.987408 0.988241 0.929404 0.952007 0.949088 0.737385 0.753895 0.809822 0.865176 0.867394 0.760491 0.843682 0.821241 0.803029 0.721807 
0.666092 0.830742 0.757264 0.440820 0.276785 0.173422 0.353612 0.525327 0.255335 0.243104 0.298530 0.352406 0.473901 0.262703 0.325920 0.367569 
93 vad:0.999707
gains: 0.981032 0.992733 0.992338 0.976558 0.990879 0.982362 0.983264 0.970450 0.988369 0.984700 0.978718 0.976186 0.988447 0.990190 0.985019 0.982049 
0.987664 0.991951 0.987912 0.975565 0.935858 0.889464 0.915955 0.897050 0.796477 0.838543 0.810878 0.898244 0.851295 0.775938 0.825286 0.784890 
94 vad:0.999946
gains: 0.971856 0.994998 0.994826 0.961988 0.988406 0.994625 0.996297 0.996905 0.993612 0.993288 0.994615 0.996570 0.995716 0.997934 0.989742 0.989938 
0.997036 0.997448 0.995367 0.995251 0.979336 0.976361 0.982995 0.970578 0.976250 0.938766 0.871249 0.965261 0.930168 0.826113 0.810215 0.877200 
95 vad:0.999648
gains: 0.974629 0.996390 0.996393 0.986241 0.995052 0.995925 0.996308 0.996847 0.993516 0.993673 0.995031 0.996234 0.996234 0.994654 0.985391 0.990187 
0.991400 0.993062 0.993967 0.989386 0.974438 0.966042 0.980869 0.971752 0.910589 0.961195 0.945043 0.951339 0.911313 0.815969 0.831695 0.899416 
96 vad:0.999693
gains: 0.979262 0.995516 0.993929 0.980210 0.995673 0.995338 0.987359 0.993073 0.984730 0.985106 0.988058 0.993860 0.993240 0.989229 0.970219 0.974339 
0.973851 0.968028 0.992968 0.982965 0.951921 0.935077 0.947556 0.950869 0.925739 0.959184 0.959853 0.965039 0.947226 0.900878 0.873255 0.834361 
97 vad:0.999634
gains: 0.973966 0.995600 0.995961 0.975685 0.975128 0.987508 0.947211 0.970284 0.985563 0.978923 0.988979 0.986547 0.950683 0.927905 0.940356 0.889185 
0.902643 0.940389 0.960063 0.953086 0.824930 0.755168 0.822031 0.827244 0.777544 0.792261 0.817586 0.841505 0.891272 0.862292 0.860641 0.788294 
98 vad:0.999768
gains: 0.968823 0.996070 0.997166 0.976370 0.991552 0.994295 0.989050 0.956445 0.971164 0.965679 0.971127 0.969374 0.971379 0.883100 0.881830 0.922554 
0.945713 0.927028 0.914837 0.900676 0.884743 0.703984 0.623611 0.838468 0.704559 0.715910 0.689939 0.645257 0.677979 0.707828 0.832283 0.725724 
99 vad:0.999735
gains: 0.979025 0.995897 0.997371 0.987709 0.995204 0.998057 0.995612 0.991144 0.994355 0.984150 0.987035 0.981498 0.959955 0.972788 0.942941 0.959169 
0.981824 0.979373 0.953707 0.963542 0.963031 0.962141 0.928555 0.928803 0.888970 0.942722 0.880011 0.878170 0.906177 0.854322 0.905290 0.927468 
100 vad:0.999324
gains: 0.977371 0.996447 0.995157 0.977426 0.995304 0.995395 0.989970 0.986938 0.989817 0.974051 0.987046 0.984028 0.965107 0.982010 0.958027 0.956470 
0.975372 0.965428 0.970444 0.965702 0.981691 0.984761 0.985318 0.974367 0.961420 0.976315 0.954655 0.937572 0.933480 0.947202 0.949914 0.949121 
101 vad:0.996789
gains: 0.985680 0.997768 0.997312 0.992675 0.994095 0.997388 0.993704 0.995011 0.992403 0.992796 0.986901 0.984119 0.970787 0.944461 0.928995 0.926576 
0.975674 0.960912 0.964482 0.984214 0.981579 0.978715 0.986868 0.989241 0.983854 0.985400 0.967485 0.959232 0.965597 0.963546 0.927704 0.847858 
102 vad:0.994057
gains: 0.989276 0.990642 0.987676 0.952721 0.935443 0.986093 0.980960 0.954845 0.963236 0.977611 0.960245 0.962626 0.939835 0.906743 0.809652 0.809382 
0.894113 0.891383 0.818325 0.876110 0.834300 0.912077 0.952720 0.891900 0.847106 0.890576 0.901897 0.885420 0.903143 0.889084 0.807996 0.738236 
103 vad:0.992946
gains: 0.969269 0.960807 0.938612 0.572067 0.848530 0.972487 0.927445 0.682301 0.532859 0.455799 0.508078 0.574105 0.423347 0.212678 0.153215 0.203591 
0.168891 0.243689 0.290623 0.168302 0.189065 0.032721 0.021988 0.093610 0.026681 0.017325 0.014428 0.017049 0.052600 0.088171 0.118589 0.370648 
104 vad:0.933245
gains: 0.794022 0.898594 0.714220 0.430669 0.700378 0.763536 0.414064 0.344985 0.448891 0.306543 0.425610 0.437043 0.345465 0.395850 0.534303 0.483271 
0.422165 0.483774 0.344023 0.217645 0.142151 0.081083 0.064826 0.164800 0.142715 0.194206 0.065831 0.076492 0.134289 0.144963 0.192069 0.359695 
105 vad:0.964318
gains: 0.935668 0.817133 0.779531 0.754782 0.859271 0.849148 0.841327 0.772049 0.564397 0.533164 0.680834 0.741586 0.778763 0.714261 0.725122 0.657074 
0.779900 0.775931 0.787719 0.777166 0.695754 0.725088 0.640454 0.645187 0.720865 0.740959 0.636420 0.694338 0.773099 0.786742 0.676853 0.643391 
106 vad:0.915170
gains: 0.869505 0.971378 0.919824 0.896146 0.795408 0.903515 0.901130 0.882259 0.780330 0.868895 0.917096 0.900230 0.851661 0.756277 0.763341 0.687416 
0.788334 0.833160 0.804228 0.780828 0.807282 0.886290 0.871421 0.722075 0.734536 0.774665 0.654324 0.708433 0.724444 0.719467 0.579238 0.610050 
107 vad:0.966914
gains: 0.934702 0.955648 0.957925 0.978896 0.973095 0.979796 0.951070 0.904131 0.941556 0.985702 0.989012 0.984659 0.979433 0.969216 0.953854 0.894498 
0.940563 0.943768 0.961950 0.919006 0.915486 0.865253 0.887640 0.917383 0.844743 0.783613 0.802855 0.807067 0.842031 0.815512 0.608868 0.674224 
108 vad:0.996488
gains: 0.969302 0.986767 0.986983 0.967076 0.989957 0.995864 0.968911 0.891751 0.936594 0.955100 0.961259 0.912911 0.926151 0.891749 0.812836 0.755670 
0.761582 0.698120 0.760634 0.567570 0.404732 0.581782 0.726806 0.566019 0.491119 0.380973 0.213049 0.220791 0.241731 0.178983 0.145594 0.427049 
109 vad:0.999670
gains: 0.937064 0.988008 0.989040 0.970326 0.985472 0.986021 0.982978 0.962812 0.958832 0.973459 0.978699 0.989268 0.989009 0.962501 0.915889 0.878225 
0.904095 0.893162 0.847225 0.799907 0.630167 0.620497 0.743907 0.693392 0.591535 0.832764 0.679620 0.707727 0.669464 0.464939 0.304843 0.724043 
110 vad:0.999211
gains: 0.912036 0.985132 0.979023 0.898827 0.978609 0.972497 0.976608 0.973025 0.908878 0.952949 0.969184 0.954296 0.943536 0.877303 0.702775 0.559068 
0.604589 0.454157 0.509190 0.319325 0.223070 0.258988 0.431224 0.421739 0.299019 0.523835 0.345144 0.417948 0.402857 0.220890 0.167787 0.578253 
111 vad:0.998457
gains: 0.949038 0.991546 0.988077 0.937297 0.986933 0.990777 0.965760 0.961612 0.902098 0.905764 0.925385 0.923878 0.911481 0.739449 0.595567 0.515391 
0.736970 0.796987 0.584670 0.193292 0.237364 0.316518 0.403172 0.325031 0.284772 0.581450 0.463972 0.508005 0.361365 0.202679 0.197121 0.505657 
112 vad:0.999817
gains: 0.975897 0.995943 0.996880 0.990451 0.997199 0.995171 0.989995 0.988465 0.996068 0.994163 0.984613 0.979870 0.982819 0.955750 0.910355 0.933278 
0.988254 0.991772 0.982018 0.915143 0.814546 0.894662 0.877627 0.911332 0.917596 0.867691 0.822344 0.865793 0.715801 0.742924 0.833383 0.819987 
113 vad:0.999734
gains: 0.955925 0.995202 0.995047 0.983201 0.997743 0.996967 0.993478 0.985238 0.982113 0.993552 0.990846 0.994432 0.990519 0.979428 0.972844 0.949351 
0.980800 0.990601 0.962727 0.778948 0.560530 0.779356 0.839238 0.887208 0.909843 0.824063 0.797268 0.915089 0.778869 0.709693 0.835795 0.737286 
114 vad:0.999668
gains: 0.943606 0.993432 0.990807 0.956799 0.991657 0.989172 0.979132 0.987629 0.963102 0.978482 0.983697 0.919927 0.922610 0.868328 0.714544 0.692234 
0.907134 0.946427 0.747370 0.277275 0.108822 0.090346 0.187620 0.290743 0.216951 0.373632 0.290794 0.600135 0.607559 0.472229 0.691257 0.482474 
115 vad:0.999728
gains: 0.940342 0.992143 0.989278 0.931359 0.984284 0.987276 0.982654 0.984411 0.971659 0.983154 0.977562 0.984415 0.974699 0.901674 0.767447 0.593212 
0.906408 0.955653 0.876935 0.321409 0.201154 0.211000 0.527218 0.468512 0.377639 0.669573 0.587429 0.692193 0.699999 0.609899 0.728981 0.584701 
116 vad:0.999768
gains: 0.950089 0.992003 0.993012 0.986068 0.993644 0.992443 0.984180 0.976250 0.980820 0.990005 0.987663 0.986204 0.990730 0.971608 0.838391 0.691876 
0.907608 0.862374 0.814355 0.657168 0.457024 0.378532 0.650208 0.799970 0.593673 0.635573 0.574133 0.736066 0.792726 0.746215 0.791812 0.650233 
117 vad:0.994962
gains: 0.974457 0.991801 0.989844 0.965794 0.994512 0.991578 0.976948 0.936067 0.935891 0.961990 0.983752 0.992979 0.990029 0.959565 0.885674 0.875159 
0.942492 0.955748 0.927663 0.897977 0.899473 0.926769 0.947061 0.950516 0.932483 0.923953 0.925703 0.879258 0.910290 0.881641 0.820552 0.898696 
118 vad:0.951765
gains: 0.983294 0.979026 0.984463 0.956335 0.945446 0.986643 0.947011 0.952135 0.984815 0.982829 0.981127 0.982703 0.984064 0.966943 0.928237 0.925702 
0.966376 0.984333 0.972780 0.960622 0.925519 0.949162 0.987533 0.986789 0.974603 0.950797 0.973921 0.969360 0.968824 0.958180 0.887088 0.953949 
119 vad:0.994946
gains: 0.896537 0.957444 0.905861 0.898762 0.951873 0.974835 0.937491 0.905834 0.949358 0.978273 0.971822 0.966386 0.972626 0.978727 0.939993 0.946313 
0.966823 0.969134 0.972830 0.958821 0.918089 0.957343 0.982382 0.971032 0.936665 0.911333 0.957095 0.972963 0.966652 0.958635 0.920950 0.946088 
120 vad:0.998930
gains: 0.895738 0.987788 0.993779 0.985488 0.987918 0.990449 0.942666 0.949676 0.914935 0.928726 0.949254 0.960348 0.945519 0.919168 0.924712 0.916814 
0.944668 0.910829 0.827583 0.831843 0.666263 0.808575 0.966503 0.941147 0.842651 0.854160 0.907014 0.949465 0.952722 0.943898 0.936436 0.886320 
121 vad:0.999643
gains: 0.905693 0.988354 0.993121 0.987796 0.994484 0.995611 0.992083 0.960359 0.887029 0.932374 0.940626 0.966123 0.987492 0.969082 0.950568 0.933956 
0.961870 0.954919 0.875027 0.864451 0.806037 0.771477 0.903761 0.896745 0.808505 0.900033 0.902096 0.950333 0.915580 0.907745 0.902140 0.935048 
122 vad:0.999559
gains: 0.944469 0.994007 0.993178 0.984276 0.996238 0.994590 0.991882 0.977605 0.972872 0.985636 0.990054 0.993454 0.959124 0.967573 0.922755 0.873616 
0.929598 0.946952 0.863690 0.774179 0.647873 0.658865 0.874052 0.855033 0.747102 0.932803 0.919679 0.941445 0.893081 0.790331 0.877034 0.906416 
123 vad:0.998539
gains: 0.960087 0.995822 0.994395 0.989183 0.996009 0.990854 0.987322 0.988582 0.988778 0.993705 0.993015 0.989572 0.994998 0.974249 0.962459 0.941424 
0.939952 0.948429 0.940459 0.905433 0.755136 0.670580 0.841239 0.898782 0.803407 0.884083 0.758595 0.844244 0.925711 0.859693 0.871178 0.828020 
124 vad:0.999350
gains: 0.957659 0.993056 0.991639 0.970551 0.994776 0.993424 0.973677 0.962258 0.961559 0.972579 0.981911 0.984587 0.983083 0.964807 0.944640 0.847923 
0.924143 0.922216 0.862199 0.815832 0.589402 0.597519 0.744748 0.717038 0.569641 0.916267 0.924459 0.926016 0.943850 0.919685 0.875301 0.779408 
125 vad:0.994625
gains: 0.987794 0.997218 0.996039 0.989143 0.996201 0.990657 0.986192 0.952472 0.971759 0.981342 0.971407 0.971982 0.974990 0.956594 0.923778 0.803471 
0.862010 0.889753 0.845333 0.771614 0.571001 0.523853 0.542182 0.649296 0.518678 0.260539 0.148656 0.257582 0.347772 0.455071 0.485676 0.588553 
126 vad:0.977227
gains: 0.989142 0.993838 0.993043 0.983583 0.975941 0.980151 0.961578 0.963337 0.968566 0.973292 0.969521 0.962426 0.955832 0.974479 0.944211 0.868834 
0.858270 0.923934 0.826641 0.683006 0.813242 0.873374 0.866280 0.919664 0.794399 0.637025 0.550875 0.442690 0.490171 0.472871 0.476603 0.730992 
127 vad:0.973711
gains: 0.963322 0.970948 0.933664 0.936533 0.932453 0.939703 0.915024 0.915460 0.949977 0.966383 0.968220 0.966472 0.974651 0.976067 0.958647 0.943867 
0.950137 0.971496 0.962671 0.761378 0.921994 0.955454 0.970711 0.979422 0.930373 0.781419 0.697208 0.704858 0.823213 0.834451 0.818104 0.905831 
128 vad:0.983460
gains: 0.942046 0.935523 0.831781 0.910808 0.955745 0.965555 0.947147 0.937778 0.941182 0.974397 0.978286 0.992340 0.986312 0.985865 0.985680 0.972451 
0.986211 0.991859 0.984661 0.941042 0.932747 0.927156 0.956002 0.983455 0.954029 0.826765 0.790303 0.850949 0.884082 0.903653 0.905253 0.969267 
129 vad:0.973476
gains: 0.956251 0.922134 0.818787 0.938089 0.955484 0.952281 0.917879 0.937453 0.938026 0.986528 0.976837 0.988793 0.992374 0.988661 0.986671 0.972303 
0.979886 0.986254 0.972815 0.917691 0.880328 0.941430 0.970177 0.973147 0.934557 0.918481 0.834392 0.855859 0.914475 0.909626 0.906298 0.980512 
130 vad:0.895611
gains: 0.941382 0.922744 0.891697 0.951118 0.952318 0.928843 0.852623 0.917149 0.930963 0.982110 0.982628 0.988342 0.991823 0.994339 0.986988 0.962299 
0.980790 0.984236 0.981176 0.963051 0.941303 0.948117 0.967987 0.973382 0.959868 0.931957 0.879681 0.904660 0.946934 0.964720 0.969725 0.955734 
131 vad:0.698400
gains: 0.955065 0.922780 0.885496 0.905306 0.880608 0.831717 0.829300 0.794447 0.889223 0.922020 0.921661 0.949848 0.915941 0.936552 0.905084 0.787764 
0.903021 0.934732 0.951432 0.944800 0.928700 0.881083 0.879558 0.906802 0.886420 0.866252 0.900841 0.931745 0.945568 0.954904 0.938406 0.900065 
132 vad:0.489774
gains: 0.904289 0.910166 0.917998 0.807902 0.753924 0.772725 0.726401 0.654128 0.732617 0.757018 0.801583 0.810241 0.818445 0.827175 0.818245 0.719385 
0.807352 0.864965 0.871663 0.857293 0.842811 0.832012 0.847420 0.868931 0.844269 0.845259 0.854256 0.880417 0.875273 0.892336 0.871477 0.830630 
133 vad:0.344227
gains: 0.837749 0.832004 0.835984 0.686148 0.673804 0.676180 0.642424 0.559514 0.601121 0.645700 0.729652 0.715817 0.686963 0.711566 0.733299 0.631696 
0.699441 0.789831 0.804357 0.762375 0.759669 0.764114 0.777978 0.794256 0.764363 0.775922 0.763942 0.794121 0.800503 0.823656 0.809401 0.781476 
134 vad:0.175995
gains: 0.748116 0.738481 0.722893 0.561739 0.570957 0.594053 0.574315 0.509865 0.525850 0.554430 0.627410 0.605406 0.570072 0.608778 0.646765 0.556193 
0.629122 0.713291 0.727587 0.658686 0.682926 0.710837 0.727037 0.748662 0.717676 0.713612 0.668319 0.703567 0.708204 0.759266 0.733395 0.679262 
135 vad:0.066901
gains: 0.665526 0.656122 0.626982 0.463547 0.493163 0.533239 0.525442 0.462230 0.468473 0.495679 0.563504 0.542778 0.507526 0.547944 0.587917 0.519411 
0.592662 0.673073 0.665265 0.578242 0.605690 0.645562 0.672341 0.691369 0.660088 0.660183 0.601753 0.632476 0.636728 0.680882 0.662314 0.578369 
136 vad:0.029523
gains: 0.599162 0.575815 0.547984 0.420881 0.464387 0.519044 0.514296 0.452080 0.463614 0.491483 0.542542 0.514532 0.490289 0.519702 0.559685 0.495113 
0.566249 0.643560 0.632716 0.533625 0.569074 0.602790 0.631245 0.657083 0.621522 0.619993 0.560904 0.581813 0.586329 0.631838 0.619099 0.519697 
137 vad:0.016404
gains: 0.562499 0.533975 0.510032 0.413381 0.467236 0.526631 0.515704 0.452634 0.472862 0.499086 0.532135 0.499311 0.485882 0.503159 0.539069 0.476428 
0.546170 0.617610 0.608912 0.502098 0.544697 0.565902 0.593672 0.628582 0.588092 0.585472 0.526924 0.543482 0.550458 0.591702 0.587958 0.475955 
138 vad:0.010863
gains: 0.545949 0.521466 0.499774 0.423077 0.485009 0.540653 0.522315 0.457931 0.486404 0.512529 0.530449 0.495626 0.490779 0.500084 0.535032 0.476262 
0.543189 0.608640 0.605143 0.494268 0.539787 0.558799 0.585355 0.621489 0.574587 0.572512 0.512442 0.523455 0.532656 0.568178 0.572052 0.451046 
139 vad:0.007740
gains: 0.534372 0.512934 0.493297 0.431808 0.496637 0.546345 0.519585 0.454192 0.492832 0.519751 0.525981 0.489130 0.490857 0.494771 0.527944 0.473953 
0.541444 0.600182 0.601950 0.488991 0.537712 0.557505 0.579540 0.614247 0.563197 0.562153 0.499346 0.506152 0.515830 0.546590 0.554304 0.428955 
140 vad:0.005937
gains: 0.533592 0.513366 0.494249 0.442113 0.510538 0.554984 0.521677 0.459041 0.509229 0.536695 0.531967 0.492140 0.497007 0.495906 0.526926 0.476879 
0.545986 0.600151 0.605565 0.490961 0.540068 0.563198 0.581774 0.612702 0.557530 0.557829 0.492189 0.495130 0.505213 0.532450 0.542874 0.415479 
141 vad:0.004835
gains: 0.533520 0.515191 0.498822 0.454032 0.522106 0.560595 0.520641 0.459013 0.518607 0.545171 0.531164 0.488895 0.497227 0.494647 0.523350 0.475707 
0.546128 0.596381 0.605469 0.491266 0.541714 0.568269 0.584063 0.612069 0.553896 0.556954 0.488907 0.488246 0.497327 0.520616 0.531954 0.401986 
142 vad:0.004254
gains: 0.539342 0.522822 0.506600 0.464569 0.530871 0.564754 0.521676 0.463311 0.530871 0.555455 0.533617 0.489134 0.498763 0.494421 0.521988 0.477267 
0.549778 0.598137 0.608289 0.492209 0.542072 0.574765 0.589650 0.613972 0.552503 0.558220 0.487189 0.484068 0.492975 0.512927 0.524979 0.393191 
143 vad:0.003428
gains: 0.541506 0.523403 0.507033 0.468203 0.533704 0.564734 0.518513 0.460390 0.534108 0.556672 0.529247 0.483533 0.495280 0.490821 0.516713 0.472543 
0.545330 0.590668 0.604310 0.488727 0.538746 0.574710 0.588663 0.611900 0.549429 0.556440 0.482898 0.477203 0.485349 0.502876 0.515549 0.382745 
144 vad:0.003106
gains: 0.546859 0.527819 0.511609 0.474687 0.538774 0.566192 0.518488 0.462365 0.541025 0.561068 0.529621 0.483126 0.495153 0.490002 0.515131 0.471828 
0.544243 0.587781 0.605468 0.489579 0.538740 0.577771 0.590400 0.612498 0.549176 0.556656 0.479948 0.472285 0.479360 0.495139 0.507678 0.374255 
145 vad:0.002710
gains: 0.549918 0.530581 0.514452 0.477085 0.541352 0.566259 0.517181 0.462069 0.544100 0.560723 0.526065 0.479933 0.493190 0.488160 0.511945 0.468276 
0.540355 0.583126 0.604712 0.488365 0.536560 0.577663 0.590457 0.613723 0.551299 0.557552 0.477994 0.468673 0.474399 0.489315 0.502885 0.369058 
146 vad:0.002466
gains: 0.551700 0.530525 0.513142 0.476751 0.541013 0.564280 0.514868 0.460731 0.545566 0.558205 0.521058 0.475772 0.490878 0.486824 0.509044 0.464542 
0.535463 0.575734 0.601671 0.485975 0.533536 0.576168 0.587208 0.611717 0.550291 0.555600 0.473757 0.463939 0.469008 0.483260 0.497547 0.363508 
147 vad:0.002168
gains: 0.554603 0.532051 0.513999 0.478566 0.540937 0.562715 0.513234 0.458757 0.545629 0.556300 0.518865 0.474004 0.489309 0.485619 0.506454 0.460753 
0.529593 0.569684 0.599347 0.483583 0.529792 0.572562 0.583149 0.610104 0.549868 0.553328 0.469487 0.459979 0.464063 0.478077 0.492375 0.358432 
148 vad:0.001940
gains: 0.554577 0.530255 0.511032 0.477372 0.540591 0.560012 0.510458 0.456964 0.545111 0.552872 0.515270 0.471769 0.487346 0.484309 0.504623 0.456624 
0.524373 0.564142 0.597854 0.481405 0.525488 0.568693 0.579136 0.608140 0.549264 0.551149 0.465237 0.455272 0.458159 0.472227 0.487465 0.353423 
149 vad:0.001728
gains: 0.553791 0.527980 0.507354 0.475082 0.538634 0.556915 0.507441 0.454975 0.545035 0.550140 0.512776 0.470204 0.485880 0.482858 0.501485 0.451721 
0.517385 0.556436 0.595072 0.478443 0.520064 0.563700 0.573307 0.604593 0.548303 0.548092 0.460528 0.451039 0.452911 0.467622 0.483089 0.349300 
150 vad:0.001578
gains: 0.552633 0.524854 0.504073 0.472783 0.537633 0.555015 0.505939 0.454008 0.544163 0.546308 0.509436 0.468431 0.484327 0.481518 0.497808 0.445339 
0.510260 0.549076 0.590845 0.474089 0.514303 0.557427 0.568525 0.603460 0.548261 0.545391 0.456263 0.447208 0.448312 0.463691 0.479737 0.345767 
151 vad:0.001456
gains: 0.552320 0.523058 0.500469 0.470525 0.535372 0.551134 0.502884 0.451479 0.542181 0.542177 0.506878 0.467186 0.482777 0.480538 0.495548 0.439382 
0.502879 0.542478 0.587801 0.470882 0.508006 0.550008 0.562513 0.600474 0.546221 0.540035 0.449404 0.441093 0.442297 0.459129 0.475391 0.341511 
152 vad:0.001380
gains: 0.552165 0.522367 0.498648 0.469690 0.534639 0.549457 0.502139 0.451641 0.542624 0.540256 0.505712 0.467294 0.482630 0.479322 0.491502 0.433993 
0.496811 0.536510 0.584835 0.469545 0.504605 0.545381 0.558922 0.600191 0.547989 0.540013 0.448626 0.440669 0.441001 0.458111 0.474504 0.340101 
153 vad:0.001290
gains: 0.549357 0.517799 0.494465 0.468265 0.533530 0.547849 0.501028 0.450365 0.540802 0.536828 0.503942 0.467025 0.482156 0.477965 0.488373 0.428840 
0.492023 0.531448 0.581792 0.466746 0.499422 0.539720 0.555567 0.599814 0.549695 0.539413 0.446980 0.439162 0.439136 0.456231 0.472762 0.338186 
154 vad:0.001255
gains: 0.550940 0.519469 0.495208 0.469152 0.534780 0.547445 0.500924 0.451949 0.542449 0.536043 0.504223 0.468532 0.482982 0.478153 0.486637 0.425544 
0.488043 0.529309 0.581723 0.466536 0.497068 0.537228 0.554622 0.600632 0.551393 0.540171 0.447561 0.440170 0.439922 0.457431 0.474262 0.338845 
155 vad:0.001084
gains: 0.548486 0.514162 0.489069 0.464671 0.530531 0.543568 0.497509 0.448564 0.539172 0.532099 0.501857 0.466675 0.480548 0.475095 0.481879 0.419244 
0.481962 0.522683 0.577417 0.463124 0.491409 0.530300 0.549463 0.598944 0.551647 0.538157 0.444864 0.437965 0.437112 0.455601 0.472255 0.337097 
156 vad:0.000960
gains: 0.547514 0.511953 0.486652 0.464305 0.529504 0.541176 0.496703 0.448590 0.538672 0.529330 0.500189 0.465978 0.479891 0.473998 0.478623 0.413490 
0.474919 0.517287 0.574644 0.461193 0.488165 0.526300 0.547046 0.599522 0.553945 0.538125 0.444489 0.437525 0.436161 0.454938 0.471860 0.336399 
157 vad:0.001058
gains: 0.547597 0.510446 0.484078 0.463091 0.528736 0.540614 0.496892 0.448850 0.538486 0.527737 0.499899 0.466771 0.480261 0.473360 0.475937 0.409528 
0.470784 0.513407 0.572891 0.460667 0.485047 0.521659 0.543881 0.598651 0.554162 0.537168 0.443305 0.436954 0.435630 0.454420 0.471413 0.335927 
158 vad:0.000854
gains: 0.546861 0.507952 0.479895 0.461272 0.526746 0.538015 0.495053 0.447863 0.536942 0.524207 0.497006 0.464975 0.478514 0.471271 0.472023 0.404447 
0.465784 0.507937 0.568820 0.456162 0.477936 0.515250 0.540926 0.597517 0.553319 0.535270 0.441407 0.435132 0.433412 0.452597 0.469711 0.334444 
159 vad:0.000806
gains: 0.546416 0.505834 0.478645 0.461478 0.526483 0.538749 0.495626 0.448869 0.537755 0.524209 0.498335 0.466539 0.479116 0.470971 0.470232 0.402262 
0.463589 0.505807 0.568525 0.456688 0.476463 0.513032 0.540623 0.598477 0.555550 0.536744 0.442230 0.435717 0.433401 0.452903 0.469951 0.334969 
160 vad:0.000802
gains: 0.546524 0.504695 0.476728 0.459962 0.524183 0.536554 0.493719 0.447417 0.535761 0.521030 0.496410 0.465389 0.477634 0.468558 0.465900 0.397375 
0.459538 0.502215 0.565790 0.454628 0.472921 0.509465 0.539313 0.598217 0.556216 0.536800 0.441364 0.435131 0.432903 0.452051 0.469099 0.334074 
161 vad:0.000710
gains: 0.547074 0.502387 0.473043 0.457758 0.521579 0.533700 0.492413 0.446806 0.535018 0.518625 0.494743 0.464289 0.476502 0.467122 0.462415 0.392453 
0.453949 0.497478 0.563430 0.452714 0.468976 0.503650 0.534690 0.595424 0.554025 0.533605 0.438842 0.432869 0.430255 0.450599 0.468112 0.333779 
162 vad:0.000660
gains: 0.546773 0.501242 0.471821 0.457779 0.521163 0.533224 0.492293 0.446539 0.534034 0.516714 0.492910 0.462720 0.475232 0.465818 0.459196 0.387966 
0.449804 0.494693 0.561758 0.450490 0.465904 0.500563 0.533327 0.595914 0.555627 0.534581 0.439242 0.432729 0.429855 0.449795 0.467813 0.333724 
163 vad:0.000684
gains: 0.548306 0.500908 0.470282 0.456993 0.519437 0.531643 0.491207 0.446345 0.533032 0.513800 0.490871 0.461680 0.474793 0.465231 0.457085 0.385199 
0.446679 0.492085 0.560956 0.450349 0.463433 0.498244 0.532883 0.595747 0.555641 0.534584 0.438855 0.431990 0.429222 0.449439 0.467300 0.333472 
164 vad:0.000783
gains: 0.548617 0.499869 0.468640 0.456896 0.518556 0.530429 0.490901 0.446652 0.532803 0.512467 0.489935 0.460846 0.473524 0.463826 0.454680 0.383205 
0.444443 0.489257 0.559901 0.449054 0.459662 0.494116 0.530386 0.594041 0.554587 0.533973 0.437804 0.431420 0.428642 0.449020 0.467107 0.333362 
165 vad:0.000706
gains: 0.550130 0.498800 0.466559 0.456067 0.516873 0.529649 0.490360 0.446407 0.532005 0.510579 0.488543 0.459951 0.472589 0.462559 0.452618 0.380118 
0.440301 0.485104 0.557085 0.447729 0.458129 0.491014 0.527570 0.591984 0.553375 0.531718 0.435449 0.428993 0.425593 0.445827 0.463795 0.331405 
166 vad:0.000772
gains: 0.551466 0.498202 0.464835 0.455476 0.516156 0.528680 0.490197 0.447224 0.532429 0.509160 0.487460 0.459714 0.472627 0.463047 0.452771 0.378780 
0.437762 0.483188 0.557644 0.448348 0.457062 0.488961 0.526991 0.592376 0.553681 0.531000 0.434382 0.427666 0.424216 0.444946 0.463108 0.330940 
167 vad:0.000706
gains: 0.553414 0.498813 0.464748 0.456322 0.516744 0.529611 0.490658 0.447445 0.531919 0.508511 0.487579 0.460268 0.473232 0.463185 0.451897 0.377935 
0.436838 0.482262 0.557874 0.448144 0.454675 0.486185 0.525306 0.591084 0.552518 0.529882 0.432885 0.426385 0.423268 0.443304 0.461665 0.329855 
168 vad:0.000738
gains: 0.553923 0.497523 0.462982 0.456763 0.516011 0.528577 0.490084 0.447320 0.531812 0.507462 0.486590 0.459537 0.472779 0.462848 0.450657 0.375311 
0.433645 0.480557 0.557973 0.448803 0.454368 0.484775 0.524677 0.590463 0.552389 0.529719 0.432804 0.425960 0.422745 0.442856 0.461140 0.329776 
169 vad:0.000693
gains: 0.556133 0.498567 0.463615 0.458554 0.516597 0.528712 0.490374 0.448526 0.532897 0.507449 0.486450 0.459881 0.473422 0.463408 0.450933 0.375174 
0.432743 0.480549 0.558841 0.448665 0.453466 0.483383 0.524309 0.590542 0.552502 0.530545 0.433760 0.426611 0.422913 0.442769 0.461267 0.330146 
170 vad:0.000701
gains: 0.557256 0.497729 0.461393 0.456432 0.513980 0.525624 0.487353 0.446135 0.530080 0.502723 0.481762 0.456136 0.470420 0.460284 0.446949 0.371463 
0.427774 0.475096 0.555694 0.445387 0.448617 0.478587 0.521150 0.588487 0.550315 0.527785 0.431055 0.424075 0.420336 0.440105 0.458808 0.328152 
171 vad:0.000470
gains: 0.558751 0.497741 0.460842 0.456650 0.512937 0.525106 0.486319 0.444970 0.528489 0.500555 0.480233 0.455141 0.469733 0.459400 0.445784 0.370387 
0.426542 0.474217 0.555689 0.445582 0.447250 0.476472 0.519551 0.586910 0.549271 0.526862 0.429551 0.422657 0.418844 0.438463 0.457438 0.327059 
172 vad:0.000543
gains: 0.560442 0.498107 0.461268 0.458057 0.512793 0.525087 0.486212 0.445164 0.528020 0.499318 0.479270 0.454666 0.469564 0.458365 0.443373 0.368298 
0.423954 0.471037 0.554153 0.444725 0.445348 0.473452 0.517575 0.585613 0.548255 0.525484 0.427900 0.420908 0.416817 0.436251 0.455398 0.325701 
173 vad:0.000594
gains: 0.561822 0.497730 0.460142 0.457869 0.512665 0.524169 0.485056 0.445080 0.528085 0.498400 0.478414 0.453897 0.468667 0.457522 0.442095 0.366764 
0.421811 0.469672 0.553943 0.443753 0.443142 0.470678 0.514695 0.583086 0.546711 0.524315 0.427119 0.420658 0.416432 0.436010 0.455328 0.326216 
174 vad:0.000610
gains: 0.562695 0.497410 0.459368 0.458226 0.512009 0.523287 0.483810 0.444650 0.527407 0.496480 0.476295 0.452758 0.468579 0.456681 0.440352 0.364323 
0.418427 0.466543 0.552211 0.442920 0.442030 0.469336 0.514572 0.583093 0.545532 0.523163 0.425816 0.419162 0.414972 0.435211 0.454563 0.325922 
175 vad:0.000523
gains: 0.563663 0.496870 0.459027 0.458859 0.511886 0.523231 0.482875 0.443854 0.526597 0.495280 0.475344 0.451949 0.468035 0.456803 0.440722 0.364058 
0.417893 0.467283 0.554222 0.443525 0.440308 0.466883 0.512726 0.581379 0.544546 0.522022 0.424281 0.418067 0.413840 0.434095 0.453799 0.325605 
176 vad:0.000460
gains: 0.565506 0.497288 0.458134 0.458386 0.509838 0.521685 0.481327 0.442646 0.525174 0.493303 0.473579 0.450701 0.467069 0.456219 0.440494 0.362970 
0.415050 0.464804 0.553206 0.442332 0.437820 0.463884 0.510762 0.579170 0.542480 0.520107 0.422526 0.416367 0.412554 0.432486 0.452077 0.324602 
177 vad:0.000479
gains: 0.566751 0.497902 0.459594 0.461036 0.511695 0.523066 0.481762 0.443621 0.525743 0.492973 0.473019 0.450570 0.467047 0.455245 0.438603 0.361797 
0.413270 0.463615 0.552786 0.441770 0.436761 0.462477 0.508970 0.577022 0.540453 0.518636 0.421329 0.415600 0.411679 0.431456 0.451572 0.324431 
178 vad:0.000479
gains: 0.568160 0.497930 0.458408 0.459759 0.510433 0.523141 0.480830 0.442754 0.524582 0.491395 0.471552 0.449594 0.466651 0.455066 0.438483 0.360762 
0.411763 0.462595 0.553198 0.442150 0.436008 0.461587 0.508711 0.576671 0.540471 0.518423 0.420568 0.414643 0.410740 0.430774 0.451150 0.324629 
179 vad:0.000454
gains: 0.570475 0.498403 0.458312 0.460750 0.510315 0.521878 0.479058 0.441462 0.523327 0.489753 0.470331 0.448418 0.465863 0.454370 0.437516 0.360248 
0.410479 0.460878 0.552002 0.440836 0.434062 0.459780 0.506779 0.574317 0.538277 0.516963 0.419323 0.413617 0.409418 0.429430 0.449375 0.323323 
180 vad:0.000422
gains: 0.571061 0.498448 0.460320 0.463854 0.511529 0.522851 0.479048 0.441728 0.523240 0.488692 0.469222 0.448294 0.466269 0.454145 0.436989 0.359586 
0.409430 0.460479 0.552319 0.440225 0.432429 0.457513 0.505377 0.573244 0.536729 0.515162 0.417505 0.411813 0.407892 0.428211 0.449068 0.323401 
181 vad:0.000343
gains: 0.572788 0.498953 0.459976 0.463700 0.511363 0.522997 0.478478 0.441259 0.522555 0.487532 0.468293 0.447710 0.465917 0.453735 0.436544 0.358706 
0.407848 0.459470 0.552549 0.440610 0.431172 0.455346 0.503041 0.570915 0.534459 0.512717 0.415938 0.410732 0.406883 0.427150 0.448155 0.322523 
182 vad:0.000523
gains: 0.575195 0.500801 0.461847 0.465670 0.511111 0.523185 0.477853 0.441531 0.522804 0.487049 0.468086 0.447862 0.465818 0.453494 0.435969 0.357875 
0.405683 0.458121 0.552092 0.440104 0.430874 0.455284 0.502905 0.570136 0.533134 0.511727 0.414718 0.409453 0.405685 0.425949 0.446763 0.321692 
183 vad:0.000578
gains: 0.576268 0.500698 0.461774 0.465839 0.510701 0.522742 0.476603 0.440275 0.521323 0.485295 0.466564 0.446569 0.464838 0.452805 0.435139 0.356740 
0.403782 0.456570 0.551880 0.439419 0.428774 0.452587 0.500678 0.568208 0.531722 0.509876 0.412932 0.407710 0.404212 0.424954 0.446155 0.321682 
184 vad:0.000488
gains: 0.577868 0.501382 0.461979 0.466717 0.509780 0.521513 0.475689 0.439686 0.520768 0.484472 0.465924 0.446279 0.464870 0.452511 0.434529 0.356766 
0.403140 0.454782 0.550599 0.438661 0.426936 0.451222 0.500056 0.566803 0.529444 0.508267 0.411871 0.406965 0.403860 0.424237 0.445293 0.321275 
185 vad:0.000484
gains: 0.577099 0.499861 0.460329 0.466056 0.509529 0.520843 0.474173 0.438435 0.519091 0.482232 0.463719 0.444187 0.463210 0.451246 0.433397 0.355553 
0.401496 0.454650 0.551155 0.439056 0.427130 0.451239 0.498538 0.564990 0.528275 0.507977 0.412363 0.407739 0.403977 0.424264 0.445004 0.320982 
186 vad:0.000346
gains: 0.578975 0.500717 0.462605 0.468374 0.509037 0.520971 0.474224 0.438476 0.518775 0.481362 0.463245 0.444150 0.462549 0.449850 0.431799 0.354106 
0.399762 0.453710 0.550427 0.438084 0.425788 0.450254 0.498476 0.564360 0.527611 0.507464 0.411730 0.407077 0.403420 0.423839 0.444627 0.321236 
187 vad:0.000513
gains: 0.579461 0.500266 0.461536 0.467990 0.508648 0.520268 0.472726 0.437204 0.517260 0.479229 0.461105 0.442427 0.461395 0.449000 0.431090 0.353029 
0.398163 0.451806 0.549713 0.436580 0.422993 0.447739 0.496658 0.562252 0.524929 0.504983 0.409632 0.405281 0.402043 0.422301 0.442918 0.319312 
188 vad:0.000500
gains: 0.581724 0.501478 0.462980 0.469778 0.509665 0.521274 0.472851 0.437039 0.516991 0.479017 0.461731 0.443440 0.462356 0.449305 0.431108 0.352395 
0.396520 0.450478 0.549525 0.437946 0.424361 0.447877 0.495798 0.561215 0.523885 0.503730 0.408748 0.404048 0.400577 0.421206 0.441781 0.318455 
189 vad:0.000442
gains: 0.581860 0.500594 0.461799 0.469132 0.507763 0.519356 0.470996 0.435671 0.515723 0.477546 0.459990 0.441539 0.460619 0.447588 0.429697 0.352490 
0.396509 0.449866 0.548665 0.436590 0.422613 0.447086 0.495322 0.560286 0.522474 0.502592 0.407545 0.403486 0.400190 0.421053 0.441485 0.318268 
190 vad:0.000518
gains: 0.583330 0.501597 0.463001 0.470600 0.508959 0.520041 0.471136 0.436115 0.516012 0.477151 0.459673 0.441489 0.460797 0.447598 0.429282 0.351887 
0.395853 0.448965 0.548217 0.436691 0.421772 0.446009 0.494767 0.559115 0.521052 0.501519 0.407269 0.403706 0.400527 0.421275 0.441583 0.318312 
191 vad:0.000490
gains: 0.584964 0.502387 0.463487 0.471442 0.509387 0.520156 0.470292 0.435801 0.515719 0.476369 0.459130 0.441130 0.460355 0.447369 0.429022 0.351661 
0.395157 0.449069 0.549420 0.437893 0.422319 0.446453 0.494737 0.558110 0.519622 0.501328 0.407987 0.404465 0.401284 0.421611 0.441999 0.318861 
192 vad:0.000460
gains: 0.586757 0.503130 0.464602 0.473188 0.508157 0.519281 0.470201 0.435905 0.515557 0.476005 0.458331 0.440398 0.460315 0.446806 0.427669 0.350480 
0.393571 0.447242 0.547616 0.436843 0.421525 0.444873 0.492760 0.555861 0.517883 0.500163 0.407653 0.404624 0.401649 0.422138 0.442240 0.319065 
193 vad:0.000342
gains: 0.587793 0.504099 0.465578 0.473582 0.508154 0.519437 0.469449 0.435797 0.516021 0.476532 0.459004 0.440951 0.460605 0.446767 0.427617 0.351677 
0.395047 0.448383 0.548801 0.436986 0.420738 0.445718 0.494266 0.556244 0.518130 0.500715 0.408205 0.405484 0.402985 0.423640 0.443884 0.320298 
194 vad:0.000303
gains: 0.588419 0.503607 0.464399 0.474249 0.507520 0.518370 0.468862 0.434236 0.514171 0.475124 0.458383 0.440803 0.461004 0.447444 0.428084 0.351242 
0.393660 0.447348 0.548419 0.437123 0.420055 0.444039 0.492559 0.554409 0.515455 0.498496 0.406410 0.404108 0.401896 0.422498 0.442246 0.318785 
195 vad:0.000513
gains: 0.590040 0.504563 0.466791 0.475846 0.507918 0.518682 0.468356 0.433786 0.513612 0.474733 0.458072 0.440379 0.460247 0.446035 0.426729 0.350787 
0.393030 0.446477 0.547694 0.435677 0.417972 0.443022 0.491980 0.553384 0.514569 0.498264 0.406187 0.403885 0.401689 0.422013 0.442269 0.318936 
196 vad:0.000315
gains: 0.590594 0.503919 0.465576 0.475387 0.505917 0.517451 0.467503 0.432895 0.512111 0.472706 0.456478 0.439108 0.458937 0.444776 0.425476 0.349322 
0.392097 0.446661 0.548030 0.436536 0.418671 0.442953 0.491695 0.552979 0.514261 0.497755 0.406249 0.404143 0.401983 0.421762 0.441526 0.318141 
197 vad:0.000501
gains: 0.592056 0.504795 0.465827 0.476031 0.505847 0.516289 0.466207 0.432037 0.511353 0.471331 0.455283 0.438140 0.458046 0.444212 0.425258 0.349206 
0.390735 0.445106 0.547116 0.436139 0.417941 0.441937 0.491321 0.552379 0.513091 0.496168 0.404667 0.403009 0.401073 0.421243 0.441054 0.317443 
198 vad:0.000480
gains: 0.591597 0.504239 0.466399 0.476175 0.503594 0.514282 0.464153 0.429754 0.509015 0.469550 0.453584 0.436415 0.456512 0.442308 0.423024 0.348022 
0.389261 0.443585 0.545487 0.434954 0.416910 0.440724 0.489856 0.550347 0.511426 0.495616 0.404602 0.403709 0.401994 0.422159 0.441867 0.318129 
199 vad:0.000328
gains: 0.593546 0.505697 0.467029 0.477172 0.504289 0.514243 0.463825 0.429698 0.509245 0.469291 0.452893 0.435864 0.456475 0.442222 0.422813 0.348834 
0.390170 0.444066 0.545901 0.435179 0.416540 0.440595 0.490085 0.549664 0.510298 0.494450 0.403907 0.403283 0.401660 0.422164 0.442039 0.318326 
200 vad:0.000375
gains: 0.593896 0.505404 0.467199 0.477881 0.503078 0.513310 0.463393 0.429047 0.508413 0.468129 0.451782 0.434941 0.455896 0.441683 0.422113 0.347669 
0.387931 0.441702 0.544651 0.434022 0.414505 0.439023 0.488666 0.548091 0.508463 0.493243 0.403128 0.402720 0.401455 0.421875 0.441633 0.317471 
201 vad:0.000319
gains: 0.595547 0.506222 0.468319 0.478940 0.503920 0.513691 0.462974 0.429053 0.508129 0.467536 0.451470 0.434737 0.455688 0.441117 0.422364 0.348352 
0.388072 0.441961 0.545400 0.434970 0.415594 0.439476 0.488977 0.548329 0.508726 0.493283 0.403028 0.402705 0.401623 0.422153 0.441780 0.317941 
202 vad:0.000319
gains: 0.595402 0.505584 0.467233 0.479030 0.503290 0.512546 0.462446 0.427997 0.506774 0.465705 0.449374 0.432942 0.454402 0.440315 0.421387 0.347121 
0.386383 0.441116 0.544590 0.433252 0.413159 0.437692 0.488311 0.547038 0.506626 0.491270 0.401470 0.401504 0.400796 0.421440 0.440764 0.316705 
203 vad:0.000380
gains: 0.595808 0.505426 0.468209 0.479985 0.503323 0.512593 0.462475 0.428498 0.507445 0.466029 0.449579 0.433415 0.455339 0.440606 0.421200 0.347678 
0.386769 0.439997 0.542975 0.432707 0.412822 0.437151 0.487196 0.545598 0.505238 0.490358 0.401468 0.401619 0.400813 0.420795 0.440205 0.316012 
204 vad:0.000344
gains: 0.597689 0.506821 0.467811 0.480383 0.503032 0.511528 0.462089 0.428234 0.507077 0.465346 0.449273 0.433222 0.454746 0.440139 0.420760 0.346602 
0.385230 0.439573 0.544303 0.433721 0.413330 0.437751 0.487993 0.545981 0.505236 0.490388 0.401771 0.402093 0.401764 0.422059 0.441006 0.316890 
205 vad:0.000406
gains: 0.597163 0.506140 0.468962 0.481693 0.502865 0.511447 0.461677 0.427606 0.506338 0.464334 0.448270 0.432623 0.453979 0.438381 0.418143 0.344962 
0.384384 0.438309 0.542414 0.431594 0.411136 0.435412 0.485899 0.543720 0.503601 0.489400 0.401285 0.401511 0.400532 0.420124 0.439155 0.314524 
206 vad:0.000365
gains: 0.599095 0.507481 0.469146 0.480792 0.501005 0.511101 0.461504 0.427177 0.505685 0.464170 0.448555 0.432608 0.453766 0.437696 0.417632 0.345167 
0.383793 0.437363 0.541252 0.430895 0.410592 0.435093 0.486022 0.543840 0.503275 0.489087 0.400996 0.401505 0.400964 0.420275 0.438987 0.314677 
207 vad:0.000425
gains: 0.598989 0.506841 0.468600 0.481029 0.499321 0.509085 0.460396 0.426471 0.504692 0.462937 0.447930 0.432778 0.453980 0.437280 0.416961 0.345134 
0.383250 0.436947 0.541368 0.431138 0.410211 0.435333 0.486867 0.543762 0.503045 0.490018 0.402347 0.403309 0.403181 0.422419 0.441064 0.316053 
208 vad:0.000480
gains: 0.600561 0.507823 0.469750 0.482452 0.498863 0.507930 0.459298 0.425395 0.503845 0.462134 0.447217 0.431810 0.452898 0.435551 0.415116 0.344929 
0.383209 0.436116 0.540150 0.430024 0.408970 0.434742 0.486031 0.542305 0.502165 0.489512 0.402187 0.403770 0.403589 0.422423 0.440586 0.315519 
209 vad:0.000241
gains: 0.601027 0.508162 0.469536 0.481524 0.499154 0.508189 0.458501 0.425123 0.503510 0.461669 0.446908 0.431576 0.452457 0.434863 0.414819 0.344410 
0.382260 0.435892 0.540800 0.430443 0.409223 0.434791 0.485829 0.542053 0.501936 0.489274 0.402132 0.404295 0.404083 0.423490 0.441373 0.316580 
210 vad:0.000395
gains: 0.602357 0.509532 0.471211 0.483814 0.498617 0.507361 0.458844 0.425360 0.503467 0.461052 0.446294 0.431183 0.452302 0.434570 0.414380 0.344895 
0.382202 0.435711 0.540562 0.430617 0.408979 0.434223 0.485126 0.540917 0.500212 0.488157 0.401606 0.404085 0.404570 0.424127 0.441612 0.316606 
211 vad:0.000417
gains: 0.601614 0.507718 0.469611 0.482482 0.497027 0.506238 0.457667 0.423615 0.501228 0.459055 0.444089 0.428724 0.450302 0.432874 0.412770 0.343429 
0.380685 0.433821 0.538429 0.429159 0.407531 0.431913 0.483457 0.540245 0.499838 0.487361 0.401055 0.403676 0.404014 0.423447 0.440870 0.315672 
212 vad:0.000267
gains: 0.603666 0.510275 0.472262 0.484905 0.498442 0.507251 0.458303 0.424610 0.502078 0.459579 0.444312 0.428860 0.450317 0.433083 0.413856 0.344604 
0.381833 0.434984 0.539406 0.429409 0.407719 0.433667 0.486361 0.542159 0.500643 0.488212 0.401942 0.404533 0.405298 0.424446 0.441585 0.315774 
213 vad:0.000425
gains: 0.604341 0.509893 0.471577 0.484890 0.497771 0.506743 0.458340 0.424361 0.501960 0.459107 0.444031 0.428726 0.450342 0.433015 0.413705 0.345517 
0.382323 0.434637 0.540146 0.430319 0.408347 0.433985 0.486644 0.542114 0.500509 0.488375 0.402344 0.405157 0.405865 0.424481 0.440865 0.314510 
214 vad:0.000379
gains: 0.603195 0.507712 0.470694 0.484669 0.497028 0.505039 0.456541 0.422376 0.499724 0.457206 0.442850 0.428077 0.449636 0.431314 0.412209 0.344882 
0.381140 0.433010 0.538831 0.429383 0.407659 0.433879 0.486379 0.541579 0.499867 0.487802 0.401951 0.405093 0.405910 0.424260 0.440455 0.314141 
215 vad:0.000408
gains: 0.605752 0.509424 0.470284 0.484056 0.496326 0.503814 0.455490 0.421638 0.499121 0.456129 0.441730 0.426978 0.448835 0.430991 0.412202 0.345252 
0.380984 0.432441 0.539081 0.428689 0.406469 0.433367 0.486736 0.541867 0.499484 0.487692 0.402001 0.405356 0.406507 0.424561 0.440386 0.314155 
216 vad:0.000444
gains: 0.604907 0.508917 0.470967 0.485537 0.497409 0.505125 0.456389 0.422752 0.500083 0.456848 0.442577 0.428010 0.449755 0.430871 0.411568 0.344190 
0.379523 0.431677 0.538931 0.429031 0.406632 0.433374 0.486768 0.542232 0.500501 0.488501 0.403310 0.406808 0.407651 0.425690 0.441105 0.314480 
217 vad:0.000317
gains: 0.606781 0.510352 0.471824 0.486424 0.497532 0.505230 0.456759 0.422494 0.499765 0.456886 0.443343 0.428899 0.450302 0.430943 0.411366 0.345073 
0.380635 0.431023 0.537586 0.428805 0.406269 0.433194 0.486455 0.541110 0.499311 0.487428 0.402428 0.406026 0.407042 0.424974 0.439990 0.312870 
218 vad:0.000266
gains: 0.607893 0.510948 0.472482 0.487383 0.496943 0.504583 0.456992 0.423079 0.500266 0.457147 0.443865 0.429701 0.450526 0.430811 0.411064 0.345068 
0.380104 0.431127 0.539150 0.430002 0.407737 0.434903 0.487650 0.542322 0.500626 0.488498 0.403608 0.407550 0.408470 0.426350 0.440750 0.313640 
219 vad:0.000289
gains: 0.607761 0.510593 0.472536 0.487221 0.495958 0.503426 0.455474 0.421692 0.498858 0.455648 0.441984 0.427715 0.448981 0.429323 0.410099 0.345569 
0.380969 0.431764 0.539127 0.428752 0.406624 0.434889 0.488117 0.541983 0.500294 0.488810 0.403998 0.408085 0.409319 0.426572 0.440687 0.313211 
220 vad:0.000399
gains: 0.608418 0.511218 0.472743 0.487227 0.495627 0.502719 0.455025 0.420975 0.498151 0.455144 0.441747 0.427585 0.448786 0.429132 0.410343 0.345588 
0.380094 0.431546 0.539442 0.428911 0.405943 0.434130 0.487670 0.541012 0.498839 0.487825 0.403824 0.408047 0.409336 0.426342 0.440109 0.312537 
221 vad:0.000302
gains: 0.608370 0.509858 0.471140 0.486812 0.495084 0.502429 0.454898 0.421067 0.498177 0.454814 0.441121 0.427286 0.448585 0.428152 0.408970 0.344355 
0.378551 0.429425 0.538112 0.428641 0.405850 0.433167 0.486493 0.540529 0.498569 0.486701 0.402885 0.407450 0.408602 0.425512 0.438921 0.311291 
222 vad:0.000312
gains: 0.609792 0.511152 0.471799 0.487571 0.494938 0.501169 0.453990 0.421051 0.498895 0.455048 0.440648 0.426924 0.448816 0.427920 0.408240 0.344883 
0.378952 0.429378 0.538045 0.427411 0.404564 0.432778 0.486293 0.540022 0.498375 0.486963 0.403396 0.408305 0.409732 0.426566 0.439975 0.312328 
223 vad:0.000341
gains: 0.610797 0.511095 0.472411 0.488149 0.493957 0.500407 0.453838 0.420664 0.498012 0.454016 0.440244 0.426999 0.448665 0.427206 0.407577 0.344309 
0.378270 0.428605 0.537525 0.427113 0.404226 0.432642 0.486382 0.540388 0.498584 0.486432 0.402939 0.408136 0.409636 0.426724 0.439820 0.311965 
224 vad:0.000414
gains: 0.610167 0.510621 0.472272 0.488313 0.493441 0.499927 0.453231 0.419810 0.496917 0.452615 0.438683 0.425599 0.447446 0.425553 0.405715 0.343615 
0.377904 0.427969 0.536238 0.425704 0.402826 0.431519 0.485565 0.539752 0.498132 0.486252 0.402741 0.408225 0.409863 0.426248 0.438914 0.310811 
225 vad:0.000345
gains: 0.610457 0.511315 0.473298 0.489500 0.493427 0.499916 0.453739 0.420322 0.497433 0.453156 0.439241 0.426205 0.448065 0.425619 0.405422 0.343561 
0.377443 0.427686 0.536682 0.426726 0.403636 0.431743 0.485411 0.539653 0.498402 0.486637 0.403412 0.408989 0.410748 0.427029 0.439273 0.310896 
226 vad:0.000349
gains: 0.610892 0.510923 0.472674 0.489193 0.493798 0.499873 0.452879 0.419411 0.496370 0.451439 0.437508 0.424911 0.447062 0.424152 0.403875 0.343640 
0.377707 0.427337 0.536402 0.425914 0.402514 0.431328 0.485119 0.539054 0.497324 0.486220 0.403612 0.409599 0.411359 0.427328 0.438993 0.310548 
227 vad:0.000295
gains: 0.611433 0.511215 0.473507 0.489924 0.493720 0.500517 0.453742 0.419478 0.496056 0.451578 0.438321 0.425433 0.446703 0.423944 0.404706 0.343882 
0.377276 0.427473 0.536788 0.425988 0.402962 0.431432 0.485006 0.538888 0.497383 0.486310 0.404121 0.410485 0.412344 0.428628 0.439773 0.311086 
228 vad:0.000265
gains: 0.611394 0.511325 0.473447 0.489847 0.493269 0.499042 0.452216 0.418388 0.495156 0.450747 0.437373 0.424538 0.446206 0.422850 0.403225 0.343751 
0.376667 0.426188 0.535788 0.425057 0.402281 0.431728 0.485774 0.539595 0.497884 0.486925 0.404784 0.411211 0.413328 0.429149 0.440088 0.311212 
229 vad:0.000351
gains: 0.612763 0.511998 0.474423 0.490882 0.492848 0.498603 0.452510 0.418674 0.494996 0.449943 0.436589 0.424670 0.446647 0.422384 0.402240 0.344164 
0.377387 0.426171 0.535433 0.424854 0.402303 0.432541 0.486628 0.539231 0.496972 0.486297 0.404648 0.411122 0.413263 0.428641 0.439153 0.310078 
230 vad:0.000345
gains: 0.613040 0.513003 0.474721 0.491737 0.494012 0.498853 0.452578 0.418643 0.494977 0.449910 0.436143 0.423692 0.445375 0.421369 0.402230 0.344300 
0.376962 0.426301 0.535509 0.423908 0.400901 0.432030 0.486077 0.538621 0.496271 0.485508 0.403912 0.410747 0.413178 0.428641 0.439216 0.309925 
231 vad:0.000270
gains: 0.612129 0.510685 0.472856 0.490513 0.491522 0.496957 0.451644 0.417712 0.493808 0.448661 0.435393 0.423334 0.444827 0.419999 0.400258 0.342651 
0.376045 0.424730 0.534038 0.423270 0.400136 0.430900 0.484909 0.537554 0.495449 0.484131 0.402703 0.409954 0.412239 0.427944 0.437902 0.308463 
232 vad:0.000282
gains: 0.614045 0.513207 0.475294 0.492209 0.493501 0.498192 0.452435 0.418200 0.494019 0.449225 0.435730 0.423377 0.444808 0.419194 0.399983 0.343558 
0.376428 0.424724 0.534036 0.423144 0.400216 0.431484 0.485105 0.537591 0.495502 0.484591 0.403904 0.411400 0.413414 0.428092 0.437482 0.308007 
233 vad:0.000439
gains: 0.613998 0.512721 0.474638 0.492133 0.493136 0.497696 0.452225 0.418562 0.494827 0.449863 0.436415 0.423915 0.444903 0.418795 0.399602 0.343621 
0.376285 0.425117 0.534882 0.423922 0.400432 0.432292 0.485602 0.537934 0.496425 0.485852 0.405066 0.412765 0.415156 0.429797 0.438555 0.308626 
234 vad:0.000346
gains: 0.614277 0.512588 0.475218 0.493230 0.493336 0.497741 0.452557 0.417988 0.493616 0.448284 0.434948 0.422722 0.443755 0.417410 0.398176 0.342638 
0.375906 0.424590 0.534346 0.422438 0.398919 0.431403 0.485564 0.537893 0.496786 0.485919 0.404878 0.412573 0.414710 0.429147 0.437613 0.307797 
235 vad:0.000357
gains: 0.614040 0.511749 0.473934 0.491708 0.491844 0.496092 0.451009 0.417054 0.492956 0.447506 0.434270 0.422224 0.443164 0.416489 0.397156 0.342149 
0.375227 0.424030 0.534359 0.422730 0.399353 0.431743 0.485439 0.537919 0.497554 0.486753 0.405827 0.413770 0.415965 0.430358 0.438300 0.308250 
236 vad:0.000234
gains: 0.613913 0.511510 0.474209 0.493035 0.493111 0.497216 0.451990 0.417861 0.493647 0.447505 0.434120 0.422335 0.443337 0.416262 0.397041 0.342221 
0.374924 0.423924 0.533899 0.421728 0.399142 0.431446 0.483863 0.536189 0.496007 0.485298 0.404978 0.413270 0.415361 0.429246 0.436804 0.306508 
237 vad:0.000297
gains: 0.613854 0.510898 0.473881 0.492676 0.492454 0.495762 0.451234 0.417492 0.492941 0.446291 0.432900 0.421189 0.442205 0.414897 0.396266 0.342876 
0.375309 0.423252 0.533057 0.420799 0.398298 0.431927 0.484501 0.536213 0.496258 0.485907 0.405092 0.413524 0.415998 0.429920 0.437583 0.307239 
238 vad:0.000242
gains: 0.614915 0.511754 0.473602 0.492594 0.492987 0.496105 0.451023 0.417219 0.492615 0.445953 0.432534 0.420965 0.441795 0.414685 0.396423 0.342955 
0.375617 0.423555 0.533740 0.421074 0.398230 0.431396 0.484122 0.536128 0.496126 0.485401 0.405127 0.414058 0.416046 0.429634 0.436640 0.306370 
239 vad:0.000303
gains: 0.614864 0.511975 0.474698 0.494059 0.494792 0.497350 0.451314 0.417807 0.493537 0.446868 0.433163 0.421579 0.442895 0.415215 0.396645 0.343440 
0.375838 0.424215 0.534507 0.421172 0.398897 0.433150 0.486251 0.538588 0.498539 0.487446 0.407029 0.415763 0.417875 0.431352 0.438159 0.307450 
240 vad:0.000375
gains: 0.615357 0.512024 0.473659 0.493348 0.493527 0.496290 0.451022 0.416828 0.491986 0.445295 0.431909 0.420417 0.441969 0.414502 0.395800 0.343002 
0.374986 0.423311 0.534347 0.420701 0.398185 0.432806 0.485668 0.537841 0.497230 0.486679 0.406626 0.415774 0.418267 0.431610 0.437789 0.306568 
241 vad:0.000375
gains: 0.616281 0.512368 0.474793 0.493962 0.493838 0.497409 0.451740 0.417628 0.492922 0.446545 0.433238 0.421854 0.442924 0.414343 0.395747 0.343013 
0.374432 0.422877 0.534633 0.421005 0.398759 0.432471 0.484652 0.537988 0.498002 0.486985 0.407689 0.417277 0.419486 0.432438 0.438369 0.307179 
242 vad:0.000262
gains: 0.615737 0.511547 0.474106 0.493867 0.493059 0.496005 0.450973 0.417251 0.492449 0.445740 0.432312 0.420982 0.442146 0.413547 0.395047 0.342642 
0.374133 0.423040 0.534676 0.420312 0.397760 0.432231 0.484652 0.537976 0.498668 0.487404 0.407961 0.417689 0.420247 0.433051 0.438536 0.307353 
243 vad:0.000368
gains: 0.615970 0.511586 0.473958 0.493714 0.492449 0.495516 0.450522 0.416533 0.491754 0.444841 0.431473 0.420624 0.441972 0.412759 0.393779 0.341857 
0.373581 0.422122 0.534453 0.420011 0.397530 0.431921 0.484072 0.537227 0.497995 0.487086 0.408127 0.417780 0.420238 0.432921 0.437745 0.306443 
244 vad:0.000404
gains: 0.616023 0.511560 0.473448 0.493819 0.493277 0.496357 0.451185 0.417379 0.492685 0.445303 0.431256 0.420492 0.442116 0.412474 0.392948 0.341868 
0.374003 0.421927 0.534034 0.419260 0.396663 0.432142 0.484562 0.537455 0.498539 0.487803 0.409044 0.418822 0.421137 0.433255 0.437811 0.306308 
245 vad:0.000334
gains: 0.616019 0.511445 0.473935 0.494802 0.493470 0.496201 0.451335 0.417260 0.492319 0.444897 0.431302 0.420922 0.442292 0.412118 0.392620 0.342114 
0.374261 0.421868 0.534268 0.420236 0.397923 0.432822 0.484952 0.537741 0.498964 0.488377 0.409836 0.419585 0.421863 0.433509 0.437801 0.306051 
246 vad:0.000388
gains: 0.617263 0.512515 0.474758 0.495684 0.494191 0.496761 0.451972 0.418108 0.492750 0.444824 0.431144 0.420959 0.442471 0.412109 0.393331 0.343815 
0.375508 0.423005 0.535583 0.420329 0.397580 0.433250 0.484760 0.537661 0.499163 0.488928 0.410626 0.421061 0.423588 0.434879 0.438838 0.306646 
247 vad:0.000338
gains: 0.616499 0.511378 0.473787 0.495341 0.493781 0.496242 0.451588 0.417675 0.492127 0.444319 0.431108 0.420991 0.442046 0.410890 0.392249 0.342812 
0.373921 0.421576 0.535153 0.420253 0.397187 0.433629 0.485054 0.537874 0.499316 0.488654 0.410419 0.420968 0.423473 0.435058 0.438390 0.305889 
248 vad:0.000200
gains: 0.617081 0.511129 0.473316 0.495440 0.494988 0.496433 0.451458 0.416896 0.491310 0.443677 0.430499 0.420676 0.442114 0.410738 0.392154 0.343333 
0.374349 0.421494 0.534610 0.418883 0.396267 0.433613 0.484603 0.537321 0.498916 0.488319 0.410427 0.421195 0.423455 0.434643 0.437915 0.305615 
249 vad:0.000315
gains: 0.616158 0.510335 0.472539 0.494839 0.493020 0.495334 0.450815 0.416018 0.490290 0.442855 0.429956 0.420547 0.442230 0.410763 0.391949 0.343099 
0.373910 0.421365 0.534055 0.418887 0.396694 0.434065 0.484621 0.537208 0.498723 0.488234 0.410506 0.421811 0.424296 0.435028 0.437633 0.305130 
250 vad:0.000251
gains: 0.617318 0.510856 0.472685 0.495263 0.492580 0.494928 0.451201 0.416661 0.491279 0.443875 0.430905 0.421415 0.442682 0.410642 0.392083 0.343526 
0.373625 0.421250 0.534906 0.419241 0.396687 0.433933 0.484229 0.536665 0.498235 0.487478 0.410293 0.421581 0.424268 0.435134 0.437686 0.304986 
251 vad:0.000344
gains: 0.617598 0.511439 0.472719 0.495319 0.492619 0.494650 0.451163 0.416485 0.490954 0.442992 0.429567 0.420027 0.441644 0.409287 0.390616 0.343080 
0.373014 0.420766 0.534539 0.418051 0.395854 0.433865 0.483634 0.536612 0.498325 0.487453 0.410554 0.422242 0.425009 0.435500 0.438044 0.305008 
252 vad:0.000244
gains: 0.617955 0.512006 0.473549 0.496034 0.494093 0.495978 0.452021 0.417408 0.491712 0.443294 0.429703 0.420402 0.442079 0.409781 0.391560 0.343973 
0.373915 0.422231 0.537064 0.419572 0.396683 0.434936 0.484631 0.537780 0.499826 0.488497 0.411543 0.423171 0.425856 0.436584 0.438927 0.305432 
253 vad:0.000383
gains: 0.618541 0.512219 0.474305 0.496388 0.493662 0.496029 0.451612 0.416492 0.490792 0.443098 0.429771 0.420217 0.441596 0.408851 0.390951 0.344225 
0.373865 0.421815 0.536895 0.419904 0.397588 0.436070 0.485225 0.538136 0.499770 0.488092 0.411629 0.423799 0.426737 0.437353 0.439007 0.305705 
254 vad:0.000238
gains: 0.618374 0.511447 0.473951 0.497084 0.493626 0.496100 0.452697 0.417235 0.491091 0.443020 0.429772 0.420096 0.440893 0.408170 0.390516 0.343657 
0.373137 0.421354 0.536547 0.419999 0.397812 0.436279 0.484634 0.537164 0.499191 0.488098 0.412105 0.424597 0.427129 0.437310 0.438368 0.305231 
255 vad:0.000327
gains: 0.617866 0.511328 0.472248 0.496498 0.494630 0.496713 0.453126 0.417391 0.491361 0.443190 0.429746 0.420327 0.441687 0.408909 0.390528 0.343430 
0.372729 0.420101 0.535727 0.418892 0.396538 0.436100 0.484021 0.536294 0.498180 0.487424 0.412081 0.425100 0.427556 0.437411 0.438073 0.304415 
256 vad:0.000327
gains: 0.618364 0.511419 0.473690 0.497104 0.494271 0.495785 0.452304 0.417013 0.491272 0.442984 0.429205 0.419996 0.441581 0.408007 0.389219 0.343655 
0.372910 0.419996 0.535843 0.418498 0.396294 0.436395 0.484395 0.536458 0.498550 0.487939 0.412285 0.425126 0.427728 0.437597 0.438172 0.304476 
257 vad:0.000325
gains: 0.618650 0.511621 0.472494 0.496123 0.495081 0.496309 0.452717 0.417845 0.492172 0.443194 0.428815 0.419576 0.441473 0.407877 0.389360 0.343297 
0.371836 0.419437 0.535689 0.418220 0.395944 0.436023 0.483108 0.535514 0.498135 0.487025 0.412086 0.425061 0.427447 0.437083 0.437226 0.303596 
258 vad:0.000272
gains: 0.619434 0.512436 0.474344 0.497929 0.496490 0.498269 0.454628 0.419353 0.493296 0.444362 0.430049 0.420963 0.442669 0.408418 0.389853 0.344476 
0.373647 0.420407 0.536412 0.418780 0.396276 0.436579 0.483490 0.536089 0.499160 0.487724 0.412296 0.425423 0.427168 0.436674 0.436697 0.303280 
259 vad:0.000438
gains: 0.619434 0.513148 0.473177 0.497030 0.496692 0.497600 0.453969 0.418401 0.492204 0.443136 0.428809 0.419918 0.441798 0.407552 0.389117 0.343938 
0.373109 0.420453 0.536813 0.418541 0.396250 0.437315 0.484526 0.537283 0.499633 0.488193 0.412874 0.426057 0.428265 0.437319 0.436616 0.302536 
260 vad:0.000306
gains: 0.618806 0.512294 0.473329 0.497109 0.496218 0.497636 0.453838 0.418199 0.491863 0.442758 0.428508 0.419683 0.441472 0.406717 0.388839 0.344828 
0.374303 0.421098 0.537001 0.418381 0.395894 0.437759 0.485138 0.537734 0.499835 0.488365 0.412954 0.426409 0.428585 0.437597 0.436775 0.302743 
261 vad:0.000385
gains: 0.619442 0.512659 0.473434 0.497820 0.496383 0.497687 0.454724 0.418763 0.491972 0.442491 0.427914 0.419052 0.440945 0.406271 0.388670 0.344662 
0.374344 0.421774 0.537530 0.418265 0.395529 0.437693 0.485329 0.537973 0.500174 0.488741 0.413717 0.427727 0.430337 0.439260 0.438237 0.303691 
262 vad:0.000340
gains: 0.618767 0.511806 0.471857 0.497208 0.496378 0.497675 0.454831 0.418808 0.491765 0.442094 0.427569 0.418594 0.440265 0.405745 0.388225 0.344302 
0.373910 0.421688 0.537712 0.418103 0.395403 0.437515 0.484163 0.536922 0.500068 0.488788 0.414127 0.428423 0.430598 0.439277 0.437619 0.303230 
263 vad:0.000287
gains: 0.619650 0.511723 0.473081 0.498336 0.496262 0.497445 0.455067 0.419158 0.492395 0.442832 0.428358 0.419749 0.441261 0.405226 0.386662 0.343650 
0.373508 0.420192 0.536022 0.417147 0.394873 0.437332 0.484288 0.536942 0.500073 0.488648 0.414176 0.428538 0.430532 0.439021 0.437189 0.302857 
264 vad:0.000352
gains: 0.619880 0.512729 0.473582 0.498949 0.496333 0.496930 0.455305 0.419354 0.492693 0.442903 0.428238 0.419753 0.441392 0.405305 0.386648 0.344301 
0.373839 0.421229 0.537540 0.417459 0.395136 0.438505 0.485060 0.537011 0.499705 0.488562 0.414731 0.429055 0.431849 0.440029 0.438111 0.303044 
265 vad:0.000371
gains: 0.619883 0.512528 0.473066 0.498704 0.496843 0.497610 0.455525 0.419084 0.492146 0.442360 0.427616 0.418853 0.440499 0.404829 0.386958 0.344760 
0.373468 0.420715 0.536926 0.416407 0.394565 0.438587 0.484756 0.536989 0.499610 0.488201 0.414205 0.428828 0.431655 0.439768 0.437795 0.302836 
266 vad:0.000406
gains: 0.620518 0.512002 0.472519 0.498480 0.495717 0.496930 0.455233 0.418533 0.491480 0.441701 0.426893 0.418205 0.439995 0.404261 0.386763 0.344782 
0.373467 0.420181 0.536167 0.415479 0.393830 0.438418 0.484468 0.536408 0.499501 0.488923 0.415314 0.430084 0.432864 0.440352 0.437814 0.302457 
267 vad:0.000228
gains: 0.620998 0.513138 0.473017 0.498775 0.496788 0.498140 0.455940 0.419438 0.492205 0.441967 0.426412 0.417749 0.440108 0.404299 0.386884 0.345328 
0.373977 0.420508 0.535903 0.415002 0.393473 0.438394 0.484382 0.536737 0.499833 0.489518 0.416403 0.431769 0.434271 0.441331 0.438488 0.302947 
268 vad:0.000225
gains: 0.621489 0.513427 0.472968 0.499915 0.497142 0.498665 0.457888 0.421120 0.493746 0.443194 0.428220 0.420139 0.442502 0.406134 0.387654 0.346026 
0.374775 0.420899 0.537645 0.416710 0.394178 0.438797 0.484264 0.536962 0.500417 0.489602 0.416864 0.432678 0.434805 0.442001 0.438366 0.302669 
269 vad:0.000428
gains: 0.621939 0.513305 0.472874 0.500130 0.497435 0.498588 0.457753 0.421174 0.493988 0.443504 0.428652 0.420629 0.442830 0.405645 0.386785 0.345525 
0.374026 0.420005 0.537288 0.415863 0.393478 0.438868 0.484567 0.537216 0.500593 0.489208 0.416055 0.431710 0.434025 0.441485 0.438290 0.302636 
270 vad:0.000250
gains: 0.621596 0.513252 0.472433 0.499855 0.497924 0.498820 0.458093 0.421167 0.493630 0.442943 0.427903 0.420228 0.442746 0.405417 0.386565 0.346004 
0.374711 0.421077 0.538191 0.415706 0.393452 0.439463 0.484756 0.537040 0.500428 0.489251 0.416326 0.432290 0.434794 0.441958 0.438329 0.302464 
271 vad:0.000265
gains: 0.622491 0.514228 0.473500 0.500469 0.499514 0.499870 0.458629 0.421823 0.494347 0.443772 0.428540 0.420500 0.442844 0.405223 0.386748 0.346474 
0.375270 0.421882 0.538933 0.415859 0.393711 0.439871 0.485344 0.538305 0.501803 0.490510 0.418004 0.433966 0.436230 0.443298 0.439454 0.303426 
272 vad:0.000362
gains: 0.622195 0.512868 0.472136 0.499748 0.498809 0.499663 0.458495 0.421693 0.494449 0.443832 0.428508 0.420474 0.442965 0.404770 0.385551 0.345854 
0.374860 0.420821 0.537884 0.415185 0.393669 0.440564 0.484984 0.538078 0.501491 0.489584 0.416805 0.433116 0.435459 0.442354 0.437917 0.302038 
273 vad:0.000299
gains: 0.622338 0.513252 0.473011 0.500182 0.497651 0.498498 0.457694 0.420942 0.493445 0.442745 0.427300 0.419625 0.442431 0.404127 0.384753 0.346311 
0.375755 0.421469 0.538394 0.414524 0.392408 0.439918 0.484950 0.537495 0.500672 0.489282 0.416750 0.433321 0.435888 0.442207 0.437445 0.301401 
274 vad:0.000403
gains: 0.622802 0.513923 0.472868 0.500304 0.497919 0.498759 0.458699 0.422013 0.494337 0.443411 0.427814 0.420292 0.443084 0.404504 0.385185 0.346593 
0.375515 0.421027 0.538717 0.414750 0.392752 0.439789 0.484516 0.537535 0.501434 0.489828 0.417653 0.434436 0.436848 0.443116 0.438130 0.301787 
275 vad:0.000273
gains: 0.623655 0.515481 0.474450 0.501644 0.499383 0.500221 0.459545 0.422803 0.495415 0.444778 0.429173 0.420950 0.443553 0.405106 0.386039 0.347297 
0.375651 0.421299 0.539709 0.416387 0.394115 0.441829 0.486044 0.539253 0.503237 0.491458 0.419136 0.436626 0.438985 0.445183 0.439271 0.302751 
276 vad:0.000245
gains: 0.623225 0.514292 0.473607 0.501500 0.499507 0.500551 0.460044 0.423070 0.494925 0.443679 0.428081 0.420489 0.443676 0.405000 0.385860 0.348261 
0.376729 0.422472 0.540999 0.416300 0.393877 0.442789 0.486728 0.538946 0.502691 0.492317 0.420331 0.437847 0.440325 0.445743 0.439687 0.302957 
277 vad:0.000270
gains: 0.622757 0.513641 0.472449 0.500772 0.499060 0.500573 0.460339 0.423044 0.494785 0.443791 0.428774 0.421666 0.444538 0.405043 0.384923 0.346769 
0.375697 0.421716 0.541009 0.416753 0.394497 0.443242 0.486034 0.538168 0.502867 0.491645 0.420191 0.438033 0.440053 0.445613 0.439044 0.302428 
278 vad:0.000231
gains: 0.622777 0.514009 0.471396 0.499933 0.500674 0.501426 0.460432 0.423227 0.494803 0.443236 0.428012 0.421090 0.444392 0.405352 0.385869 0.347684 
0.376414 0.422447 0.541792 0.416484 0.393755 0.442914 0.485248 0.537320 0.501823 0.490306 0.418863 0.436806 0.439053 0.444754 0.438277 0.301746 
279 vad:0.000411
gains: 0.622641 0.513155 0.471599 0.499972 0.499193 0.500047 0.459254 0.422341 0.494111 0.442473 0.427390 0.420560 0.443248 0.403231 0.383540 0.346792 
0.376065 0.421685 0.540665 0.415616 0.393615 0.443742 0.485971 0.537506 0.502081 0.490652 0.419293 0.437187 0.439285 0.444701 0.437901 0.301471 
280 vad:0.000418
gains: 0.623336 0.514580 0.472005 0.500822 0.500849 0.501539 0.461131 0.423666 0.495427 0.443645 0.427876 0.420612 0.443337 0.403234 0.383248 0.346234 
0.375543 0.422116 0.541203 0.415585 0.393581 0.443671 0.485519 0.537622 0.502758 0.491163 0.420654 0.439081 0.441240 0.446343 0.439100 0.302385 
281 vad:0.000275
gains: 0.623344 0.514084 0.471899 0.500497 0.500229 0.500871 0.460429 0.423023 0.494783 0.443164 0.427727 0.420659 0.443396 0.402731 0.382121 0.346102 
0.376189 0.421931 0.540667 0.414988 0.392930 0.443710 0.485687 0.537205 0.502760 0.491517 0.420967 0.439676 0.441550 0.446424 0.438718 0.302122 
282 vad:0.000353
gains: 0.624151 0.514869 0.471987 0.501147 0.501388 0.501492 0.461299 0.423870 0.495477 0.443478 0.427650 0.420520 0.443273 0.402742 0.382332 0.346335 
0.376207 0.422699 0.541731 0.415320 0.393250 0.444697 0.486517 0.537530 0.502849 0.492061 0.421827 0.440606 0.442812 0.447546 0.439425 0.302314 
283 vad:0.000302
gains: 0.625021 0.515355 0.472249 0.501385 0.501672 0.501640 0.461359 0.423695 0.495462 0.443765 0.427900 0.420707 0.443341 0.402568 0.382679 0.347061 
0.376665 0.423016 0.542008 0.414729 0.392678 0.444461 0.485873 0.536724 0.502083 0.491909 0.422216 0.441134 0.443198 0.447719 0.439759 0.302562 
284 vad:0.000338
gains: 0.625513 0.516136 0.473326 0.502371 0.502223 0.502511 0.462571 0.424688 0.496012 0.443780 0.427689 0.420314 0.442851 0.402341 0.382777 0.347307 
0.376542 0.423026 0.542325 0.414540 0.392715 0.445192 0.486670 0.537893 0.503311 0.492560 0.422639 0.441576 0.443611 0.448136 0.440026 0.302753 
285 vad:0.000266
gains: 0.624721 0.514944 0.471606 0.501637 0.502262 0.502166 0.461970 0.423891 0.495273 0.443420 0.427665 0.420629 0.443351 0.402574 0.382828 0.347067 
0.376492 0.422991 0.542367 0.414626 0.392460 0.445211 0.486425 0.537713 0.503394 0.492544 0.422689 0.441857 0.443771 0.448123 0.439353 0.301900 
286 vad:0.000249
gains: 0.625104 0.514788 0.471896 0.501891 0.502444 0.502243 0.462374 0.424752 0.496029 0.443809 0.428112 0.421543 0.444251 0.403012 0.383150 0.347796 
0.377199 0.423477 0.543223 0.415616 0.393567 0.446566 0.487422 0.538833 0.504499 0.493461 0.424160 0.443700 0.445606 0.450047 0.441191 0.303489 
287 vad:0.000356
gains: 0.624930 0.515644 0.472493 0.502700 0.503707 0.503343 0.463242 0.425403 0.496295 0.443423 0.427261 0.420723 0.444077 0.403059 0.383087 0.348031 
0.377890 0.424274 0.544162 0.415292 0.392919 0.446992 0.488081 0.539332 0.504503 0.493332 0.423750 0.443464 0.445576 0.450306 0.440949 0.303168 
288 vad:0.000252
gains: 0.624289 0.514053 0.471338 0.501835 0.502482 0.502491 0.462871 0.424898 0.495847 0.443179 0.427308 0.420853 0.443851 0.402011 0.381270 0.346868 
0.377188 0.422839 0.543030 0.414672 0.392630 0.446760 0.487726 0.539458 0.505744 0.493577 0.423728 0.443817 0.445467 0.450113 0.440495 0.302906 
289 vad:0.000330
gains: 0.624656 0.515088 0.471687 0.501991 0.502663 0.503273 0.463394 0.425403 0.496215 0.443501 0.427346 0.420766 0.443779 0.401988 0.381311 0.346681 
0.376778 0.423487 0.544451 0.415733 0.393141 0.447134 0.487354 0.538839 0.505023 0.493274 0.424104 0.444364 0.446538 0.450979 0.440937 0.303415 
290 vad:0.000369
gains: 0.624105 0.513640 0.469424 0.500811 0.501533 0.502402 0.463875 0.425549 0.496338 0.443019 0.426578 0.420046 0.443457 0.401718 0.381049 0.347175 
0.377712 0.423671 0.543436 0.414395 0.392732 0.447359 0.486802 0.538085 0.504608 0.493432 0.424615 0.445065 0.446929 0.450803 0.440532 0.302806 
291 vad:0.000323
gains: 0.624683 0.515264 0.471457 0.502826 0.503711 0.504061 0.465132 0.426681 0.497328 0.444157 0.427328 0.420776 0.444557 0.402749 0.382132 0.347725 
0.377628 0.423964 0.544305 0.414653 0.392692 0.447787 0.487718 0.539452 0.505947 0.494681 0.426140 0.446760 0.448611 0.452229 0.441558 0.303679 
292 vad:0.000310
gains: 0.624320 0.514167 0.470893 0.502290 0.503485 0.504306 0.465168 0.426250 0.496512 0.443247 0.426976 0.420936 0.444364 0.401770 0.380829 0.346826 
0.377397 0.423529 0.544664 0.414928 0.392719 0.448016 0.487784 0.539867 0.506587 0.494834 0.426322 0.447097 0.448642 0.452394 0.441266 0.303329 
293 vad:0.000296
gains: 0.625022 0.515627 0.471223 0.502902 0.504199 0.504339 0.465830 0.427299 0.497837 0.444306 0.427471 0.421128 0.444835 0.402894 0.382453 0.348669 
0.378851 0.424931 0.545632 0.415645 0.393604 0.449430 0.489005 0.540641 0.506774 0.495565 0.427393 0.448134 0.449972 0.453284 0.441820 0.303857 
294 vad:0.000387
gains: 0.626361 0.517327 0.473601 0.505826 0.505856 0.506652 0.468999 0.429695 0.500095 0.446671 0.429445 0.422865 0.446543 0.404198 0.383028 0.349832 
0.380205 0.425649 0.546407 0.416424 0.394339 0.450575 0.489670 0.541366 0.508197 0.497545 0.429272 0.450308 0.451964 0.454912 0.442697 0.304403 
295 vad:0.000277
gains: 0.625485 0.516466 0.473181 0.505145 0.504876 0.505918 0.468147 0.428738 0.498744 0.445382 0.428192 0.421667 0.445514 0.403000 0.381836 0.349269 
0.379652 0.425068 0.545875 0.415199 0.392983 0.450158 0.489122 0.540367 0.507756 0.497560 0.429376 0.450758 0.452482 0.455124 0.442853 0.304582 
296 vad:0.000339
gains: 0.625811 0.516257 0.472616 0.505341 0.505568 0.506074 0.467784 0.428161 0.497692 0.444312 0.427158 0.421354 0.446106 0.403570 0.382850 0.349653 
0.379668 0.425877 0.547111 0.416016 0.393593 0.450636 0.489018 0.540285 0.507509 0.497327 0.429936 0.451446 0.453012 0.455395 0.443084 0.304586 
297 vad:0.000388
gains: 0.625675 0.515965 0.471033 0.503886 0.505600 0.506174 0.467962 0.428259 0.497556 0.443774 0.426889 0.421047 0.445025 0.402326 0.382484 0.349151 
0.378897 0.425790 0.547040 0.415251 0.393122 0.451528 0.489489 0.540459 0.507794 0.497312 0.429971 0.451974 0.453702 0.456183 0.443532 0.305111 
298 vad:0.000427
gains: 0.625632 0.515771 0.470951 0.504174 0.505741 0.506710 0.468605 0.428915 0.498505 0.444643 0.427744 0.421915 0.445755 0.402013 0.381002 0.349244 
0.379855 0.425857 0.546515 0.414740 0.392864 0.452282 0.489762 0.540344 0.507785 0.497777 0.430639 0.452675 0.454226 0.456208 0.443196 0.304557 
299 vad:0.000278
gains: 0.626068 0.516543 0.471577 0.504938 0.506756 0.508336 0.470190 0.429892 0.498932 0.445065 0.428271 0.422589 0.446324 0.402516 0.381787 0.349878 
0.380302 0.426422 0.547063 0.414686 0.392689 0.452105 0.489543 0.540502 0.508144 0.497726 0.430516 0.452714 0.454094 0.456158 0.442931 0.304481 
300 vad:0.000426
gains: 0.626083 0.516332 0.471468 0.505443 0.506781 0.508616 0.470684 0.430350 0.499429 0.445488 0.428719 0.423371 0.447359 0.403436 0.381847 0.350118 
0.380888 0.426568 0.547429 0.415176 0.393558 0.452652 0.489613 0.540594 0.508429 0.497718 0.430603 0.453046 0.454109 0.456176 0.442660 0.304317 
301 vad:0.000361
gains: 0.627651 0.518269 0.472955 0.507053 0.508140 0.509204 0.471870 0.431742 0.500461 0.446104 0.429192 0.423913 0.447894 0.404061 0.382590 0.350828 
0.381343 0.427342 0.548495 0.415430 0.393762 0.453728 0.490288 0.541180 0.509170 0.498147 0.431235 0.454209 0.455387 0.457292 0.443471 0.304979 
302 vad:0.000400
gains: 0.626713 0.517760 0.472752 0.506606 0.507899 0.509136 0.472372 0.432007 0.500372 0.446192 0.429330 0.424025 0.447857 0.403613 0.381913 0.350752 
0.381420 0.426894 0.548528 0.415335 0.393028 0.452998 0.489297 0.540174 0.508331 0.498024 0.431845 0.454935 0.456309 0.457825 0.443639 0.304880 
303 vad:0.000410
gains: 0.627771 0.518569 0.472869 0.507453 0.509398 0.511185 0.474103 0.433439 0.502049 0.447807 0.430645 0.425341 0.449165 0.404957 0.383367 0.351677 
0.382526 0.428530 0.550073 0.416483 0.394659 0.454681 0.490350 0.541255 0.509047 0.498354 0.431999 0.455212 0.456767 0.458160 0.443676 0.305094 
304 vad:0.000369
gains: 0.627942 0.518369 0.473035 0.507050 0.508333 0.510806 0.473848 0.433021 0.501451 0.447410 0.430245 0.424884 0.448874 0.404416 0.382423 0.351476 
0.382811 0.428330 0.549792 0.416418 0.394392 0.455167 0.491141 0.541466 0.509339 0.498735 0.432310 0.455710 0.457178 0.458028 0.443147 0.304605 
305 vad:0.000313
gains: 0.628813 0.519028 0.473790 0.507783 0.508919 0.511343 0.474820 0.434107 0.502391 0.448307 0.431103 0.425719 0.449951 0.404963 0.382260 0.352569 
0.384191 0.429467 0.550692 0.416597 0.395072 0.456029 0.491292 0.541727 0.509644 0.499893 0.434249 0.457673 0.459065 0.459532 0.444458 0.305587 
306 vad:0.000294
gains: 0.628395 0.518767 0.472543 0.506601 0.508294 0.510261 0.474073 0.433227 0.501318 0.447301 0.429928 0.424363 0.448871 0.404174 0.381689 0.351760 
0.383384 0.428820 0.550448 0.416267 0.394515 0.455831 0.491165 0.541784 0.509780 0.499479 0.433787 0.457446 0.458836 0.459187 0.443747 0.304752 
307 vad:0.000347
gains: 0.627887 0.517975 0.472479 0.507069 0.507818 0.509712 0.473946 0.433127 0.500930 0.446323 0.428875 0.423853 0.448478 0.403301 0.380559 0.350923 
0.382897 0.428210 0.549892 0.415583 0.393814 0.455073 0.490144 0.540969 0.509491 0.499333 0.434126 0.457976 0.459136 0.459519 0.443559 0.304591 
308 vad:0.000267
gains: 0.628285 0.518683 0.472328 0.507871 0.509218 0.510928 0.475447 0.434566 0.502233 0.447266 0.429334 0.424288 0.449474 0.404839 0.382279 0.352265 
0.384301 0.430230 0.551966 0.417375 0.395269 0.456018 0.490009 0.540790 0.509999 0.499738 0.434521 0.458881 0.460283 0.460724 0.444511 0.305506 
309 vad:0.000434
gains: 0.628223 0.519199 0.472340 0.507775 0.510327 0.511414 0.475615 0.434882 0.502796 0.447585 0.429280 0.424220 0.449522 0.404418 0.381773 0.352475 
0.384297 0.430209 0.551700 0.416625 0.394977 0.456907 0.490746 0.541153 0.510344 0.500592 0.435773 0.460606 0.461933 0.462131 0.445451 0.306124 
310 vad:0.000343
gains: 0.627640 0.518017 0.471222 0.506296 0.509250 0.510405 0.474516 0.433874 0.501705 0.446771 0.428856 0.424242 0.449590 0.403961 0.381277 0.352467 
0.384309 0.429496 0.551380 0.416444 0.395259 0.457046 0.489618 0.539998 0.509869 0.500340 0.435659 0.460496 0.461370 0.461167 0.444389 0.305103 
311 vad:0.000460
gains: 0.628622 0.519013 0.471939 0.507431 0.509410 0.511501 0.476165 0.435536 0.503018 0.447387 0.428957 0.424277 0.449814 0.404720 0.382126 0.353110 
0.385309 0.431000 0.552733 0.417171 0.395687 0.457487 0.490466 0.541067 0.510543 0.500778 0.436306 0.461336 0.462552 0.462291 0.445454 0.305924 
312 vad:0.000366
gains: 0.627703 0.518281 0.471100 0.507125 0.509370 0.511630 0.476725 0.435783 0.503018 0.447328 0.429016 0.424505 0.450255 0.404615 0.380846 0.352130 
0.384569 0.429258 0.551031 0.416257 0.395346 0.457394 0.490157 0.540678 0.510265 0.500023 0.435796 0.461201 0.462390 0.462114 0.444979 0.305440 
313 vad:0.000305
gains: 0.627999 0.519491 0.471421 0.506868 0.510223 0.511695 0.476468 0.436155 0.503586 0.447674 0.428969 0.424132 0.449757 0.403967 0.380367 0.352157 
0.384662 0.429986 0.551915 0.415917 0.394556 0.458124 0.490604 0.540403 0.509945 0.500714 0.436856 0.462662 0.464302 0.464175 0.446995 0.307085 
314 vad:0.000313
gains: 0.628757 0.520124 0.472088 0.507272 0.510470 0.512586 0.477579 0.436220 0.503058 0.447512 0.429313 0.424631 0.450258 0.404387 0.380690 0.353004 
0.385794 0.430444 0.552306 0.416860 0.396106 0.459825 0.492191 0.542029 0.511611 0.502637 0.438955 0.465081 0.466606 0.466103 0.448510 0.308373 
315 vad:0.000288
gains: 0.628357 0.519544 0.471768 0.507395 0.509332 0.512664 0.478248 0.437100 0.503997 0.448099 0.429479 0.425027 0.450833 0.404630 0.380303 0.352625 
0.385626 0.430936 0.553510 0.417653 0.396615 0.460375 0.492802 0.543009 0.512850 0.503210 0.439486 0.465443 0.466980 0.466555 0.448397 0.308493 
316 vad:0.000464
gains: 0.628952 0.520225 0.472239 0.507369 0.509801 0.512629 0.477593 0.436329 0.503087 0.447223 0.428830 0.424756 0.450530 0.403954 0.380018 0.353371 
0.385877 0.430424 0.553136 0.416748 0.396011 0.461039 0.492793 0.542664 0.512532 0.502842 0.439040 0.464996 0.466336 0.465434 0.447311 0.307710 
317 vad:0.000389
gains: 0.629339 0.520926 0.471519 0.507733 0.512452 0.514755 0.480119 0.438589 0.505272 0.449043 0.430404 0.426147 0.451920 0.405278 0.380992 0.353891 
0.386641 0.431806 0.555024 0.417898 0.397095 0.462111 0.493301 0.543508 0.513761 0.503617 0.440264 0.466537 0.467985 0.467172 0.448623 0.308934 
318 vad:0.000351
gains: 0.628322 0.520134 0.471057 0.507543 0.512970 0.515235 0.480281 0.438977 0.505347 0.448423 0.429439 0.425289 0.451321 0.404460 0.379944 0.353507 
0.386470 0.431269 0.555144 0.417576 0.396349 0.461396 0.491852 0.542200 0.512692 0.502413 0.439089 0.465647 0.467015 0.466401 0.447852 0.308327 
319 vad:0.000319
gains: 0.628192 0.520250 0.471394 0.508097 0.512622 0.514987 0.480075 0.438475 0.504736 0.448268 0.429499 0.425192 0.450988 0.404025 0.379996 0.353251 
0.385858 0.431927 0.555401 0.417799 0.396863 0.462338 0.492503 0.542889 0.513671 0.503632 0.440556 0.467248 0.468366 0.467559 0.448643 0.309402 
320 vad:0.000336
gains: 0.628312 0.520169 0.471841 0.508579 0.512928 0.515334 0.480851 0.439345 0.505440 0.448628 0.429818 0.425668 0.451425 0.404498 0.380309 0.353826 
0.386725 0.432336 0.555438 0.417871 0.397202 0.463172 0.493046 0.542924 0.513368 0.503401 0.440430 0.467178 0.468496 0.467220 0.447704 0.308194 
321 vad:0.000414
gains: 0.629244 0.521492 0.472673 0.509063 0.513593 0.516245 0.482030 0.439946 0.505749 0.448672 0.429645 0.425593 0.451592 0.404662 0.380180 0.354172 
0.387514 0.432903 0.555912 0.417026 0.396423 0.463851 0.493635 0.543259 0.514013 0.504524 0.441868 0.468891 0.470309 0.468716 0.449272 0.309685 
322 vad:0.000379
gains: 0.629313 0.521775 0.472669 0.509510 0.514234 0.517286 0.483549 0.441376 0.506981 0.449636 0.430531 0.426491 0.452471 0.405294 0.380458 0.354153 
0.387625 0.433133 0.556281 0.417643 0.397267 0.464403 0.493821 0.544001 0.514655 0.504897 0.442591 0.470012 0.471400 0.469960 0.450125 0.310263 
323 vad:0.000258
gains: 0.629649 0.522362 0.472974 0.510118 0.514724 0.517470 0.484390 0.441593 0.506921 0.450024 0.431057 0.427073 0.453225 0.406009 0.380674 0.353647 
0.387350 0.433583 0.557457 0.418112 0.397036 0.464369 0.494495 0.545008 0.515906 0.505675 0.443384 0.470884 0.472404 0.471152 0.450776 0.310936 
324 vad:0.000287
gains: 0.630220 0.523079 0.473963 0.510606 0.514858 0.518089 0.484751 0.441985 0.507107 0.450087 0.430690 0.426633 0.453013 0.405339 0.379896 0.354074 
0.388346 0.433794 0.556611 0.417306 0.396601 0.465277 0.495030 0.544886 0.515935 0.506308 0.443848 0.471103 0.472437 0.470494 0.450322 0.310516 
325 vad:0.000312
gains: 0.630621 0.523777 0.473598 0.510479 0.515108 0.518305 0.485393 0.442375 0.507242 0.450164 0.430981 0.426964 0.453180 0.405443 0.380550 0.354849 
0.388718 0.434674 0.557557 0.417818 0.397323 0.465816 0.494666 0.544689 0.516075 0.506646 0.444482 0.472201 0.473407 0.471131 0.450520 0.310844 
326 vad:0.000349
gains: 0.630969 0.524352 0.474418 0.511222 0.515531 0.519436 0.487181 0.443899 0.508968 0.451983 0.432639 0.428268 0.454194 0.406122 0.380683 0.355787 
0.389736 0.435200 0.558083 0.418198 0.397732 0.466737 0.494882 0.545147 0.517131 0.507866 0.445590 0.473401 0.474433 0.471997 0.450906 0.311070 
327 vad:0.000308
gains: 0.631376 0.523964 0.473452 0.510446 0.515343 0.518883 0.486327 0.443370 0.508130 0.450778 0.431429 0.427364 0.453256 0.405101 0.379823 0.355328 
0.389348 0.434496 0.557909 0.418116 0.397980 0.467514 0.495709 0.545938 0.518101 0.509168 0.447038 0.474940 0.475981 0.473200 0.451867 0.311823 
328 vad:0.000436
gains: 0.629923 0.523560 0.473838 0.511689 0.516550 0.520253 0.488263 0.444959 0.509381 0.451545 0.431841 0.427779 0.454014 0.405811 0.380133 0.355580 
0.389886 0.435322 0.558540 0.418190 0.398060 0.468427 0.496418 0.546318 0.518867 0.509710 0.447909 0.476433 0.477633 0.474817 0.453029 0.313045 
329 vad:0.000448
gains: 0.630225 0.523979 0.473567 0.511164 0.516618 0.520534 0.488374 0.445214 0.510004 0.452260 0.432598 0.428658 0.454908 0.406787 0.381067 0.356282 
0.390570 0.436225 0.559536 0.419400 0.399697 0.470148 0.497390 0.547071 0.519429 0.510256 0.448471 0.476907 0.477990 0.474978 0.453033 0.313029 
330 vad:0.000486
gains: 0.631147 0.524970 0.474233 0.511949 0.517612 0.520883 0.488368 0.445194 0.509913 0.451940 0.431977 0.428213 0.454959 0.406674 0.380845 0.356546 
0.391625 0.437092 0.560506 0.419572 0.399720 0.470805 0.498212 0.547322 0.519325 0.510097 0.448340 0.476547 0.477588 0.474446 0.452281 0.312233 
331 vad:0.000450
gains: 0.630508 0.524524 0.474554 0.512990 0.518148 0.522126 0.490689 0.447045 0.511567 0.453489 0.433098 0.429050 0.455872 0.407503 0.381086 0.357196 
0.392310 0.437736 0.561448 0.420607 0.400588 0.472475 0.499933 0.548544 0.520364 0.510739 0.448905 0.477503 0.479006 0.476334 0.453699 0.313618 
332 vad:0.000343
gains: 0.630121 0.524213 0.473854 0.512462 0.517810 0.521638 0.490590 0.446939 0.511462 0.453468 0.432945 0.428996 0.455917 0.407275 0.380691 0.357175 
0.392711 0.438433 0.561626 0.420050 0.399896 0.472470 0.499702 0.547976 0.520581 0.511115 0.449747 0.478781 0.479933 0.477050 0.454417 0.314380 
333 vad:0.000486
gains: 0.630696 0.524696 0.474393 0.512270 0.518389 0.521871 0.490363 0.447187 0.511272 0.452893 0.432553 0.429069 0.456385 0.407489 0.380727 0.357000 
0.392315 0.438167 0.561306 0.419059 0.399508 0.472826 0.499759 0.548203 0.520460 0.511440 0.450633 0.479633 0.480294 0.477325 0.454564 0.314409 
334 vad:0.000338
gains: 0.631382 0.525033 0.473909 0.512421 0.519319 0.522829 0.490971 0.447638 0.511900 0.453792 0.433435 0.429929 0.457209 0.408300 0.381676 0.357763 
0.392986 0.438775 0.562066 0.420022 0.400327 0.473626 0.499520 0.547724 0.520326 0.511344 0.450491 0.479986 0.480927 0.478136 0.455178 0.314954 
335 vad:0.000370
gains: 0.631486 0.526015 0.474902 0.513555 0.520398 0.524350 0.493355 0.449234 0.513144 0.455045 0.434816 0.431240 0.458169 0.409165 0.382726 0.358999 
0.394049 0.440162 0.563197 0.420620 0.400928 0.474774 0.500527 0.548765 0.521039 0.512074 0.451353 0.481216 0.482281 0.479124 0.455513 0.315060 
336 vad:0.000356
gains: 0.631455 0.525231 0.473824 0.512450 0.519358 0.522907 0.492522 0.448452 0.512241 0.454066 0.434037 0.430442 0.457410 0.408396 0.381768 0.357678 
0.393097 0.438812 0.562248 0.420186 0.400518 0.474522 0.500226 0.548716 0.521606 0.511963 0.451279 0.481177 0.482049 0.478917 0.455170 0.314978 
337 vad:0.000293
gains: 0.632419 0.526461 0.473848 0.511773 0.519848 0.523477 0.492683 0.449138 0.512659 0.453699 0.433542 0.430474 0.457586 0.408545 0.382178 0.358743 
0.393968 0.439400 0.562508 0.419302 0.399861 0.475176 0.500867 0.548630 0.521074 0.511944 0.451506 0.481297 0.482393 0.478949 0.455180 0.315100 
338 vad:0.000285
gains: 0.632205 0.526926 0.474761 0.513280 0.520933 0.524905 0.495135 0.451083 0.514076 0.454985 0.434624 0.431207 0.457973 0.408897 0.382455 0.359400 
0.394814 0.439737 0.562880 0.420052 0.400504 0.475920 0.500863 0.548634 0.521695 0.512316 0.452242 0.482365 0.483119 0.479419 0.455439 0.315437 
339 vad:0.000341
gains: 0.632247 0.526967 0.474329 0.512843 0.519800 0.523296 0.493773 0.449257 0.512271 0.453810 0.433795 0.430680 0.457985 0.408424 0.380914 0.358180 
0.393854 0.438636 0.562597 0.420123 0.400384 0.475901 0.500114 0.547788 0.521158 0.512124 0.452259 0.482445 0.483164 0.479356 0.454847 0.314550 
340 vad:0.000478
gains: 0.632957 0.527915 0.474983 0.513895 0.521325 0.525245 0.495961 0.451030 0.513962 0.455259 0.435241 0.432352 0.459485 0.409912 0.382484 0.359201 
0.394925 0.440290 0.564247 0.420858 0.400640 0.476667 0.500365 0.547823 0.521743 0.512537 0.452912 0.483255 0.483883 0.479979 0.455332 0.315292 
341 vad:0.000380
gains: 0.632892 0.527662 0.475140 0.514519 0.522387 0.525483 0.495775 0.451107 0.514085 0.455177 0.435116 0.432524 0.459828 0.409467 0.381424 0.358630 
0.394922 0.439671 0.563533 0.420753 0.400708 0.476363 0.499781 0.547628 0.521815 0.512527 0.453115 0.483677 0.484107 0.480034 0.455208 0.314983 
342 vad:0.000451
gains: 0.633248 0.528634 0.476281 0.515477 0.521351 0.525502 0.496940 0.451974 0.514668 0.455970 0.435640 0.432545 0.459490 0.409110 0.381128 0.358914 
0.395121 0.440229 0.564209 0.420675 0.400911 0.477700 0.500821 0.548287 0.522594 0.513044 0.453512 0.484595 0.485375 0.481317 0.456469 0.316388 
343 vad:0.000322
gains: 0.633445 0.529427 0.476338 0.515284 0.521836 0.525580 0.496854 0.452234 0.515040 0.456288 0.435622 0.432431 0.459533 0.409129 0.381081 0.359263 
0.395988 0.440891 0.564478 0.421315 0.401732 0.478659 0.501552 0.548693 0.522739 0.513512 0.454182 0.485419 0.486204 0.481714 0.456226 0.315899 
344 vad:0.000292
gains: 0.633309 0.529352 0.476869 0.516185 0.523074 0.526540 0.497543 0.453138 0.515664 0.456618 0.435870 0.432813 0.460082 0.409339 0.381272 0.359593 
0.396053 0.441710 0.565490 0.421976 0.402646 0.480044 0.502097 0.549186 0.523979 0.515133 0.455864 0.487423 0.488110 0.483588 0.457892 0.317860 
345 vad:0.000516
gains: 0.633690 0.530026 0.476739 0.516518 0.523170 0.527114 0.498805 0.454054 0.516220 0.456784 0.435753 0.432743 0.460657 0.410112 0.381545 0.359762 
0.396503 0.441927 0.565645 0.421546 0.402123 0.479989 0.502273 0.549424 0.524120 0.515671 0.456799 0.488592 0.489215 0.484767 0.458438 0.318229 
346 vad:0.000531
gains: 0.633508 0.529506 0.476032 0.515780 0.522658 0.526810 0.498630 0.454008 0.516118 0.456848 0.436259 0.433443 0.461017 0.409870 0.380919 0.359428 
0.396732 0.442268 0.566193 0.421733 0.402127 0.480796 0.503008 0.549677 0.524716 0.516517 0.457586 0.489594 0.490421 0.486214 0.459728 0.319397 
347 vad:0.000436
gains: 0.633700 0.529920 0.475825 0.515031 0.522341 0.526402 0.498446 0.453952 0.515878 0.456228 0.435447 0.432956 0.460834 0.409633 0.380764 0.360389 
0.398287 0.442965 0.566404 0.421311 0.402100 0.481442 0.503664 0.549605 0.524091 0.516407 0.457619 0.489206 0.490373 0.485843 0.459218 0.318485 
348 vad:0.000492
gains: 0.633893 0.530501 0.476430 0.516362 0.523455 0.527599 0.500136 0.455072 0.516783 0.457235 0.436503 0.433721 0.461199 0.409374 0.379884 0.359980 
0.398248 0.442661 0.565911 0.421107 0.402066 0.481855 0.503657 0.550052 0.525461 0.517690 0.458798 0.490759 0.491485 0.486966 0.459966 0.319504 
349 vad:0.000431
gains: 0.633888 0.530335 0.477148 0.517302 0.524052 0.528192 0.500292 0.455348 0.516654 0.456779 0.436027 0.433507 0.461194 0.409470 0.380471 0.360361 
0.398089 0.442962 0.566552 0.421174 0.402222 0.482243 0.503849 0.550250 0.526162 0.518915 0.460758 0.492904 0.493797 0.488960 0.461657 0.321423 
350 vad:0.000443
gains: 0.634470 0.530776 0.476805 0.516913 0.524249 0.528622 0.500683 0.455547 0.517248 0.457668 0.436765 0.434081 0.462052 0.410198 0.380773 0.361336 
0.399143 0.443693 0.567223 0.421296 0.402400 0.483269 0.504902 0.551214 0.526838 0.519692 0.462059 0.494296 0.495097 0.489918 0.462423 0.322024 
351 vad:0.000422
gains: 0.633710 0.530660 0.476491 0.516390 0.524044 0.528755 0.500593 0.455186 0.516345 0.456317 0.435370 0.433186 0.461524 0.409784 0.380706 0.360572 
0.397959 0.442735 0.566261 0.419911 0.401229 0.482596 0.503987 0.550578 0.526323 0.518718 0.460975 0.493601 0.494548 0.489808 0.462411 0.322073 
352 vad:0.000299
gains: 0.634811 0.531559 0.476919 0.516655 0.524780 0.529834 0.501851 0.456432 0.517518 0.457411 0.436571 0.434619 0.463123 0.410805 0.381438 0.361891 
0.399584 0.444455 0.568408 0.421828 0.403090 0.484488 0.505525 0.552028 0.528203 0.520279 0.462315 0.495183 0.496280 0.491692 0.464189 0.323886 
353 vad:0.000528
gains: 0.633999 0.531035 0.476713 0.516201 0.524848 0.529738 0.501875 0.456275 0.517337 0.457191 0.436289 0.434116 0.462505 0.409879 0.379985 0.361033 
0.399086 0.443415 0.567835 0.421089 0.402702 0.485460 0.506352 0.552592 0.529050 0.521262 0.463586 0.496530 0.497513 0.492905 0.464994 0.324579 
354 vad:0.000391
gains: 0.634360 0.531522 0.476758 0.516061 0.524004 0.528516 0.501276 0.455982 0.516748 0.456214 0.435016 0.433056 0.461689 0.409779 0.380500 0.361696 
0.399310 0.444024 0.567865 0.420495 0.401828 0.485072 0.505991 0.552052 0.528419 0.521371 0.464055 0.497145 0.498270 0.493177 0.464722 0.324519 
355 vad:0.000334
gains: 0.634718 0.532134 0.477655 0.517461 0.525796 0.530648 0.503300 0.457618 0.518326 0.458338 0.437371 0.435218 0.463718 0.411463 0.381700 0.362355 
0.399840 0.444670 0.568628 0.421588 0.403376 0.487031 0.507024 0.552811 0.529671 0.522045 0.464560 0.497600 0.498808 0.493841 0.465238 0.325270 
356 vad:0.000402
gains: 0.635453 0.532893 0.477786 0.517653 0.526754 0.531290 0.504301 0.458916 0.519605 0.459214 0.438193 0.436219 0.464831 0.412493 0.382549 0.362526 
0.399585 0.444305 0.568996 0.422088 0.403554 0.486792 0.506240 0.552509 0.529466 0.521435 0.464452 0.497792 0.498905 0.494344 0.465487 0.325704 
357 vad:0.000426
gains: 0.635921 0.533852 0.478270 0.518369 0.528027 0.533627 0.506851 0.461138 0.521802 0.461076 0.439394 0.437277 0.466370 0.414356 0.384134 0.364071 
0.401700 0.446362 0.571170 0.423872 0.405053 0.489171 0.508730 0.554717 0.531512 0.523009 0.465754 0.499378 0.500397 0.495984 0.466458 0.327039 
358 vad:0.000428
gains: 0.635809 0.533995 0.478581 0.518664 0.528811 0.534126 0.507265 0.461278 0.521622 0.460871 0.439433 0.437364 0.466645 0.414706 0.383737 0.364263 
0.402651 0.447118 0.571803 0.424610 0.405877 0.490472 0.509791 0.555545 0.532312 0.523745 0.466281 0.499703 0.500292 0.495484 0.465792 0.326272 
359 vad:0.000502
gains: 0.635924 0.534094 0.479203 0.519147 0.528108 0.534225 0.508103 0.461951 0.522243 0.461412 0.439757 0.437604 0.466595 0.414504 0.383977 0.364546 
0.403137 0.448162 0.572801 0.425163 0.406538 0.491761 0.511119 0.556422 0.532992 0.524222 0.466646 0.499765 0.500850 0.496016 0.466350 0.326417 
360 vad:0.000515
gains: 0.636767 0.535545 0.480171 0.519916 0.528460 0.534045 0.508061 0.461905 0.522052 0.461326 0.439574 0.437272 0.466203 0.414071 0.383143 0.363633 
0.402405 0.447577 0.572494 0.424975 0.406523 0.491346 0.510185 0.555869 0.533030 0.524724 0.467599 0.500959 0.501597 0.496721 0.466532 0.326452 
361 vad:0.000369
gains: 0.637031 0.535594 0.479586 0.519579 0.528112 0.533460 0.508247 0.461934 0.521945 0.461263 0.439795 0.437768 0.466804 0.414145 0.382996 0.364094 
0.402805 0.447443 0.572113 0.425363 0.407266 0.492853 0.510964 0.555908 0.533375 0.525270 0.468056 0.501927 0.502848 0.497522 0.467034 0.326962 
362 vad:0.000399
gains: 0.637312 0.536355 0.480731 0.520780 0.528390 0.533300 0.508702 0.462324 0.521966 0.460769 0.438914 0.437236 0.466544 0.413985 0.382997 0.364017 
0.402998 0.448587 0.572794 0.424414 0.406400 0.492500 0.511170 0.556049 0.533980 0.526086 0.469132 0.503050 0.503757 0.498314 0.467776 0.327665 
363 vad:0.000453
gains: 0.637743 0.536364 0.480872 0.520626 0.529214 0.534325 0.509148 0.462842 0.522258 0.461134 0.439661 0.438142 0.467666 0.415496 0.384763 0.365804 
0.404488 0.449526 0.573868 0.425505 0.407512 0.494100 0.512691 0.557571 0.535263 0.526568 0.469132 0.503143 0.503753 0.497992 0.467348 0.327396 
364 vad:0.000442
gains: 0.637419 0.537196 0.481528 0.521318 0.529120 0.534765 0.510492 0.463968 0.523638 0.462867 0.441274 0.439426 0.468663 0.416236 0.385574 0.366521 
0.404799 0.449821 0.574307 0.425279 0.406680 0.493580 0.511955 0.556673 0.534537 0.526348 0.469090 0.503172 0.503888 0.498585 0.467629 0.327720 
365 vad:0.000418
gains: 0.637507 0.537463 0.481708 0.521313 0.529683 0.535486 0.511334 0.464346 0.523566 0.462623 0.440981 0.439515 0.468948 0.415683 0.383735 0.365573 
0.404840 0.449081 0.573676 0.424494 0.406533 0.493977 0.512315 0.557386 0.535313 0.526900 0.469771 0.504020 0.504474 0.498888 0.467708 0.327830 
366 vad:0.000392
gains: 0.637227 0.537329 0.480034 0.520121 0.529462 0.534541 0.510401 0.463405 0.522409 0.461436 0.439976 0.438576 0.467993 0.414460 0.382449 0.364528 
0.404144 0.448846 0.573478 0.424514 0.406163 0.493932 0.512617 0.557755 0.535808 0.527599 0.470804 0.505420 0.506130 0.500427 0.468614 0.328370 
367 vad:0.000375
gains: 0.637570 0.538220 0.481844 0.521226 0.530345 0.535725 0.511680 0.464802 0.523744 0.462522 0.440337 0.438698 0.468518 0.415037 0.382838 0.365229 
0.405212 0.449991 0.574307 0.424827 0.406727 0.495114 0.513120 0.557988 0.536594 0.528574 0.471900 0.506641 0.507271 0.501604 0.469716 0.329238 
368 vad:0.000397
gains: 0.637625 0.538498 0.481091 0.521113 0.530267 0.536439 0.512863 0.465984 0.524882 0.463399 0.440877 0.439167 0.469203 0.416013 0.383210 0.365717 
0.406369 0.451034 0.575124 0.425488 0.407653 0.495977 0.512967 0.557848 0.537115 0.529487 0.473126 0.508200 0.508978 0.503334 0.470966 0.330850 
369 vad:0.000441
gains: 0.637740 0.538110 0.481053 0.520919 0.529673 0.535580 0.512526 0.465403 0.523943 0.462460 0.439997 0.438358 0.468735 0.415358 0.382013 0.365044 
0.406399 0.450829 0.575486 0.426349 0.408384 0.497038 0.514370 0.559278 0.538575 0.530637 0.474286 0.509187 0.509598 0.504017 0.471194 0.331085 
370 vad:0.000495
gains: 0.638152 0.538912 0.480554 0.520354 0.529762 0.535081 0.511864 0.464931 0.523577 0.462204 0.439899 0.438317 0.468363 0.414931 0.382671 0.366544 
0.407766 0.452491 0.576489 0.426556 0.408656 0.498138 0.515113 0.559593 0.538996 0.531450 0.475172 0.510549 0.511194 0.505812 0.472806 0.332671 
371 vad:0.000481
gains: 0.638014 0.539233 0.481318 0.522088 0.530984 0.537275 0.514557 0.467080 0.525128 0.463634 0.441446 0.439877 0.470024 0.416433 0.383123 0.366232 
0.407101 0.451509 0.575975 0.426663 0.409358 0.498694 0.514984 0.559963 0.539747 0.532078 0.475961 0.511616 0.512252 0.506832 0.472948 0.333176 
372 vad:0.000480
gains: 0.636775 0.538355 0.481058 0.521514 0.530222 0.535035 0.512718 0.465308 0.522940 0.461296 0.439223 0.438036 0.468475 0.414609 0.381259 0.365341 
0.406584 0.451100 0.575484 0.426380 0.408953 0.498429 0.514492 0.558799 0.539076 0.531987 0.476015 0.511853 0.512870 0.507111 0.473455 0.333342 
373 vad:0.000436
gains: 0.636663 0.538502 0.480685 0.522149 0.531310 0.537016 0.514195 0.466361 0.523951 0.462400 0.440169 0.438892 0.469029 0.415179 0.382340 0.365830 
0.407432 0.452200 0.576555 0.426624 0.409421 0.499451 0.515230 0.559278 0.539276 0.531526 0.475353 0.511438 0.512371 0.507147 0.472963 0.333000 
374 vad:0.000470
gains: 0.636868 0.538287 0.480855 0.521878 0.531226 0.536672 0.514121 0.466773 0.524544 0.462840 0.440340 0.439091 0.469423 0.414968 0.381831 0.365988 
0.407430 0.451503 0.575255 0.425587 0.409086 0.499317 0.514903 0.559675 0.540371 0.532438 0.476709 0.512747 0.513460 0.507929 0.474343 0.334494 
375 vad:0.000448
gains: 0.637678 0.539850 0.481435 0.523640 0.533129 0.538797 0.517758 0.470436 0.528027 0.465481 0.442612 0.441301 0.471702 0.417128 0.382598 0.366375 
0.408304 0.452290 0.576580 0.426956 0.410011 0.499828 0.515182 0.560323 0.541416 0.533416 0.478104 0.514433 0.514972 0.509423 0.475017 0.335141 
376 vad:0.000439
gains: 0.638401 0.541331 0.483272 0.524584 0.534177 0.539955 0.518181 0.471035 0.528733 0.466233 0.443409 0.442163 0.472643 0.417948 0.383039 0.367666 
0.409831 0.453605 0.578161 0.428222 0.411407 0.502503 0.517780 0.562091 0.542758 0.535015 0.479373 0.515622 0.516494 0.510892 0.476378 0.336761 
377 vad:0.000444
gains: 0.638594 0.541669 0.483045 0.523637 0.534032 0.540540 0.519111 0.471567 0.528637 0.466119 0.443389 0.441993 0.472512 0.417987 0.382926 0.367482 
0.409593 0.453334 0.578251 0.427693 0.410681 0.502479 0.517574 0.561715 0.542703 0.535340 0.479937 0.516467 0.517256 0.511494 0.476788 0.337378 
378 vad:0.000520
gains: 0.638786 0.542332 0.483339 0.523427 0.534375 0.541151 0.518911 0.471835 0.529032 0.466437 0.443500 0.442427 0.473284 0.418241 0.382929 0.368173 
0.410753 0.454311 0.579069 0.428234 0.411764 0.503593 0.518203 0.562382 0.543637 0.536528 0.481602 0.518124 0.518359 0.512460 0.477491 0.338285 
379 vad:0.000377
gains: 0.639202 0.542717 0.484638 0.524418 0.533467 0.540420 0.519312 0.471910 0.528481 0.465705 0.443097 0.442295 0.472866 0.416854 0.380888 0.367017 
0.410380 0.453867 0.578822 0.427892 0.411447 0.504153 0.519015 0.562751 0.543649 0.536247 0.480885 0.517055 0.517921 0.512149 0.477195 0.337695 
380 vad:0.000489
gains: 0.639194 0.542991 0.484227 0.524402 0.533722 0.540683 0.519788 0.472408 0.529026 0.466002 0.443356 0.442848 0.473603 0.417652 0.381781 0.367693 
0.410630 0.454290 0.578274 0.427084 0.411125 0.503878 0.518042 0.561660 0.542813 0.535878 0.481400 0.517711 0.518587 0.512417 0.477479 0.338149 
381 vad:0.000402
gains: 0.638294 0.542650 0.484174 0.525217 0.534008 0.541099 0.520905 0.473541 0.530069 0.467119 0.443956 0.443076 0.473789 0.418186 0.382737 0.368575 
0.411126 0.454871 0.578619 0.426736 0.410321 0.504196 0.518328 0.561933 0.543539 0.536863 0.481529 0.518440 0.519560 0.513423 0.477869 0.338868 
382 vad:0.000373
gains: 0.638851 0.542562 0.484579 0.525434 0.533987 0.540833 0.520501 0.473109 0.529439 0.466548 0.443635 0.443224 0.474327 0.418319 0.382333 0.368143 
0.411052 0.454277 0.578168 0.427168 0.410927 0.504521 0.518441 0.561796 0.543845 0.536978 0.482252 0.519284 0.520074 0.513937 0.478299 0.339393 
383 vad:0.000529
gains: 0.639106 0.543186 0.484440 0.525702 0.534991 0.541941 0.521383 0.473825 0.530250 0.467468 0.444344 0.443838 0.475117 0.419265 0.383300 0.369022 
0.412477 0.455885 0.579741 0.428551 0.412291 0.506269 0.520074 0.563227 0.545595 0.538766 0.484074 0.521269 0.522088 0.516394 0.480170 0.340950 
384 vad:0.000357
gains: 0.638935 0.543934 0.484506 0.525759 0.535299 0.541805 0.521632 0.473687 0.529888 0.467325 0.444632 0.444026 0.475444 0.419690 0.383648 0.369007 
0.412211 0.455940 0.579735 0.428580 0.412508 0.507096 0.520645 0.563938 0.546533 0.539541 0.484658 0.522284 0.523205 0.517331 0.480853 0.341612 
385 vad:0.000396
gains: 0.638745 0.543380 0.485104 0.526513 0.534937 0.541878 0.522272 0.474152 0.530037 0.467212 0.444646 0.444419 0.475613 0.419571 0.383107 0.369019 
0.412750 0.456159 0.580166 0.428951 0.413037 0.507091 0.520438 0.564113 0.547414 0.540290 0.485722 0.523689 0.524588 0.519021 0.482271 0.343011 
386 vad:0.000495
gains: 0.638893 0.544174 0.485366 0.526329 0.535472 0.541716 0.522050 0.474299 0.529897 0.466352 0.443422 0.443134 0.474787 0.419335 0.383060 0.369772 
0.413660 0.456874 0.580954 0.429009 0.413235 0.508092 0.521183 0.564450 0.547452 0.540717 0.486278 0.524304 0.525057 0.519266 0.482173 0.342918 
387 vad:0.000357
gains: 0.639478 0.544625 0.485382 0.526554 0.535798 0.542531 0.522997 0.475171 0.530876 0.467409 0.444540 0.444368 0.476011 0.420756 0.384458 0.371341 
0.415658 0.458786 0.582088 0.430731 0.415174 0.510203 0.522257 0.564919 0.548821 0.542259 0.487620 0.525981 0.526477 0.520575 0.482918 0.343646 
388 vad:0.000406
gains: 0.639866 0.545594 0.486474 0.527243 0.535919 0.542626 0.523769 0.475869 0.531091 0.467460 0.444877 0.445102 0.476629 0.420837 0.384743 0.371931 
0.415816 0.458418 0.582001 0.430098 0.414756 0.510818 0.522852 0.565040 0.548723 0.542029 0.487283 0.525391 0.526093 0.520270 0.482669 0.343816 
389 vad:0.000515
gains: 0.639654 0.546140 0.486204 0.527087 0.536834 0.543488 0.524551 0.476358 0.531479 0.467887 0.444999 0.444873 0.476618 0.420956 0.384748 0.371877 
0.415350 0.457744 0.582035 0.429894 0.414556 0.511055 0.522700 0.564784 0.547924 0.540755 0.486769 0.525053 0.526107 0.520199 0.482638 0.343564 
390 vad:0.000563
gains: 0.640155 0.547299 0.487474 0.528678 0.538853 0.545410 0.526659 0.478044 0.532938 0.469135 0.446150 0.446288 0.478269 0.422141 0.385532 0.372821 
0.416975 0.459731 0.583587 0.430989 0.416082 0.512920 0.523866 0.565937 0.549582 0.542663 0.488539 0.526677 0.527686 0.521223 0.483515 0.344461 
391 vad:0.000592
gains: 0.639676 0.546689 0.487131 0.528664 0.538854 0.545567 0.527230 0.478358 0.532709 0.468983 0.446242 0.446484 0.478445 0.421850 0.384863 0.371712 
0.416395 0.459481 0.583591 0.431623 0.417092 0.514005 0.524332 0.566545 0.550175 0.542825 0.488924 0.527134 0.527905 0.521509 0.483480 0.344247 
392 vad:0.000610
gains: 0.639303 0.546468 0.486827 0.528479 0.537892 0.544312 0.526530 0.477523 0.532081 0.468621 0.445833 0.445816 0.477742 0.421006 0.383903 0.370942 
0.415608 0.458795 0.582513 0.430115 0.415987 0.513361 0.523506 0.565540 0.549592 0.543045 0.489589 0.528130 0.529147 0.522162 0.483797 0.344531 
393 vad:0.000411
gains: 0.639616 0.545839 0.486618 0.528042 0.536224 0.542858 0.525098 0.476256 0.530787 0.467458 0.444823 0.445182 0.477431 0.420779 0.383913 0.371704 
0.416462 0.459147 0.582199 0.429945 0.416317 0.513657 0.523405 0.565067 0.549055 0.542390 0.488590 0.527194 0.528247 0.521379 0.483139 0.344304 
394 vad:0.000437
gains: 0.639541 0.546968 0.487471 0.528753 0.537378 0.543883 0.526520 0.477571 0.532028 0.468376 0.445602 0.445944 0.478186 0.421091 0.383737 0.371273 
0.416042 0.459747 0.583090 0.430022 0.416252 0.514052 0.523587 0.565084 0.549263 0.543097 0.489905 0.528439 0.529567 0.522897 0.484539 0.345439 
395 vad:0.000420
gains: 0.639974 0.547388 0.487601 0.528459 0.536616 0.543940 0.527012 0.477729 0.531737 0.468014 0.445372 0.445801 0.477935 0.420932 0.383484 0.371144 
0.415966 0.459146 0.582418 0.429508 0.415720 0.513770 0.524017 0.565765 0.549709 0.543207 0.489739 0.528513 0.529670 0.523069 0.484671 0.345887 
396 vad:0.000503
gains: 0.640151 0.548110 0.487530 0.527830 0.537613 0.544984 0.527215 0.477935 0.531742 0.468147 0.445161 0.445371 0.477931 0.421179 0.384029 0.371940 
0.417353 0.461028 0.584411 0.430505 0.416777 0.515563 0.525740 0.567465 0.551321 0.544906 0.491685 0.530377 0.531716 0.524999 0.486593 0.347554 
397 vad:0.000387
gains: 0.639733 0.547621 0.487016 0.528106 0.538056 0.545151 0.527707 0.478893 0.532947 0.469113 0.446062 0.446199 0.478450 0.421221 0.383372 0.371211 
0.416776 0.459955 0.583810 0.429933 0.416426 0.515875 0.525852 0.567484 0.552388 0.545975 0.492798 0.531940 0.532943 0.526409 0.487326 0.348860 
398 vad:0.000380
gains: 0.639931 0.548103 0.487096 0.528083 0.538346 0.544695 0.527515 0.478778 0.532622 0.468165 0.444972 0.445584 0.478575 0.421679 0.383573 0.371637 
0.417282 0.460273 0.583668 0.429619 0.416237 0.516408 0.525789 0.567001 0.552280 0.546488 0.493558 0.532839 0.533634 0.526848 0.487373 0.348818 
399 vad:0.000417
gains: 0.641841 0.550472 0.489386 0.530006 0.541136 0.547215 0.529626 0.481268 0.534781 0.469992 0.446726 0.447734 0.480881 0.423424 0.385320 0.373585 
0.418841 0.461713 0.585447 0.430846 0.416949 0.517347 0.526599 0.568119 0.553688 0.548174 0.495292 0.534526 0.535122 0.528309 0.488731 0.350193 
400 vad:0.000551
gains: 0.640508 0.548939 0.489054 0.530333 0.539300 0.546084 0.529654 0.480547 0.533433 0.468826 0.446005 0.447340 0.480374 0.423019 0.384862 0.373079 
0.418522 0.460728 0.584751 0.431015 0.417427 0.517528 0.525973 0.567607 0.553058 0.546386 0.492797 0.532103 0.532931 0.526640 0.486941 0.348593 
401 vad:0.000539
gains: 0.641784 0.550019 0.489221 0.529495 0.538110 0.545332 0.528857 0.480204 0.533589 0.468992 0.446069 0.447087 0.479859 0.422457 0.384353 0.373043 
0.418524 0.460725 0.584001 0.430492 0.416882 0.517557 0.526708 0.567587 0.552610 0.545862 0.492365 0.531865 0.532820 0.526390 0.486713 0.348420 
402 vad:0.000552
gains: 0.641880 0.551328 0.490917 0.532176 0.540868 0.547775 0.531707 0.482868 0.535780 0.471091 0.447835 0.448728 0.481658 0.424304 0.385937 0.374288 
0.420111 0.462980 0.586283 0.432147 0.418389 0.519581 0.528984 0.569778 0.554918 0.548003 0.494389 0.533927 0.535252 0.529041 0.489018 0.350412 
403 vad:0.000588
gains: 0.642333 0.551909 0.491303 0.531605 0.540446 0.548271 0.532248 0.482901 0.535336 0.470791 0.447614 0.448367 0.481479 0.423800 0.384585 0.373922 
0.420291 0.462838 0.586618 0.432420 0.418966 0.520788 0.529623 0.570346 0.555587 0.549412 0.496255 0.535848 0.537346 0.530642 0.490040 0.351226 
404 vad:0.000506
gains: 0.642040 0.551517 0.490406 0.531217 0.541123 0.549198 0.533381 0.484255 0.536697 0.471923 0.448619 0.449293 0.482140 0.424654 0.385385 0.374298 
0.420693 0.463331 0.587238 0.432669 0.418948 0.521290 0.530423 0.571374 0.556891 0.550108 0.496572 0.536458 0.538064 0.531737 0.490733 0.352140 
405 vad:0.000507
gains: 0.642209 0.552683 0.491426 0.531937 0.542212 0.549715 0.533884 0.484605 0.536685 0.471868 0.448774 0.449952 0.483378 0.425877 0.386571 0.375482 
0.422007 0.464321 0.588503 0.433380 0.419923 0.522710 0.530978 0.571561 0.556994 0.550257 0.496950 0.536790 0.538189 0.531865 0.490955 0.352202 
406 vad:0.000574
gains: 0.641612 0.552336 0.491188 0.531535 0.540966 0.548179 0.532561 0.483326 0.535630 0.471132 0.447860 0.449015 0.482546 0.424737 0.384943 0.374722 
0.421886 0.463984 0.588149 0.432675 0.419072 0.522275 0.530562 0.571099 0.556644 0.550136 0.496808 0.537006 0.538449 0.532496 0.491515 0.352687 
407 vad:0.000520
gains: 0.641228 0.551696 0.490461 0.530794 0.540672 0.548369 0.532615 0.483016 0.534905 0.470821 0.447679 0.448911 0.482221 0.424248 0.384634 0.374047 
0.421729 0.464053 0.588297 0.433052 0.419071 0.522199 0.530976 0.571728 0.557640 0.550336 0.496874 0.537181 0.538453 0.532319 0.490845 0.352433 
408 vad:0.000586
gains: 0.640527 0.551476 0.490597 0.530510 0.539564 0.547151 0.531903 0.482830 0.534930 0.470746 0.447598 0.448712 0.481900 0.423851 0.384426 0.374533 
0.422195 0.464344 0.587898 0.432076 0.418391 0.522378 0.530888 0.571283 0.557339 0.550324 0.496726 0.537015 0.538326 0.532174 0.490826 0.352524 
409 vad:0.000519
gains: 0.639794 0.550796 0.489304 0.529688 0.538857 0.546479 0.531722 0.482488 0.534562 0.470304 0.447067 0.448142 0.481325 0.422931 0.382938 0.373288 
0.421112 0.463310 0.586634 0.431312 0.418118 0.521901 0.529979 0.570603 0.557669 0.550679 0.497599 0.538407 0.539675 0.533515 0.491820 0.353478 
410 vad:0.000533
gains: 0.639733 0.552322 0.490511 0.530816 0.541086 0.548453 0.533807 0.484631 0.536779 0.472345 0.448690 0.449360 0.482622 0.424270 0.384233 0.374682 
0.422468 0.465045 0.588202 0.432749 0.420007 0.524215 0.531812 0.572027 0.559076 0.552781 0.500047 0.540842 0.542380 0.536433 0.494532 0.355942 
411 vad:0.000473
gains: 0.640511 0.552645 0.490613 0.531050 0.541397 0.548315 0.533534 0.484265 0.536034 0.471445 0.447988 0.449086 0.482854 0.424685 0.384057 0.374692 
0.422997 0.465456 0.588767 0.433400 0.420169 0.524400 0.531754 0.571781 0.559087 0.552805 0.499928 0.540748 0.542362 0.536257 0.494299 0.355549 
412 vad:0.000537
gains: 0.641243 0.553494 0.491822 0.532086 0.542057 0.549483 0.535214 0.485689 0.536997 0.472192 0.448853 0.450191 0.483808 0.425877 0.386273 0.376407 
0.424420 0.466646 0.589802 0.434214 0.421346 0.525741 0.532880 0.572867 0.560038 0.553668 0.500682 0.541352 0.543060 0.536669 0.494540 0.355864 
413 vad:0.000570
gains: 0.641319 0.553359 0.492593 0.533155 0.542255 0.549091 0.534726 0.485132 0.536065 0.471342 0.448173 0.449609 0.483431 0.425340 0.385411 0.376241 
0.424776 0.467056 0.589767 0.434143 0.421285 0.525858 0.532944 0.572705 0.560120 0.554212 0.501355 0.542124 0.543886 0.537207 0.494739 0.356371 
414 vad:0.000456
gains: 0.640457 0.552429 0.490245 0.531412 0.542583 0.549921 0.535176 0.485692 0.536675 0.471810 0.448793 0.450737 0.484487 0.425408 0.384602 0.375620 
0.424592 0.466200 0.589639 0.433202 0.420531 0.525788 0.532621 0.572997 0.560828 0.554706 0.502138 0.543220 0.544574 0.538267 0.495170 0.356900 
415 vad:0.000488
gains: 0.640392 0.553660 0.492097 0.533055 0.543524 0.550760 0.536275 0.486616 0.537565 0.472501 0.449541 0.451557 0.485196 0.425758 0.384733 0.376175 
0.425342 0.466958 0.590006 0.433532 0.421267 0.527087 0.533772 0.573888 0.561772 0.555886 0.503088 0.544224 0.545801 0.539530 0.496452 0.358145 
416 vad:0.000570
gains: 0.641977 0.556026 0.494025 0.534638 0.543768 0.550908 0.537831 0.487785 0.537846 0.472251 0.449207 0.451449 0.485249 0.426342 0.385803 0.377241 
0.426045 0.467922 0.590961 0.434632 0.422085 0.527974 0.535055 0.574896 0.562302 0.556185 0.503802 0.544992 0.546754 0.540550 0.497209 0.358910 
417 vad:0.000498
gains: 0.640868 0.554529 0.492169 0.533437 0.542285 0.549412 0.536706 0.487076 0.537564 0.472307 0.449622 0.451922 0.485372 0.425804 0.384555 0.376203 
0.425567 0.467413 0.590014 0.434508 0.422415 0.528658 0.534846 0.574538 0.562449 0.557279 0.505557 0.547444 0.549253 0.542781 0.498876 0.360396 
418 vad:0.000397
gains: 0.641665 0.555295 0.492779 0.534502 0.543475 0.550247 0.537402 0.487564 0.537843 0.472689 0.449901 0.452205 0.486092 0.426595 0.385335 0.376942 
0.426409 0.468318 0.591304 0.435928 0.423606 0.529734 0.535830 0.575502 0.563946 0.557754 0.505643 0.547816 0.549473 0.543462 0.499461 0.361304 
419 vad:0.000586
gains: 0.642719 0.557044 0.494849 0.536136 0.545580 0.552588 0.539778 0.489796 0.539976 0.475102 0.452378 0.454388 0.488003 0.428422 0.386762 0.378551 
0.428064 0.469207 0.592346 0.437286 0.425295 0.531937 0.537537 0.576770 0.564728 0.558526 0.506434 0.548464 0.550101 0.544381 0.500476 0.362109 
420 vad:0.000615
gains: 0.642379 0.557050 0.494751 0.536027 0.545379 0.553000 0.540538 0.490305 0.540407 0.475425 0.452532 0.454395 0.488111 0.428748 0.387329 0.378876 
0.428158 0.469392 0.592672 0.436656 0.424628 0.532021 0.537545 0.576361 0.564276 0.558537 0.506701 0.548741 0.550635 0.544928 0.500687 0.362522 
421 vad:0.000414
gains: 0.641552 0.556396 0.494353 0.535438 0.544427 0.551766 0.538985 0.489261 0.539763 0.474584 0.451270 0.453411 0.487812 0.428256 0.386169 0.378437 
0.427832 0.468772 0.591305 0.435279 0.423822 0.531870 0.537024 0.575717 0.563970 0.558278 0.506779 0.549030 0.550438 0.544411 0.500152 0.362104 
422 vad:0.000432
gains: 0.641538 0.555198 0.492563 0.533941 0.544229 0.551815 0.539067 0.489147 0.539169 0.473782 0.450966 0.453468 0.487756 0.428235 0.386322 0.377672 
0.426828 0.467716 0.591252 0.434648 0.423361 0.531873 0.536951 0.575863 0.564097 0.557846 0.506245 0.548304 0.549936 0.544273 0.499742 0.362068 
423 vad:0.000467
gains: 0.641914 0.556300 0.494361 0.535328 0.544600 0.551229 0.537969 0.488721 0.538832 0.473620 0.450782 0.453580 0.487782 0.427692 0.385975 0.378225 
0.427374 0.468187 0.591312 0.435081 0.424185 0.532843 0.537437 0.576147 0.564469 0.558712 0.507407 0.549737 0.551239 0.545456 0.500721 0.363096 
424 vad:0.000574
gains: 0.641984 0.557000 0.494360 0.534847 0.544259 0.551638 0.538747 0.488965 0.538658 0.473396 0.451064 0.453959 0.488173 0.428141 0.385716 0.377019 
0.426306 0.467983 0.591946 0.435550 0.423935 0.532644 0.537555 0.576740 0.565938 0.559995 0.508537 0.551113 0.552639 0.547014 0.501405 0.363780 
425 vad:0.000511
gains: 0.642765 0.557319 0.494593 0.534791 0.543861 0.551801 0.539179 0.489637 0.539104 0.473646 0.451079 0.453897 0.487705 0.427775 0.385859 0.377791 
0.427280 0.468790 0.591901 0.435751 0.424883 0.534384 0.539039 0.577640 0.566420 0.560267 0.508483 0.550843 0.552969 0.547394 0.502122 0.364514 
426 vad:0.000407
gains: 0.642804 0.558301 0.495066 0.535730 0.545301 0.553355 0.540928 0.491043 0.540446 0.475109 0.452189 0.454767 0.488981 0.429040 0.386924 0.378569 
0.428105 0.469800 0.593000 0.436417 0.425620 0.534972 0.539326 0.578091 0.566992 0.560553 0.509261 0.551927 0.553960 0.548310 0.502602 0.365177 
427 vad:0.000548
gains: 0.642592 0.558154 0.495484 0.535934 0.545590 0.553781 0.541574 0.491708 0.540621 0.475022 0.452255 0.455354 0.490018 0.429523 0.386334 0.378915 
0.428914 0.469850 0.593320 0.436922 0.425845 0.535683 0.539576 0.577661 0.566886 0.561045 0.509757 0.552413 0.554409 0.548880 0.503206 0.365820 
428 vad:0.000492
gains: 0.642828 0.558288 0.495097 0.535109 0.544519 0.552708 0.541170 0.491410 0.540150 0.474318 0.451371 0.454444 0.489322 0.429307 0.386305 0.379003 
0.429258 0.470279 0.593819 0.437179 0.425944 0.536229 0.540141 0.578056 0.567632 0.561821 0.510768 0.553886 0.556024 0.550580 0.504553 0.367160 
429 vad:0.000518
gains: 0.642450 0.558572 0.495040 0.535529 0.545950 0.554375 0.543195 0.493039 0.541819 0.476199 0.453039 0.455866 0.490893 0.430674 0.387296 0.380118 
0.430536 0.470915 0.594063 0.437433 0.426808 0.537141 0.540334 0.578481 0.568222 0.562226 0.511449 0.554578 0.556622 0.551258 0.505170 0.367868 
430 vad:0.000532
gains: 0.642504 0.559327 0.495651 0.536074 0.546698 0.554985 0.544127 0.494387 0.543252 0.477468 0.453882 0.456383 0.491509 0.431358 0.387598 0.380487 
0.431078 0.471402 0.594827 0.438250 0.427790 0.538140 0.540895 0.579367 0.569092 0.562681 0.512166 0.555300 0.557517 0.552576 0.506403 0.369042 
431 vad:0.000521
gains: 0.642809 0.560043 0.495788 0.536493 0.546860 0.554995 0.544824 0.494939 0.543738 0.478166 0.454359 0.456464 0.491623 0.431304 0.387216 0.380717 
0.431698 0.471654 0.594987 0.437755 0.427606 0.538660 0.541525 0.579836 0.569566 0.563543 0.513142 0.556448 0.558895 0.553594 0.506939 0.369712 
432 vad:0.000479
gains: 0.643000 0.560418 0.496226 0.537208 0.546866 0.554071 0.543520 0.493937 0.542846 0.477212 0.453311 0.455399 0.490504 0.430248 0.386454 0.380823 
0.432660 0.473374 0.596227 0.438134 0.427934 0.539830 0.543269 0.581183 0.570973 0.565209 0.514800 0.558085 0.560331 0.555375 0.508531 0.371376 
433 vad:0.000555
gains: 0.643717 0.561873 0.497590 0.538346 0.548679 0.556709 0.546703 0.496807 0.545465 0.479512 0.455458 0.457456 0.492508 0.432362 0.388587 0.382728 
0.434129 0.474544 0.597371 0.439322 0.428940 0.540774 0.544126 0.582025 0.571919 0.565851 0.515452 0.558881 0.561348 0.556535 0.509545 0.372338 
434 vad:0.000550
gains: 0.642720 0.560701 0.496797 0.537034 0.546677 0.553971 0.543644 0.493765 0.542075 0.476049 0.452446 0.454918 0.490119 0.429738 0.386191 0.381300 
0.432657 0.472488 0.595379 0.437821 0.427902 0.540214 0.543254 0.580829 0.571119 0.565455 0.514982 0.558505 0.561097 0.556008 0.509156 0.372008 
435 vad:0.000444
gains: 0.643050 0.560968 0.496598 0.536997 0.546148 0.554415 0.544984 0.494886 0.543103 0.477184 0.453643 0.456304 0.491320 0.430752 0.386685 0.381639 
0.433287 0.473212 0.596276 0.438249 0.428342 0.540912 0.543631 0.580807 0.571378 0.566064 0.515899 0.559743 0.562242 0.557301 0.509822 0.372905 
436 vad:0.000437
gains: 0.643593 0.561644 0.497660 0.537480 0.547024 0.554783 0.544559 0.494676 0.542891 0.477138 0.454110 0.457079 0.491734 0.430499 0.386696 0.381624 
0.432897 0.472848 0.596084 0.438727 0.429526 0.542626 0.544901 0.581806 0.572342 0.566698 0.516215 0.559803 0.562249 0.557313 0.509724 0.372892 
437 vad:0.000470
gains: 0.642695 0.560389 0.495518 0.536310 0.546485 0.554233 0.544483 0.493953 0.541878 0.476038 0.453394 0.456478 0.490850 0.429416 0.385314 0.380267 
0.432178 0.472003 0.595067 0.437262 0.428343 0.542086 0.544187 0.580912 0.571639 0.565922 0.515390 0.559000 0.561465 0.556696 0.508998 0.372116 
438 vad:0.000551
gains: 0.642442 0.560692 0.495758 0.536227 0.546129 0.554249 0.544030 0.493766 0.541727 0.475948 0.453419 0.456752 0.490953 0.429355 0.385644 0.380382 
0.432050 0.472771 0.595547 0.437279 0.429061 0.542854 0.545075 0.582098 0.572809 0.566536 0.516088 0.559883 0.562468 0.557409 0.509443 0.372196 
439 vad:0.000529
gains: 0.643336 0.562122 0.497280 0.538093 0.549020 0.556269 0.546314 0.496145 0.543868 0.477793 0.455034 0.458119 0.492565 0.431203 0.387012 0.381789 
0.433988 0.474142 0.597449 0.439577 0.430484 0.544065 0.545780 0.582718 0.573708 0.567476 0.517252 0.561215 0.563730 0.558962 0.511055 0.373928 
440 vad:0.000483
gains: 0.643785 0.562673 0.498699 0.539212 0.549251 0.557326 0.547554 0.496733 0.544396 0.478817 0.456466 0.459521 0.493539 0.431836 0.387597 0.382585 
0.434866 0.474867 0.597570 0.439451 0.430706 0.545745 0.548148 0.584267 0.574685 0.568584 0.517833 0.561773 0.564567 0.559454 0.511384 0.374230 
441 vad:0.000630
gains: 0.643631 0.561962 0.497489 0.537929 0.549404 0.557311 0.546956 0.496087 0.543775 0.478179 0.455968 0.458969 0.493316 0.431889 0.387252 0.381628 
0.434041 0.473788 0.596920 0.438887 0.430874 0.545305 0.546943 0.583827 0.575163 0.568395 0.517790 0.561988 0.564420 0.559530 0.511375 0.374573 
442 vad:0.000567
gains: 0.643312 0.561701 0.496992 0.537692 0.549417 0.556954 0.546899 0.496228 0.543690 0.477470 0.454673 0.457355 0.491695 0.430933 0.387008 0.381522 
0.433455 0.473511 0.596892 0.437746 0.429513 0.544393 0.546290 0.583431 0.575078 0.568836 0.518214 0.562551 0.565095 0.560013 0.511678 0.375034 
443 vad:0.000644
gains: 0.644339 0.563005 0.498829 0.538869 0.548681 0.556737 0.547402 0.497223 0.545027 0.479225 0.456437 0.459135 0.493241 0.431768 0.387401 0.382868 
0.434851 0.474400 0.597375 0.438938 0.430529 0.545934 0.547838 0.584305 0.575773 0.570065 0.519841 0.564272 0.566852 0.561424 0.512771 0.375876 
444 vad:0.000604
gains: 0.644274 0.563380 0.499416 0.539426 0.550112 0.557884 0.548057 0.497445 0.544770 0.478543 0.455671 0.458909 0.493784 0.432426 0.387425 0.382717 
0.435136 0.474606 0.597574 0.439079 0.430967 0.546001 0.547426 0.583877 0.575430 0.569608 0.519705 0.564263 0.566558 0.561001 0.512244 0.375126 
445 vad:0.000623
gains: 0.644465 0.563908 0.499680 0.539617 0.550264 0.558435 0.549174 0.499063 0.546633 0.480224 0.456970 0.460299 0.495461 0.433970 0.388936 0.383668 
0.435544 0.475499 0.598888 0.440411 0.432465 0.547802 0.548703 0.585053 0.576314 0.570488 0.520871 0.565305 0.567808 0.562600 0.513658 0.376512 
446 vad:0.000591
gains: 0.644341 0.564352 0.500546 0.540626 0.550310 0.557525 0.548189 0.497840 0.545429 0.479171 0.455726 0.459111 0.494542 0.432680 0.387147 0.382745 
0.435487 0.475057 0.597793 0.439258 0.431410 0.547882 0.549049 0.585000 0.576245 0.570743 0.520885 0.565374 0.567672 0.561983 0.512826 0.375575 
447 vad:0.000600
gains: 0.645196 0.565004 0.500787 0.540835 0.550386 0.558115 0.549224 0.498978 0.546626 0.480445 0.456824 0.460339 0.495906 0.433517 0.387519 0.383084 
0.436074 0.475767 0.598763 0.440708 0.432645 0.548370 0.549117 0.585646 0.577447 0.570934 0.520796 0.565328 0.567812 0.562630 0.513586 0.376785 
448 vad:0.000565
gains: 0.645683 0.566600 0.502178 0.541271 0.551254 0.559333 0.550504 0.500471 0.547886 0.481335 0.457312 0.460465 0.495880 0.434033 0.388266 0.383774 
0.436830 0.477304 0.600316 0.441373 0.433405 0.549303 0.549906 0.586336 0.578367 0.572486 0.522793 0.567281 0.570220 0.564981 0.516009 0.379016 
449 vad:0.000531
gains: 0.646621 0.567532 0.501733 0.540771 0.551222 0.559159 0.550544 0.500365 0.547880 0.481268 0.457167 0.460394 0.496086 0.434352 0.388348 0.384031 
0.437536 0.478040 0.600923 0.441971 0.434215 0.550541 0.550509 0.586854 0.579153 0.573156 0.523712 0.568373 0.571216 0.565846 0.516215 0.379086 
450 vad:0.000478
gains: 0.646309 0.568185 0.502586 0.541943 0.552470 0.560621 0.552308 0.502127 0.549634 0.483279 0.459149 0.461915 0.497316 0.435478 0.389352 0.385271 
0.438603 0.478577 0.601460 0.442348 0.434715 0.551680 0.551197 0.587328 0.579554 0.573365 0.523492 0.568239 0.570935 0.565691 0.515786 0.378947 
451 vad:0.000452
gains: 0.645955 0.567482 0.502288 0.542193 0.552109 0.559779 0.552081 0.501878 0.549123 0.482675 0.458446 0.461482 0.496956 0.434667 0.388504 0.385257 
0.439225 0.478865 0.601158 0.441876 0.434007 0.552145 0.552090 0.587299 0.579597 0.573873 0.523843 0.568690 0.571710 0.566696 0.516994 0.380293 
452 vad:0.000588
gains: 0.647692 0.569738 0.504969 0.544036 0.553716 0.562347 0.555019 0.504674 0.551361 0.484682 0.460249 0.463154 0.498916 0.436484 0.389458 0.386178 
0.440695 0.480313 0.602914 0.443635 0.435901 0.553753 0.553806 0.589078 0.581637 0.575904 0.526500 0.571182 0.574060 0.568783 0.518931 0.382009 
453 vad:0.000627
gains: 0.646209 0.569235 0.503867 0.543007 0.553437 0.560482 0.552464 0.502409 0.549136 0.482353 0.458056 0.461377 0.497667 0.435204 0.388149 0.385904 
0.440655 0.479832 0.602814 0.442417 0.435138 0.554152 0.553864 0.589280 0.581696 0.576009 0.526362 0.571065 0.574193 0.569165 0.519172 0.382457 
454 vad:0.000566
gains: 0.646847 0.569603 0.504832 0.544363 0.553630 0.561910 0.554726 0.504275 0.550560 0.483500 0.459365 0.462599 0.498486 0.436089 0.389155 0.386382 
0.440664 0.479681 0.602643 0.442956 0.435744 0.554632 0.554016 0.589420 0.582309 0.576646 0.527119 0.572078 0.575270 0.570075 0.519800 0.382962 
455 vad:0.000512
gains: 0.647046 0.569740 0.505150 0.544772 0.553398 0.561504 0.554690 0.504001 0.550254 0.483754 0.459953 0.463224 0.499304 0.436646 0.389013 0.386322 
0.440374 0.478962 0.601885 0.443213 0.436750 0.554753 0.553537 0.588964 0.582299 0.576522 0.527356 0.572659 0.575879 0.570480 0.519893 0.382971 
456 vad:0.000454
gains: 0.646224 0.568492 0.503731 0.543174 0.551637 0.558858 0.552268 0.501962 0.548066 0.481110 0.457247 0.460621 0.496972 0.434708 0.387361 0.384903 
0.439163 0.478306 0.601106 0.441564 0.435751 0.554637 0.552982 0.587987 0.581561 0.576551 0.527803 0.572998 0.576132 0.570462 0.519955 0.383187 
457 vad:0.000555
gains: 0.647489 0.570598 0.505403 0.544445 0.552867 0.560987 0.554375 0.504072 0.550165 0.483275 0.459450 0.462760 0.498642 0.436280 0.389240 0.386553 
0.440857 0.480827 0.602632 0.442968 0.437151 0.556056 0.554124 0.588830 0.582252 0.577690 0.529133 0.574701 0.577870 0.571913 0.520886 0.383774 
458 vad:0.000545
gains: 0.647804 0.570845 0.505641 0.544969 0.554652 0.562313 0.555518 0.504917 0.550642 0.483923 0.460330 0.463576 0.499604 0.436801 0.388905 0.386543 
0.441483 0.480374 0.602573 0.443723 0.438312 0.557216 0.555128 0.590121 0.583836 0.578510 0.529632 0.575256 0.578051 0.572275 0.520736 0.384067 
459 vad:0.000481
gains: 0.648223 0.570976 0.505823 0.544853 0.553997 0.561777 0.555386 0.504669 0.549943 0.483188 0.460158 0.463848 0.499581 0.436547 0.389203 0.387109 
0.442106 0.481671 0.603892 0.444548 0.438648 0.557980 0.556116 0.590666 0.584359 0.579598 0.531152 0.576622 0.579839 0.574240 0.522994 0.386204 
460 vad:0.000571
gains: 0.648025 0.571022 0.505577 0.544295 0.552822 0.560513 0.554172 0.503447 0.548843 0.482203 0.459090 0.462954 0.498854 0.435507 0.388180 0.387128 
0.441969 0.480839 0.602062 0.442211 0.436155 0.556589 0.554617 0.588768 0.582815 0.578575 0.530089 0.575878 0.579188 0.573345 0.522002 0.385305 
461 vad:0.000537
gains: 0.647425 0.570324 0.505163 0.544300 0.552711 0.561256 0.555585 0.504174 0.549169 0.482853 0.460169 0.464199 0.500019 0.436835 0.389505 0.387014 
0.441623 0.481209 0.603193 0.443842 0.437949 0.557180 0.554182 0.589022 0.583522 0.578360 0.530054 0.576114 0.579249 0.574358 0.522845 0.386265 
462 vad:0.000559
gains: 0.647802 0.571111 0.505494 0.544796 0.553383 0.560565 0.554573 0.503342 0.548504 0.482151 0.459507 0.463802 0.499687 0.436076 0.388585 0.387269 
0.442035 0.480922 0.602228 0.442672 0.437287 0.556922 0.554365 0.589273 0.583490 0.578443 0.530139 0.575911 0.579068 0.573837 0.522190 0.385868 
463 vad:0.000559
gains: 0.646586 0.570129 0.504457 0.543608 0.552465 0.559984 0.554528 0.503285 0.547944 0.481130 0.458279 0.462509 0.498197 0.434628 0.387242 0.385803 
0.441087 0.480166 0.601642 0.441948 0.436490 0.556551 0.554522 0.589306 0.583492 0.578017 0.529570 0.575424 0.579035 0.574360 0.522970 0.386643 
464 vad:0.000404
gains: 0.647368 0.571292 0.505013 0.544173 0.552233 0.560025 0.555070 0.503588 0.548595 0.481862 0.458882 0.462735 0.498172 0.434341 0.386540 0.386214 
0.442242 0.480650 0.601944 0.442156 0.436850 0.557242 0.554826 0.589558 0.584172 0.578727 0.530254 0.576606 0.580079 0.575667 0.523579 0.387297 
465 vad:0.000610
gains: 0.647711 0.571832 0.506849 0.545929 0.554248 0.562672 0.557503 0.506316 0.551177 0.484079 0.460911 0.464633 0.499987 0.436543 0.388625 0.387910 
0.443613 0.481909 0.603546 0.443431 0.437748 0.558435 0.556178 0.590744 0.585254 0.579743 0.531021 0.577277 0.580840 0.575844 0.523937 0.387616 
466 vad:0.000508
gains: 0.647538 0.571696 0.506157 0.545498 0.553827 0.562045 0.557686 0.505952 0.550117 0.483189 0.460188 0.463783 0.499295 0.436238 0.388646 0.387452 
0.442617 0.481003 0.603000 0.443367 0.438287 0.559002 0.557026 0.591778 0.586272 0.580245 0.531456 0.577654 0.581698 0.576967 0.525005 0.388904 
467 vad:0.000593
gains: 0.646538 0.570855 0.505515 0.544972 0.553474 0.561286 0.556682 0.505626 0.549856 0.482331 0.459087 0.463235 0.499364 0.436659 0.388954 0.388258 
0.443419 0.481436 0.603252 0.442861 0.437457 0.558888 0.557199 0.591080 0.585803 0.580594 0.532074 0.578227 0.582047 0.576892 0.525260 0.388982 
468 vad:0.000514
gains: 0.646744 0.571204 0.506302 0.545451 0.553521 0.561930 0.557016 0.505838 0.550238 0.483364 0.460136 0.464128 0.500121 0.436858 0.388588 0.386925 
0.441935 0.480750 0.603727 0.443627 0.438542 0.559840 0.557508 0.591765 0.586841 0.580979 0.532723 0.579110 0.582406 0.578042 0.525831 0.390145 
469 vad:0.000581
gains: 0.647288 0.572910 0.507442 0.546813 0.554967 0.562985 0.558994 0.507435 0.551418 0.483888 0.460229 0.464131 0.500663 0.437973 0.389722 0.388464 
0.443640 0.482271 0.604716 0.444348 0.438873 0.560330 0.557416 0.591626 0.587150 0.582199 0.533935 0.580498 0.584023 0.579239 0.526757 0.390918 
470 vad:0.000584
gains: 0.648058 0.573129 0.507458 0.546289 0.554284 0.562422 0.557602 0.506542 0.551098 0.484296 0.461071 0.465025 0.500814 0.437370 0.388498 0.387189 
0.442303 0.480780 0.603467 0.444023 0.438899 0.560170 0.557001 0.591202 0.587010 0.581101 0.532623 0.579312 0.582653 0.578355 0.526005 0.390387 
471 vad:0.000520
gains: 0.649187 0.574793 0.509328 0.547912 0.555165 0.563178 0.559285 0.508355 0.552361 0.485272 0.461760 0.465602 0.501895 0.439057 0.389778 0.389032 
0.444970 0.483106 0.605550 0.445294 0.439928 0.562842 0.559973 0.593108 0.588444 0.583413 0.534791 0.581036 0.584673 0.580226 0.527352 0.391536 
472 vad:0.000599
gains: 0.649124 0.574264 0.508958 0.547502 0.554861 0.562878 0.558610 0.508208 0.552559 0.485609 0.462121 0.466109 0.502164 0.439079 0.389612 0.388644 
0.444945 0.483484 0.605958 0.445543 0.440479 0.563329 0.559460 0.592556 0.588593 0.583358 0.535065 0.581965 0.585359 0.581295 0.528493 0.392965 
473 vad:0.000534
gains: 0.648841 0.574292 0.508991 0.546768 0.554096 0.562597 0.558785 0.508278 0.552205 0.485118 0.461655 0.465516 0.501576 0.438153 0.388144 0.387973 
0.444514 0.482324 0.605588 0.444904 0.439742 0.563189 0.559677 0.593256 0.589478 0.583887 0.535654 0.582578 0.585943 0.581957 0.528787 0.393303 
474 vad:0.000638
gains: 0.648906 0.575283 0.509842 0.548119 0.555476 0.563588 0.560144 0.509801 0.554204 0.487250 0.463334 0.467052 0.503348 0.440495 0.390398 0.389387 
0.445860 0.484675 0.607832 0.446390 0.441195 0.564695 0.560791 0.594140 0.590497 0.584850 0.536625 0.583512 0.586944 0.583074 0.529580 0.394160 
475 vad:0.000471
gains: 0.648796 0.575840 0.509705 0.548102 0.556706 0.564408 0.560906 0.510488 0.554779 0.487307 0.463135 0.466992 0.503849 0.440791 0.390359 0.389635 
0.446480 0.485265 0.607558 0.445972 0.440697 0.564729 0.560567 0.594000 0.590778 0.585272 0.537112 0.584450 0.587984 0.584283 0.530275 0.394888 
476 vad:0.000509
gains: 0.648336 0.575076 0.509478 0.547881 0.555251 0.562440 0.559344 0.508745 0.552796 0.485625 0.461776 0.465936 0.502812 0.439339 0.388822 0.388267 
0.444991 0.483587 0.606295 0.445593 0.440586 0.564850 0.560936 0.594161 0.590902 0.585244 0.537179 0.584288 0.588174 0.584419 0.530589 0.395149 
477 vad:0.000569
gains: 0.647429 0.574241 0.508801 0.547624 0.554696 0.562033 0.558954 0.507970 0.551743 0.484425 0.460513 0.465048 0.502323 0.438885 0.388419 0.388073 
0.445241 0.483898 0.606142 0.445282 0.440726 0.564801 0.560183 0.593358 0.590896 0.585389 0.537907 0.585268 0.588971 0.584856 0.530699 0.395422 
478 vad:0.000519
gains: 0.648663 0.576773 0.511226 0.549763 0.557181 0.565330 0.562574 0.511376 0.554598 0.487195 0.463457 0.467792 0.504574 0.441386 0.391543 0.390782 
0.447565 0.486593 0.609028 0.448068 0.443625 0.567212 0.562348 0.595417 0.592674 0.587323 0.540109 0.587314 0.591500 0.587438 0.533136 0.397968 
479 vad:0.000466
gains: 0.647374 0.575590 0.510405 0.548790 0.556340 0.564370 0.561266 0.510561 0.554064 0.486788 0.462853 0.467059 0.503875 0.440485 0.390555 0.391165 
0.448626 0.486988 0.608371 0.447455 0.443611 0.567981 0.562517 0.595254 0.592912 0.587815 0.540612 0.588050 0.591890 0.587637 0.532971 0.397851 
480 vad:0.000598
gains: 0.647973 0.576647 0.510449 0.548972 0.556914 0.564565 0.561904 0.511385 0.554977 0.487605 0.463713 0.467735 0.504310 0.440653 0.390377 0.390622 
0.447512 0.485777 0.608208 0.447311 0.443336 0.568273 0.562791 0.595441 0.592794 0.587476 0.540378 0.587989 0.591900 0.588210 0.533436 0.398351 
481 vad:0.000544
gains: 0.648003 0.576934 0.510955 0.549391 0.558703 0.566853 0.563829 0.512782 0.555964 0.488542 0.464996 0.469044 0.505124 0.441200 0.390847 0.391428 
0.448983 0.486786 0.609099 0.448201 0.444382 0.568687 0.562928 0.595656 0.593332 0.587936 0.540657 0.588162 0.591984 0.588587 0.533672 0.398971 
482 vad:0.000443
gains: 0.647709 0.576360 0.510594 0.549127 0.557934 0.565948 0.562788 0.511838 0.555053 0.487697 0.464408 0.468822 0.505014 0.440905 0.390123 0.390658 
0.448468 0.486291 0.609060 0.448046 0.444059 0.569448 0.563877 0.596267 0.593942 0.588599 0.541223 0.588770 0.592929 0.589353 0.534297 0.399372 
483 vad:0.000595
gains: 0.647714 0.576479 0.510425 0.548879 0.557934 0.565892 0.563035 0.511713 0.554883 0.487658 0.464075 0.468281 0.504711 0.440886 0.390487 0.390829 
0.448373 0.486794 0.609162 0.447374 0.443138 0.569039 0.563666 0.596296 0.593918 0.588554 0.541444 0.589196 0.593440 0.589866 0.534631 0.399795 
484 vad:0.000539
gains: 0.647879 0.576024 0.509810 0.548871 0.557570 0.565195 0.562810 0.511006 0.554363 0.487605 0.464306 0.468666 0.505178 0.440978 0.390472 0.390957 
0.448771 0.486763 0.608894 0.447556 0.443485 0.569107 0.563463 0.596143 0.594122 0.588592 0.541691 0.589503 0.593806 0.590366 0.535055 0.400095 
485 vad:0.000680
gains: 0.649224 0.578470 0.512702 0.551125 0.559129 0.566086 0.564025 0.512647 0.555889 0.488925 0.465584 0.470028 0.506654 0.442593 0.392188 0.392936 
0.450511 0.488866 0.610887 0.448818 0.444826 0.571356 0.565349 0.597133 0.594878 0.589597 0.542433 0.590072 0.594476 0.591282 0.536089 0.401393 
486 vad:0.000536
gains: 0.648598 0.577664 0.512385 0.550656 0.557621 0.564947 0.563541 0.511974 0.554682 0.487492 0.464260 0.468996 0.505926 0.441704 0.390536 0.391365 
0.449134 0.487257 0.609398 0.447963 0.444323 0.570191 0.563815 0.596344 0.595370 0.589864 0.542990 0.591033 0.595085 0.591796 0.536159 0.401741 
487 vad:0.000448
gains: 0.648500 0.577844 0.512266 0.549775 0.556242 0.563636 0.562446 0.510711 0.553347 0.486398 0.463486 0.468239 0.504872 0.440622 0.389860 0.391140 
0.448886 0.487399 0.609147 0.447699 0.444492 0.570772 0.564068 0.596060 0.595077 0.590258 0.543396 0.591234 0.595629 0.592060 0.536546 0.402066 
488 vad:0.000614
gains: 0.648791 0.578546 0.511966 0.550025 0.556908 0.563919 0.562982 0.511630 0.554590 0.487338 0.463834 0.468175 0.504866 0.440840 0.390199 0.391831 
0.449651 0.487655 0.609578 0.447670 0.444143 0.571138 0.564907 0.596869 0.595721 0.590607 0.543454 0.591621 0.595956 0.592488 0.536625 0.402119 
489 vad:0.000471
gains: 0.649083 0.579172 0.513410 0.551723 0.558676 0.565809 0.564484 0.512912 0.555574 0.488388 0.465104 0.469646 0.506386 0.442120 0.391115 0.392830 
0.450844 0.488670 0.610103 0.447818 0.444943 0.572530 0.565925 0.597709 0.596571 0.591312 0.543949 0.592085 0.596324 0.592968 0.536911 0.402416 
490 vad:0.000485
gains: 0.648770 0.579713 0.513909 0.552166 0.559048 0.565999 0.565188 0.513653 0.556236 0.489147 0.465753 0.470120 0.506897 0.442648 0.390899 0.392976 
0.451988 0.490031 0.611416 0.449082 0.446013 0.573815 0.567259 0.598903 0.598261 0.593418 0.546221 0.594436 0.598621 0.595327 0.538975 0.404516 
491 vad:0.000623
gains: 0.649759 0.580976 0.515009 0.552520 0.559292 0.566888 0.566497 0.514637 0.556725 0.489511 0.466854 0.471534 0.507903 0.443161 0.391186 0.393140 
0.452212 0.489530 0.611434 0.448974 0.446547 0.574367 0.567516 0.598879 0.597889 0.592863 0.545724 0.593722 0.598116 0.595291 0.538991 0.404771 
492 vad:0.000565
gains: 0.648728 0.580247 0.514470 0.552303 0.559598 0.566691 0.565469 0.513489 0.555595 0.488612 0.465825 0.470667 0.507336 0.442639 0.390444 0.392057 
0.451373 0.489163 0.611464 0.449166 0.447078 0.574975 0.567867 0.599326 0.598945 0.593466 0.545883 0.594261 0.598639 0.596020 0.539857 0.405446 
493 vad:0.000550
gains: 0.648605 0.580478 0.514660 0.552979 0.560640 0.567584 0.566291 0.514547 0.556404 0.488911 0.465468 0.470439 0.507577 0.442993 0.391455 0.393635 
0.452932 0.490209 0.611747 0.449449 0.447315 0.575690 0.567969 0.598727 0.598527 0.593739 0.546371 0.594852 0.599329 0.596388 0.539945 0.405560 
494 vad:0.000650
gains: 0.647979 0.579406 0.514552 0.552984 0.559876 0.567123 0.566171 0.513831 0.555780 0.488821 0.465685 0.470270 0.507068 0.442477 0.390445 0.393013 
0.452577 0.489037 0.610579 0.448100 0.445974 0.574312 0.566741 0.597887 0.597997 0.593338 0.546409 0.594944 0.599035 0.596054 0.539512 0.405127 
495 vad:0.000629
gains: 0.649023 0.581635 0.516272 0.554054 0.561000 0.569056 0.568274 0.515785 0.557606 0.490879 0.467498 0.472107 0.509033 0.444157 0.392075 0.394579 
0.454021 0.491273 0.612681 0.450017 0.447561 0.575977 0.568595 0.599562 0.599065 0.594622 0.547764 0.596293 0.600833 0.598223 0.541754 0.407443 
496 vad:0.000655
gains: 0.648555 0.580622 0.515304 0.552365 0.559394 0.567250 0.566249 0.513826 0.555448 0.488425 0.465040 0.469919 0.507236 0.442766 0.391170 0.394533 
0.454255 0.491991 0.612734 0.449255 0.446874 0.576293 0.568850 0.599452 0.599493 0.595234 0.548066 0.596956 0.601394 0.598230 0.541532 0.407292 
497 vad:0.000616
gains: 0.648279 0.580727 0.515618 0.552364 0.559117 0.567572 0.566893 0.514424 0.556050 0.489506 0.466249 0.471134 0.508376 0.443315 0.390848 0.393492 
0.452715 0.490371 0.611908 0.449259 0.447713 0.576751 0.568866 0.599589 0.599374 0.594657 0.547707 0.596730 0.601061 0.598506 0.541211 0.406949 
498 vad:0.000645
gains: 0.648380 0.580296 0.514050 0.551609 0.558456 0.565458 0.564753 0.512631 0.554246 0.486967 0.463541 0.469276 0.507170 0.442466 0.390185 0.392705 
0.451913 0.489690 0.611348 0.447822 0.446037 0.575879 0.567891 0.598579 0.598640 0.594092 0.547640 0.596687 0.600951 0.598536 0.541114 0.406693 
499 vad:0.000492
gains: 0.649059 0.581156 0.515407 0.552424 0.559428 0.566555 0.565906 0.514109 0.555211 0.487503 0.464050 0.469729 0.507253 0.442626 0.390923 0.392850 
0.451985 0.489949 0.611239 0.447805 0.445922 0.576680 0.569204 0.599195 0.598945 0.594462 0.548065 0.597223 0.601827 0.599715 0.542504 0.408234 
500 vad:0.000495
gains: 0.649561 0.581735 0.515864 0.553310 0.559782 0.567327 0.566994 0.514903 0.555812 0.488248 0.464977 0.470311 0.507847 0.443195 0.391138 0.393551 
0.453150 0.490232 0.612029 0.448960 0.447271 0.577830 0.570414 0.600628 0.600685 0.596266 0.550079 0.599056 0.603654 0.601308 0.543795 0.409485 
