1 vad:0.006388
gains: 0.310242 0.249360 0.233349 0.265959 0.293902 0.399096 0.358761 0.374559 0.365087 0.363446 0.518641 0.461676 0.511163 0.481906 0.437886 0.460916 0.492010 0.516125 0.522790 0.512466 0.488623 0.532687 0.649157 0.707930 0.741010 0.658134 0.698717 0.416028 0.428233 0.390438 0.556707 0.454787 
2 vad:0.011150
gains: 0.863799 0.944228 0.969905 0.923484 0.810637 0.804143 0.896450 0.881430 0.855894 0.843629 0.822011 0.800144 0.766094 0.865738 0.757103 0.831054 0.778010 0.766727 0.708140 0.892899 0.894118 0.883005 0.905309 0.926624 0.903244 0.951205 0.954587 0.881828 0.870244 0.882803 0.900375 0.807831 
3 vad:0.064274
gains: 0.792892 0.924914 0.954467 0.796202 0.726512 0.765491 0.813655 0.833457 0.873357 0.849694 0.869750 0.811602 0.760355 0.729312 0.619922 0.563884 0.577988 0.522621 0.672204 0.819953 0.652245 0.676115 0.786420 0.693065 0.701493 0.837581 0.804627 0.792010 0.765358 0.768036 0.722675 0.570191 
4 vad:0.023453
gains: 0.509897 0.604844 0.653781 0.527039 0.454853 0.412071 0.541798 0.576208 0.552838 0.480498 0.484095 0.472668 0.483024 0.559033 0.541090 0.591957 0.572142 0.540216 0.447577 0.615816 0.491043 0.662151 0.781417 0.622623 0.631342 0.826678 0.786532 0.791197 0.818298 0.747610 0.649596 0.506071 
5 vad:0.009201
gains: 0.637692 0.628788 0.616632 0.569158 0.548674 0.486633 0.580231 0.617350 0.634090 0.595624 0.620392 0.579933 0.552454 0.625577 0.640939 0.718239 0.692287 0.639030 0.585583 0.615401 0.575345 0.721508 0.778467 0.608854 0.629357 0.808087 0.760812 0.746088 0.747106 0.684726 0.610900 0.542705 
6 vad:0.007833
gains: 0.709400 0.696501 0.667350 0.642649 0.653656 0.613417 0.654101 0.696849 0.678005 0.616061 0.645636 0.612632 0.580442 0.656127 0.671585 0.762097 0.763678 0.730217 0.697014 0.650732 0.641583 0.813441 0.822423 0.660830 0.702577 0.849169 0.800698 0.802004 0.785649 0.782742 0.725326 0.673991 
7 vad:0.008204
gains: 0.740262 0.716990 0.691449 0.687909 0.692093 0.657862 0.686320 0.742991 0.725997 0.662705 0.704333 0.678750 0.638067 0.697622 0.697286 0.785151 0.799205 0.776855 0.748413 0.677813 0.690027 0.855739 0.848380 0.705415 0.749667 0.877350 0.835832 0.842255 0.821541 0.843451 0.794554 0.751590 
8 vad:0.007059
gains: 0.764848 0.742144 0.728117 0.724405 0.725963 0.692740 0.711567 0.779452 0.773338 0.713349 0.756553 0.735237 0.693717 0.748251 0.738233 0.816650 0.832675 0.820280 0.788058 0.705142 0.736740 0.888086 0.876644 0.751903 0.780908 0.894778 0.856263 0.864775 0.842596 0.874410 0.831848 0.792859 
9 vad:0.006100
gains: 0.780802 0.766888 0.748478 0.729532 0.731252 0.707633 0.716504 0.791075 0.794081 0.740713 0.782124 0.754336 0.709223 0.764406 0.750567 0.824477 0.843839 0.838249 0.799044 0.714808 0.769109 0.906913 0.894128 0.781452 0.797479 0.901729 0.861734 0.871918 0.847451 0.885573 0.846131 0.806713 
10 vad:0.005239
gains: 0.786818 0.776451 0.751024 0.724157 0.726952 0.712810 0.713899 0.792922 0.801882 0.751484 0.789875 0.758840 0.716996 0.773482 0.754282 0.819303 0.842654 0.841058 0.796768 0.717107 0.786722 0.913230 0.899138 0.793971 0.803244 0.901915 0.859525 0.870151 0.841219 0.884039 0.841935 0.797787 
11 vad:0.004499
gains: 0.787307 0.778273 0.745736 0.717930 0.724204 0.716230 0.713080 0.794569 0.808075 0.759929 0.796304 0.764377 0.724368 0.779107 0.756236 0.811380 0.837563 0.838944 0.795271 0.721307 0.798281 0.914896 0.898049 0.796374 0.803619 0.898494 0.854006 0.865137 0.832287 0.880066 0.834513 0.786218 
12 vad:0.003833
gains: 0.787270 0.777253 0.738600 0.712417 0.722832 0.719645 0.714221 0.796677 0.813514 0.766825 0.801445 0.769353 0.729929 0.782575 0.757602 0.802652 0.831350 0.834520 0.794047 0.725058 0.807102 0.915527 0.895336 0.795500 0.801405 0.892677 0.845514 0.856728 0.818824 0.872795 0.822617 0.770648 
13 vad:0.003210
gains: 0.785140 0.772659 0.728458 0.702820 0.716995 0.721046 0.714172 0.795270 0.813930 0.766488 0.799143 0.767272 0.730867 0.784712 0.758243 0.794452 0.825075 0.828367 0.791560 0.726004 0.810585 0.913318 0.888849 0.787915 0.794429 0.885218 0.836378 0.848080 0.805521 0.864395 0.809098 0.754083 
14 vad:0.002694
gains: 0.783171 0.768694 0.720364 0.697339 0.713849 0.721358 0.714920 0.795256 0.815387 0.766976 0.797453 0.765882 0.731351 0.785977 0.759245 0.788482 0.820075 0.822380 0.789986 0.727989 0.814167 0.911326 0.881774 0.779078 0.786915 0.878039 0.827628 0.839544 0.792208 0.855941 0.795724 0.738512 
15 vad:0.002259
gains: 0.779534 0.760777 0.707454 0.685759 0.705286 0.717676 0.711233 0.790973 0.812114 0.761393 0.790402 0.759158 0.726088 0.782424 0.755198 0.778970 0.812341 0.814378 0.786278 0.725714 0.813879 0.908252 0.873949 0.768419 0.778018 0.870768 0.819188 0.831430 0.779060 0.847516 0.782419 0.723074 
16 vad:0.001927
gains: 0.776592 0.755132 0.698635 0.678579 0.699657 0.716377 0.709889 0.788155 0.809927 0.757528 0.785390 0.754309 0.721800 0.779806 0.753319 0.770924 0.805544 0.807271 0.784117 0.725412 0.815327 0.905413 0.865094 0.756917 0.768553 0.862327 0.809771 0.821922 0.764574 0.837188 0.766305 0.704880 
17 vad:0.001666
gains: 0.773554 0.749615 0.690074 0.672556 0.694474 0.713013 0.707240 0.783551 0.805290 0.750365 0.777126 0.747129 0.716987 0.776648 0.750757 0.764554 0.800435 0.801730 0.781698 0.722700 0.814502 0.902815 0.857758 0.747014 0.760343 0.855919 0.802114 0.814498 0.753081 0.828690 0.753307 0.690681 
18 vad:0.001433
gains: 0.769265 0.742860 0.680668 0.663518 0.687355 0.708516 0.702318 0.777880 0.799566 0.741993 0.768419 0.738487 0.707626 0.768362 0.744173 0.754566 0.791783 0.793474 0.776886 0.716933 0.810776 0.898217 0.847799 0.734826 0.751029 0.848579 0.793692 0.806372 0.739928 0.818335 0.737752 0.672861 
19 vad:0.001279
gains: 0.764109 0.735162 0.669363 0.653972 0.679608 0.702272 0.697030 0.771775 0.793107 0.731704 0.756547 0.727498 0.698996 0.761740 0.738972 0.747169 0.785931 0.786834 0.772118 0.711111 0.807542 0.894474 0.839214 0.723574 0.740846 0.840700 0.784691 0.797669 0.727047 0.808053 0.722969 0.655858 
20 vad:0.001130
gains: 0.760867 0.729840 0.661453 0.646228 0.673100 0.697139 0.690643 0.763930 0.784887 0.720809 0.745640 0.717194 0.688916 0.751974 0.730090 0.736580 0.778225 0.778969 0.766567 0.705008 0.804049 0.890279 0.829629 0.711964 0.731643 0.832909 0.774900 0.788420 0.713107 0.796210 0.706007 0.636431 
21 vad:0.001033
gains: 0.756661 0.724642 0.652741 0.638486 0.666510 0.691211 0.685755 0.757826 0.778353 0.710588 0.733730 0.706337 0.680383 0.744892 0.724392 0.729963 0.772713 0.772498 0.760863 0.697927 0.799484 0.886258 0.821596 0.702493 0.723013 0.826173 0.767029 0.781043 0.702235 0.786701 0.692211 0.619668 
22 vad:0.000946
gains: 0.752973 0.720093 0.646298 0.632082 0.659909 0.685379 0.679932 0.750893 0.770951 0.700794 0.724335 0.697851 0.671061 0.734840 0.716149 0.721181 0.765087 0.765066 0.754582 0.690167 0.794644 0.881632 0.812222 0.691740 0.713757 0.818323 0.757333 0.771660 0.689189 0.775110 0.676691 0.601570 
23 vad:0.000870
gains: 0.750483 0.716039 0.639871 0.627647 0.656991 0.681205 0.675796 0.745240 0.764898 0.692643 0.715827 0.690187 0.663629 0.727480 0.711612 0.715385 0.759858 0.759970 0.751491 0.685715 0.792212 0.878781 0.805859 0.685699 0.708105 0.812121 0.749984 0.765021 0.679938 0.767135 0.664900 0.587710 
24 vad:0.000815
gains: 0.745991 0.711262 0.632390 0.619653 0.649548 0.673790 0.668056 0.736595 0.755857 0.680582 0.703179 0.678072 0.651850 0.715620 0.702246 0.706727 0.752707 0.752517 0.744159 0.676241 0.785903 0.873601 0.797073 0.676141 0.699557 0.805075 0.741692 0.757298 0.668784 0.756263 0.650174 0.569581 
25 vad:0.000767
gains: 0.743728 0.708512 0.626604 0.615281 0.646156 0.670068 0.664997 0.732492 0.751315 0.673400 0.694793 0.670912 0.645825 0.709907 0.697965 0.701977 0.748375 0.747517 0.740058 0.670141 0.780787 0.868456 0.788668 0.668068 0.692721 0.798755 0.734234 0.750875 0.660451 0.749019 0.640608 0.558198 
26 vad:0.000727
gains: 0.740976 0.705032 0.620219 0.609487 0.641508 0.664706 0.660375 0.726499 0.743947 0.663964 0.685471 0.662159 0.637054 0.700716 0.690521 0.694242 0.741987 0.741363 0.735201 0.663860 0.777353 0.865313 0.782537 0.661746 0.686470 0.792655 0.727159 0.744292 0.651838 0.741212 0.629731 0.544777 
27 vad:0.000690
gains: 0.740105 0.704708 0.619771 0.609316 0.640889 0.662603 0.658178 0.723103 0.740182 0.658756 0.679682 0.656774 0.631595 0.694679 0.686627 0.691537 0.740202 0.739168 0.733224 0.660212 0.774661 0.862665 0.777692 0.657612 0.683466 0.789764 0.723880 0.741653 0.648285 0.737151 0.623992 0.537906 
28 vad:0.000666
gains: 0.737353 0.701314 0.614679 0.603238 0.634458 0.656705 0.653257 0.717219 0.733166 0.649016 0.669633 0.647704 0.622991 0.685915 0.679322 0.685289 0.734744 0.733079 0.727572 0.653098 0.769850 0.858422 0.770660 0.650805 0.676410 0.782860 0.716079 0.734768 0.639539 0.729122 0.613318 0.524755 
29 vad:0.000640
gains: 0.736151 0.699836 0.610834 0.600500 0.631910 0.652989 0.649906 0.712311 0.727860 0.642358 0.662746 0.641189 0.616890 0.678936 0.673655 0.680098 0.729819 0.727630 0.723075 0.647279 0.765535 0.854192 0.764455 0.645803 0.671409 0.777628 0.709987 0.729932 0.633187 0.723243 0.605067 0.514519 
30 vad:0.000621
gains: 0.736134 0.699787 0.609185 0.599312 0.631712 0.652045 0.650166 0.712298 0.726763 0.639795 0.659715 0.638986 0.614519 0.676593 0.673028 0.679584 0.728920 0.725535 0.722372 0.644971 0.763519 0.851805 0.760452 0.643046 0.668156 0.773823 0.706087 0.726624 0.629235 0.719762 0.600199 0.508612 
31 vad:0.000647
gains: 0.740320 0.678760 0.602449 0.593385 0.618786 0.645089 0.639312 0.700560 0.713753 0.630857 0.649917 0.632665 0.608611 0.666927 0.660446 0.671854 0.724081 0.720837 0.717445 0.633246 0.760316 0.856728 0.765464 0.643560 0.669168 0.779827 0.714459 0.729827 0.630407 0.713269 0.601134 0.499445 
32 vad:0.001263
gains: 0.755679 0.687826 0.609783 0.585880 0.614664 0.645161 0.649185 0.712528 0.716957 0.656914 0.674967 0.653991 0.625481 0.690000 0.684152 0.708302 0.748805 0.737579 0.734701 0.664577 0.783253 0.881441 0.815673 0.710862 0.699937 0.787609 0.736737 0.755548 0.661847 0.751376 0.652605 0.544298 
33 vad:0.258101
gains: 0.919744 0.925563 0.871522 0.863974 0.887020 0.902757 0.849068 0.844428 0.866544 0.888537 0.900774 0.843805 0.715113 0.706745 0.681109 0.748142 0.828682 0.818633 0.833707 0.866525 0.874377 0.919779 0.861594 0.774694 0.820913 0.908184 0.910664 0.923157 0.875392 0.912541 0.802485 0.772378 
34 vad:0.774001
gains: 0.966062 0.976494 0.984371 0.975802 0.979969 0.969787 0.971326 0.956045 0.954886 0.952981 0.972696 0.968900 0.971516 0.983215 0.993701 0.991718 0.996048 0.998609 0.992795 0.985878 0.981038 0.994984 0.994787 0.982375 0.986005 0.998265 0.997510 0.996272 0.995291 0.993035 0.985202 0.953285 
35 vad:0.880589
gains: 0.954314 0.984140 0.974263 0.960716 0.979507 0.978273 0.957352 0.977787 0.941883 0.952597 0.963490 0.969216 0.962197 0.960264 0.967612 0.976798 0.981746 0.988193 0.982971 0.978786 0.983426 0.993103 0.995277 0.984854 0.971757 0.996922 0.996207 0.994020 0.996656 0.986823 0.975491 0.984564 
36 vad:0.856381
gains: 0.958146 0.942976 0.980441 0.942776 0.956716 0.982341 0.988052 0.996729 0.990180 0.990348 0.982619 0.990683 0.987013 0.992197 0.985455 0.976524 0.977853 0.988162 0.980894 0.979720 0.980103 0.978412 0.977181 0.971274 0.949125 0.968333 0.969618 0.956923 0.977824 0.958613 0.944886 0.978914 
37 vad:0.799882
gains: 0.955640 0.935827 0.973095 0.942967 0.938117 0.987110 0.972116 0.984526 0.989751 0.982343 0.980931 0.965806 0.971578 0.985440 0.966372 0.953811 0.977000 0.980832 0.965977 0.961017 0.940659 0.942446 0.926012 0.875102 0.779339 0.879302 0.863215 0.817169 0.910770 0.880297 0.868628 0.962454 
38 vad:0.958485
gains: 0.923086 0.985029 0.993282 0.983711 0.969359 0.992785 0.985802 0.993109 0.998179 0.996125 0.997345 0.991535 0.993219 0.990165 0.991277 0.990178 0.990748 0.990563 0.989207 0.981088 0.968833 0.977262 0.974551 0.940677 0.892852 0.956519 0.919619 0.910058 0.963332 0.979499 0.978612 0.986183 
39 vad:0.994110
gains: 0.953797 0.985138 0.997078 0.996355 0.992094 0.995840 0.993600 0.996366 0.998424 0.996924 0.998945 0.997907 0.997709 0.991785 0.994158 0.995505 0.996869 0.992765 0.984213 0.984586 0.972470 0.981087 0.961537 0.872433 0.722332 0.849541 0.932396 0.884960 0.840862 0.826325 0.852161 0.962496 
40 vad:0.990764
gains: 0.991440 0.976218 0.989210 0.993689 0.984490 0.985770 0.994800 0.994007 0.990423 0.995500 0.992649 0.990315 0.992346 0.981624 0.954909 0.966023 0.980969 0.972586 0.987446 0.980104 0.953706 0.952298 0.968158 0.963181 0.861511 0.784876 0.714768 0.542684 0.441344 0.342063 0.217002 0.522152 
41 vad:0.896740
gains: 0.969485 0.955760 0.991627 0.992243 0.954515 0.984434 0.957375 0.956333 0.984896 0.979218 0.982484 0.973438 0.968225 0.924751 0.916428 0.915566 0.941488 0.932158 0.953434 0.705055 0.682823 0.909244 0.978240 0.952390 0.871481 0.690638 0.582551 0.487182 0.228954 0.152055 0.131210 0.318156 
42 vad:0.991318
gains: 0.974093 0.982716 0.995907 0.996495 0.989348 0.984442 0.986172 0.986338 0.983607 0.991558 0.989272 0.985277 0.971503 0.985815 0.945249 0.949384 0.964556 0.982266 0.963942 0.947758 0.941102 0.987793 0.991383 0.955162 0.957039 0.974201 0.985264 0.979829 0.978747 0.968645 0.955301 0.960476 
43 vad:0.996876
gains: 0.898141 0.969698 0.996620 0.998121 0.994410 0.997195 0.993161 0.989155 0.996287 0.995344 0.994929 0.981505 0.981406 0.974960 0.952912 0.966203 0.984702 0.972547 0.916680 0.858535 0.875950 0.909630 0.955098 0.905303 0.814272 0.931318 0.914176 0.902213 0.877143 0.810846 0.810870 0.869245 
44 vad:0.997980
gains: 0.917114 0.935560 0.994047 0.995889 0.987346 0.996376 0.993793 0.997703 0.994471 0.996585 0.996855 0.989942 0.980277 0.987521 0.982720 0.962280 0.979338 0.983011 0.975317 0.962452 0.971277 0.968724 0.976207 0.971325 0.921559 0.977417 0.951852 0.957928 0.967337 0.923613 0.907418 0.945751 
45 vad:0.991780
gains: 0.994138 0.983784 0.997600 0.995515 0.990268 0.997664 0.996532 0.997139 0.996651 0.998452 0.997975 0.994705 0.989584 0.991742 0.984937 0.985236 0.994602 0.990450 0.986983 0.970447 0.970700 0.983212 0.990278 0.981599 0.972733 0.984975 0.976096 0.980382 0.976940 0.952248 0.940514 0.934758 
46 vad:0.997771
gains: 0.996169 0.997674 0.997582 0.996334 0.995372 0.999463 0.998459 0.998046 0.998859 0.999084 0.998888 0.998113 0.997352 0.995044 0.994661 0.995817 0.997673 0.998231 0.996246 0.987820 0.992903 0.995540 0.994834 0.994339 0.996920 0.994745 0.994601 0.995126 0.991476 0.985507 0.955130 0.903798 
47 vad:0.999309
gains: 0.995365 0.998617 0.999101 0.996885 0.991838 0.996190 0.994751 0.996398 0.998078 0.997069 0.996591 0.993295 0.980798 0.978976 0.982170 0.989697 0.989987 0.992130 0.991498 0.986815 0.971149 0.980121 0.988334 0.973517 0.954461 0.976035 0.988520 0.984361 0.983504 0.974235 0.951313 0.875108 
48 vad:0.999417
gains: 0.999045 0.997366 0.998917 0.998499 0.995362 0.999120 0.997302 0.998408 0.996993 0.998953 0.998364 0.997619 0.999164 0.997164 0.995142 0.997892 0.998013 0.999334 0.998823 0.990397 0.967671 0.986820 0.992261 0.985641 0.962398 0.985374 0.993503 0.996489 0.996570 0.991544 0.974505 0.944518 
49 vad:0.998735
gains: 0.986950 0.995395 0.999140 0.997998 0.996574 0.998943 0.998601 0.997309 0.997806 0.998198 0.997940 0.997046 0.998513 0.998741 0.995567 0.995970 0.999051 0.999204 0.997461 0.994841 0.990940 0.993674 0.991675 0.992253 0.994200 0.992104 0.989046 0.995271 0.995151 0.991225 0.982687 0.983564 
50 vad:0.998899
gains: 0.989780 0.994346 0.999243 0.998415 0.996210 0.998508 0.999050 0.999083 0.999371 0.999001 0.998779 0.998595 0.999041 0.999098 0.998337 0.998383 0.999568 0.999614 0.998182 0.997495 0.995937 0.997434 0.998074 0.998234 0.998541 0.996632 0.994724 0.997150 0.996890 0.992164 0.984660 0.989011 
51 vad:0.995412
gains: 0.980893 0.993118 0.999272 0.998449 0.996734 0.998152 0.997846 0.997280 0.997979 0.996851 0.997007 0.998497 0.998904 0.998686 0.997550 0.997304 0.999074 0.999335 0.998131 0.994572 0.992230 0.993500 0.997983 0.997071 0.995120 0.994142 0.995578 0.996131 0.994750 0.990738 0.981717 0.979676 
52 vad:0.996734
gains: 0.969770 0.995426 0.999224 0.999243 0.997447 0.999071 0.998970 0.998455 0.996505 0.996581 0.998417 0.999133 0.999338 0.998151 0.996441 0.993896 0.996449 0.998863 0.998671 0.994172 0.990731 0.989907 0.996012 0.995020 0.990170 0.992397 0.992162 0.992665 0.996087 0.992381 0.978748 0.948848 
53 vad:0.999031
gains: 0.986193 0.998120 0.999555 0.997812 0.994915 0.996656 0.995220 0.995454 0.995632 0.995093 0.996138 0.994873 0.990627 0.983607 0.972339 0.986168 0.994238 0.995689 0.994217 0.986387 0.969373 0.984545 0.993515 0.982696 0.977867 0.990694 0.994066 0.990520 0.991040 0.982062 0.947506 0.926646 
54 vad:0.999503
gains: 0.993344 0.993863 0.998877 0.997783 0.986595 0.996140 0.997035 0.991730 0.993144 0.996519 0.995049 0.992284 0.993056 0.983463 0.981705 0.968342 0.987999 0.998225 0.993534 0.946688 0.935526 0.938631 0.978575 0.976191 0.982653 0.992959 0.993759 0.992738 0.991077 0.968876 0.926979 0.791963 
55 vad:0.999612
gains: 0.994709 0.996264 0.999511 0.998957 0.998599 0.999415 0.999450 0.999024 0.998345 0.998013 0.997242 0.998681 0.998706 0.997895 0.995862 0.994518 0.998845 0.999279 0.998108 0.995061 0.983983 0.992106 0.991965 0.986284 0.985928 0.991812 0.996317 0.998387 0.998434 0.996270 0.989018 0.956686 
56 vad:0.999572
gains: 0.978009 0.994663 0.999611 0.998554 0.997958 0.999214 0.999120 0.999004 0.998796 0.996657 0.997707 0.996380 0.998462 0.998968 0.998797 0.997384 0.999297 0.999532 0.998868 0.997994 0.996984 0.997755 0.997199 0.996775 0.997556 0.997960 0.996074 0.998369 0.997902 0.995107 0.981332 0.980234 
57 vad:0.999515
gains: 0.978917 0.993293 0.999572 0.999404 0.998091 0.999140 0.999373 0.999274 0.999239 0.998480 0.998824 0.998379 0.999067 0.999297 0.998758 0.997106 0.999287 0.999482 0.999125 0.998920 0.996278 0.998244 0.997923 0.997011 0.998460 0.998585 0.996514 0.998456 0.995757 0.986375 0.977511 0.985614 
58 vad:0.998176
gains: 0.978166 0.992118 0.999271 0.999112 0.996954 0.998653 0.997881 0.997251 0.997524 0.993962 0.996910 0.998265 0.998439 0.998955 0.997721 0.994077 0.998393 0.998956 0.998998 0.995658 0.988898 0.992397 0.994428 0.994792 0.994036 0.994728 0.995990 0.997041 0.994241 0.987458 0.989711 0.982504 
59 vad:0.999094
gains: 0.991981 0.997287 0.999118 0.998443 0.997996 0.997008 0.990948 0.993077 0.987905 0.988814 0.992506 0.996282 0.997393 0.993548 0.994597 0.995052 0.994663 0.997219 0.997031 0.988104 0.976937 0.978146 0.985846 0.988345 0.980311 0.992303 0.997868 0.992919 0.990984 0.977375 0.975291 0.964231 
60 vad:0.997514
gains: 0.981485 0.990064 0.996972 0.994929 0.954659 0.968725 0.958418 0.949717 0.928982 0.964127 0.971428 0.967896 0.972807 0.979318 0.962754 0.953892 0.973981 0.966216 0.990837 0.970460 0.914449 0.947225 0.956114 0.936725 0.952661 0.987789 0.986417 0.980687 0.980726 0.940547 0.913738 0.917365 
61 vad:0.995612
gains: 0.979623 0.991301 0.998733 0.987011 0.948908 0.974801 0.967171 0.951113 0.883720 0.963467 0.979176 0.976671 0.955496 0.938242 0.944911 0.929476 0.968701 0.980946 0.979639 0.957513 0.939760 0.929709 0.921079 0.970856 0.959572 0.974248 0.975689 0.968337 0.968517 0.916903 0.887070 0.894810 
62 vad:0.999566
gains: 0.984043 0.995182 0.999351 0.999149 0.995686 0.995457 0.989744 0.989788 0.988992 0.993998 0.989458 0.978584 0.986141 0.977828 0.963704 0.959036 0.989788 0.989475 0.978508 0.952590 0.959336 0.977684 0.977959 0.980734 0.982940 0.987888 0.987090 0.981736 0.969165 0.938197 0.963513 0.965485 
63 vad:0.999632
gains: 0.970156 0.994997 0.998651 0.995217 0.996029 0.996191 0.994257 0.994971 0.996539 0.994241 0.994126 0.987085 0.987552 0.984638 0.964799 0.963630 0.991861 0.997512 0.993806 0.974207 0.973367 0.964078 0.980677 0.983882 0.984443 0.991398 0.978078 0.988154 0.989900 0.978146 0.980815 0.957143 
64 vad:0.999803
gains: 0.989726 0.998041 0.998968 0.997064 0.998544 0.998291 0.998273 0.997741 0.997585 0.995559 0.996123 0.991435 0.979589 0.986155 0.974613 0.968227 0.994395 0.998270 0.995327 0.992614 0.985015 0.984866 0.994991 0.994370 0.994021 0.993647 0.990841 0.996679 0.994188 0.976022 0.979612 0.965297 
65 vad:0.999635
gains: 0.992453 0.998930 0.998755 0.993517 0.997783 0.997376 0.995895 0.997197 0.996907 0.997586 0.997620 0.993990 0.984698 0.991133 0.979944 0.966392 0.995348 0.996594 0.995972 0.995360 0.981452 0.990667 0.992459 0.992448 0.992154 0.992265 0.988134 0.994143 0.986246 0.963149 0.955922 0.971229 
66 vad:0.999732
gains: 0.991790 0.998347 0.998527 0.993966 0.998354 0.998369 0.998492 0.997434 0.995788 0.996660 0.996932 0.989562 0.983968 0.984749 0.980354 0.981281 0.995633 0.997268 0.992215 0.988081 0.991195 0.964840 0.973438 0.970762 0.972458 0.990073 0.991772 0.993375 0.990553 0.970844 0.963844 0.960234 
67 vad:0.999364
gains: 0.991143 0.998184 0.997510 0.991533 0.998385 0.998702 0.998669 0.997270 0.996327 0.996023 0.997588 0.994380 0.990821 0.993753 0.984977 0.982636 0.995640 0.996816 0.993957 0.989975 0.989138 0.987488 0.985976 0.988163 0.986429 0.996020 0.993813 0.993014 0.993935 0.980378 0.956041 0.974971 
68 vad:0.999489
gains: 0.990374 0.998211 0.998238 0.994785 0.998036 0.998490 0.997223 0.996130 0.997119 0.995417 0.996221 0.993949 0.993381 0.995191 0.985385 0.986010 0.989162 0.991962 0.990921 0.995564 0.995010 0.994598 0.994442 0.995363 0.994245 0.998502 0.997686 0.997259 0.996980 0.987806 0.967575 0.984645 
69 vad:0.999211
gains: 0.990468 0.998192 0.998149 0.997583 0.997290 0.998143 0.996232 0.996308 0.996286 0.994472 0.996025 0.980953 0.979623 0.988142 0.958147 0.944609 0.977601 0.965682 0.969836 0.987391 0.984516 0.984866 0.977656 0.986736 0.988772 0.991959 0.991511 0.991650 0.990793 0.981481 0.946048 0.978069 
70 vad:0.983266
gains: 0.996941 0.998086 0.995806 0.986360 0.991523 0.998205 0.994228 0.994248 0.997219 0.998205 0.995019 0.989737 0.989195 0.986479 0.976900 0.975425 0.986207 0.989671 0.985118 0.989118 0.979508 0.987753 0.993477 0.994777 0.995079 0.994397 0.994455 0.991708 0.994473 0.991843 0.985254 0.985038 
71 vad:0.908208
gains: 0.997931 0.997293 0.995857 0.981114 0.984973 0.992921 0.977431 0.975591 0.984849 0.985382 0.984350 0.976505 0.911483 0.860851 0.883119 0.894735 0.916350 0.958460 0.948003 0.876819 0.792172 0.755385 0.855002 0.800252 0.669017 0.593507 0.616582 0.618736 0.697948 0.585174 0.627141 0.736143 
72 vad:0.946605
gains: 0.984373 0.980936 0.942799 0.935978 0.950921 0.977619 0.946410 0.913716 0.930651 0.941055 0.950969 0.971348 0.972257 0.968809 0.960509 0.907154 0.939028 0.936615 0.929692 0.897393 0.759652 0.776286 0.925838 0.866726 0.721502 0.760917 0.753196 0.876316 0.832373 0.838962 0.841842 0.897866 
73 vad:0.990787
gains: 0.982475 0.971138 0.954505 0.967127 0.965468 0.967064 0.936594 0.975312 0.980198 0.980895 0.980779 0.959782 0.935801 0.941477 0.964578 0.938684 0.940552 0.919506 0.877666 0.684371 0.801387 0.783446 0.696951 0.717211 0.831814 0.927782 0.956723 0.956799 0.903609 0.906239 0.852343 0.862724 
74 vad:0.998125
gains: 0.980998 0.992622 0.996259 0.992509 0.993316 0.996504 0.986561 0.989659 0.967807 0.989136 0.988535 0.987203 0.983517 0.987915 0.979395 0.974826 0.986140 0.974403 0.920331 0.946875 0.959908 0.955527 0.951483 0.952727 0.966280 0.981679 0.978228 0.981978 0.970987 0.918323 0.847561 0.922471 
75 vad:0.999399
gains: 0.915737 0.987736 0.996387 0.987678 0.990901 0.995229 0.996854 0.996886 0.996734 0.992114 0.986376 0.992244 0.994544 0.995111 0.989441 0.986264 0.990882 0.986147 0.968165 0.960283 0.944491 0.959106 0.965403 0.957882 0.951721 0.980416 0.951683 0.972392 0.973609 0.900007 0.785748 0.944949 
76 vad:0.999046
gains: 0.985918 0.988622 0.998119 0.990437 0.983930 0.995026 0.995922 0.996596 0.995712 0.989899 0.989785 0.993369 0.993572 0.995965 0.991670 0.990175 0.987895 0.986580 0.977105 0.965286 0.936733 0.965611 0.978774 0.972705 0.951410 0.983146 0.962492 0.980384 0.980936 0.934815 0.874141 0.964572 
77 vad:0.998011
gains: 0.980120 0.993943 0.998969 0.996394 0.994366 0.997427 0.996504 0.997314 0.998521 0.996563 0.996372 0.997972 0.995772 0.996416 0.993997 0.994019 0.991946 0.992297 0.990444 0.984699 0.974854 0.973144 0.981748 0.970089 0.958273 0.991458 0.988337 0.986035 0.986288 0.965091 0.954459 0.984620 
78 vad:0.998677
gains: 0.958797 0.989388 0.998418 0.995774 0.994768 0.997896 0.997903 0.995855 0.996521 0.996036 0.996852 0.996538 0.996550 0.988425 0.979860 0.989030 0.993301 0.991861 0.991245 0.990037 0.967715 0.939634 0.950387 0.965695 0.952011 0.972306 0.959124 0.954788 0.958783 0.935632 0.893639 0.956939 
79 vad:0.998488
gains: 0.961205 0.993466 0.997912 0.992395 0.992207 0.997598 0.996018 0.986400 0.991307 0.985790 0.994226 0.991608 0.982683 0.971050 0.969850 0.981453 0.977712 0.979957 0.976061 0.936453 0.893128 0.851552 0.797357 0.851990 0.753748 0.813016 0.644850 0.534870 0.530155 0.304487 0.293393 0.629450 
80 vad:0.997657
gains: 0.960950 0.987375 0.994894 0.987875 0.992554 0.995590 0.994206 0.990164 0.995778 0.986010 0.972842 0.976151 0.977185 0.945756 0.929828 0.946251 0.958987 0.947505 0.937884 0.864288 0.822283 0.799546 0.722720 0.726920 0.662457 0.691851 0.418369 0.291174 0.275385 0.164875 0.169652 0.470318 
81 vad:0.992710
gains: 0.982094 0.988196 0.993173 0.993646 0.983447 0.992146 0.995897 0.994718 0.983042 0.973964 0.973263 0.913507 0.898034 0.869957 0.882271 0.873178 0.852956 0.838836 0.870104 0.520942 0.523910 0.429326 0.448109 0.508124 0.417493 0.258538 0.123369 0.127722 0.112466 0.100767 0.162281 0.435301 
82 vad:0.976339
gains: 0.993935 0.958125 0.988902 0.955433 0.945788 0.992020 0.963956 0.962995 0.978788 0.974184 0.923064 0.898752 0.808170 0.640986 0.651623 0.720600 0.764929 0.747092 0.754275 0.304122 0.199835 0.224992 0.394644 0.567887 0.513531 0.332023 0.173479 0.118762 0.162036 0.100875 0.163978 0.328994 
83 vad:0.938924
gains: 0.952332 0.859004 0.844275 0.840337 0.853466 0.929145 0.866037 0.870450 0.957127 0.896688 0.820054 0.683593 0.727438 0.737589 0.640730 0.590662 0.611811 0.634457 0.744172 0.445007 0.104035 0.174890 0.429878 0.514161 0.603912 0.726509 0.382017 0.260555 0.401264 0.313117 0.380573 0.426352 
84 vad:0.900494
gains: 0.961571 0.851109 0.751867 0.784835 0.933476 0.941271 0.877462 0.809943 0.870989 0.814177 0.794832 0.695351 0.719177 0.797285 0.693018 0.679546 0.756112 0.673373 0.749184 0.709641 0.483145 0.106059 0.094875 0.285195 0.310102 0.598188 0.641777 0.652346 0.534562 0.305589 0.336044 0.522857 
85 vad:0.996210
gains: 0.869158 0.918086 0.938159 0.918108 0.912572 0.909236 0.919674 0.907646 0.954286 0.913824 0.946205 0.861649 0.739783 0.726537 0.531627 0.497341 0.696588 0.664741 0.580008 0.711233 0.634674 0.146113 0.140902 0.545576 0.270880 0.424964 0.541929 0.489447 0.453245 0.305237 0.338014 0.526982 
86 vad:0.999530
gains: 0.937976 0.996236 0.996122 0.988635 0.996315 0.993636 0.956901 0.971687 0.975539 0.993557 0.987225 0.982904 0.979749 0.954804 0.925210 0.906090 0.978836 0.981426 0.947951 0.871168 0.774145 0.829716 0.836877 0.890320 0.590797 0.687242 0.724180 0.724090 0.539371 0.505702 0.586835 0.475823 
87 vad:0.999843
gains: 0.958689 0.997021 0.998225 0.995194 0.997393 0.996071 0.992599 0.987589 0.994196 0.996763 0.992479 0.983726 0.991322 0.986659 0.970241 0.961083 0.995022 0.996321 0.992604 0.974374 0.959836 0.964753 0.988344 0.982351 0.959172 0.957932 0.889144 0.952620 0.797540 0.723696 0.769259 0.759653 
88 vad:0.999847
gains: 0.980980 0.997719 0.996873 0.987893 0.997371 0.996725 0.994649 0.992534 0.995546 0.994100 0.992277 0.989123 0.991835 0.983690 0.989992 0.980807 0.997170 0.998841 0.997720 0.993059 0.962249 0.976520 0.993020 0.987554 0.976426 0.958630 0.920472 0.973026 0.927178 0.873999 0.892811 0.779156 
89 vad:0.999782
gains: 0.991039 0.998557 0.998361 0.993630 0.998921 0.998383 0.996039 0.996433 0.997378 0.997792 0.996549 0.994445 0.994754 0.992610 0.993152 0.990936 0.997814 0.999162 0.997480 0.996821 0.989314 0.979149 0.994437 0.995924 0.991641 0.981774 0.967772 0.981068 0.961956 0.932257 0.931159 0.873383 
90 vad:0.999740
gains: 0.979877 0.998054 0.997064 0.991579 0.998393 0.997596 0.995959 0.994917 0.994190 0.991321 0.989109 0.987914 0.993056 0.989851 0.985376 0.984987 0.994544 0.997879 0.994803 0.994805 0.987397 0.972204 0.989024 0.981685 0.979975 0.983366 0.974327 0.986340 0.965930 0.923000 0.915888 0.917051 
91 vad:0.999320
gains: 0.988614 0.997804 0.995570 0.983068 0.988633 0.991309 0.930157 0.941441 0.956242 0.967245 0.925592 0.936318 0.944236 0.953220 0.920734 0.853801 0.924345 0.961065 0.911914 0.777653 0.686917 0.638089 0.839282 0.845736 0.658392 0.815793 0.840539 0.843490 0.865938 0.630300 0.602898 0.631835 
92 vad:0.999667
gains: 0.975029 0.987416 0.988285 0.929133 0.951667 0.948861 0.738307 0.754339 0.809931 0.866075 0.868883 0.763085 0.844739 0.823399 0.804951 0.724330 0.669027 0.831102 0.758673 0.444204 0.277734 0.172892 0.352898 0.524978 0.255624 0.243011 0.298124 0.351751 0.472965 0.262881 0.326008 0.367129 
93 vad:0.999616
gains: 0.980819 0.992683 0.992257 0.976411 0.990808 0.982181 0.983262 0.970379 0.988300 0.984705 0.978858 0.976202 0.988349 0.990103 0.985037 0.982152 0.987690 0.991967 0.988027 0.975836 0.935713 0.889126 0.916282 0.898000 0.797922 0.839281 0.811653 0.898746 0.852061 0.776918 0.826072 0.785530 
94 vad:0.999903
gains: 0.971625 0.995039 0.994837 0.961726 0.988348 0.994578 0.996260 0.996877 0.993564 0.993244 0.994754 0.996689 0.995759 0.997864 0.989717 0.989929 0.997094 0.997407 0.995301 0.995136 0.979330 0.976162 0.983083 0.970722 0.976428 0.938929 0.871567 0.965267 0.930422 0.826596 0.811327 0.877704 
95 vad:0.999756
gains: 0.974380 0.996451 0.996309 0.986067 0.995067 0.995822 0.996341 0.996882 0.993580 0.993625 0.994894 0.996122 0.996184 0.994584 0.985114 0.990065 0.991270 0.992878 0.993844 0.989223 0.974013 0.965314 0.980658 0.971499 0.909080 0.960286 0.943944 0.950409 0.909915 0.814013 0.830014 0.898356 
96 vad:0.999595
gains: 0.978994 0.995577 0.993988 0.980102 0.995684 0.995240 0.987308 0.993009 0.984486 0.984732 0.987800 0.993806 0.993169 0.988933 0.969569 0.974055 0.973611 0.967852 0.992882 0.982780 0.951065 0.934401 0.947401 0.950122 0.923605 0.958105 0.958806 0.964307 0.946390 0.899443 0.871820 0.832896 
97 vad:0.999633
gains: 0.973337 0.995514 0.995981 0.975653 0.974389 0.987158 0.946152 0.969613 0.985408 0.978807 0.988961 0.986578 0.950337 0.927072 0.939897 0.889298 0.902163 0.940385 0.959747 0.952456 0.823173 0.756250 0.823121 0.826901 0.775549 0.790562 0.816276 0.840621 0.891312 0.863344 0.861395 0.789518 
98 vad:0.999656
gains: 0.969232 0.996191 0.997154 0.976873 0.991694 0.994333 0.989078 0.956617 0.971343 0.965973 0.971482 0.969876 0.971976 0.885412 0.883839 0.923775 0.946339 0.928046 0.915604 0.901205 0.885318 0.709922 0.630827 0.841126 0.707601 0.719261 0.694153 0.649286 0.681903 0.711873 0.835198 0.729264 
99 vad:0.999753
gains: 0.978864 0.995940 0.997467 0.987751 0.995135 0.998081 0.995661 0.991069 0.994471 0.984434 0.987334 0.981948 0.960786 0.973246 0.943620 0.959507 0.982058 0.979468 0.953689 0.964031 0.963839 0.963471 0.931291 0.931122 0.892194 0.944836 0.883979 0.882252 0.909092 0.858454 0.907722 0.928982 
100 vad:0.999284
gains: 0.977297 0.996467 0.995216 0.977027 0.995189 0.995337 0.989813 0.986762 0.989624 0.974008 0.987222 0.984246 0.965025 0.982032 0.957843 0.956816 0.975504 0.965334 0.970289 0.965688 0.981930 0.985034 0.985655 0.974775 0.962022 0.976844 0.955446 0.938690 0.934444 0.947992 0.950444 0.949576 
101 vad:0.996825
gains: 0.985763 0.997757 0.997330 0.992747 0.994158 0.997374 0.993585 0.994917 0.992358 0.992840 0.986996 0.984074 0.970617 0.944053 0.928989 0.926577 0.975382 0.960435 0.964128 0.984157 0.981589 0.978697 0.986886 0.989104 0.983842 0.985260 0.967402 0.959053 0.965458 0.963456 0.928007 0.848428 
102 vad:0.994068
gains: 0.989248 0.990468 0.987517 0.952264 0.935558 0.986270 0.981066 0.954636 0.963319 0.977657 0.960425 0.962443 0.939803 0.907100 0.810993 0.810599 0.894529 0.891505 0.818154 0.875614 0.834423 0.912524 0.952775 0.892233 0.848138 0.891527 0.902879 0.886456 0.903743 0.889613 0.808249 0.738418 
103 vad:0.992745
gains: 0.968534 0.959786 0.937017 0.561590 0.842496 0.971322 0.924087 0.670740 0.520142 0.443233 0.492843 0.557884 0.408158 0.203317 0.146945 0.196403 0.162038 0.234138 0.277873 0.160063 0.180273 0.031282 0.021276 0.090384 0.025781 0.016821 0.014046 0.016641 0.051370 0.085820 0.115313 0.363922 
104 vad:0.932858
gains: 0.790783 0.896413 0.705875 0.419060 0.693262 0.758006 0.405999 0.338139 0.443802 0.302721 0.420032 0.429780 0.338403 0.389557 0.527788 0.476768 0.415283 0.475289 0.336329 0.212861 0.139098 0.079385 0.064056 0.164252 0.142252 0.192713 0.065238 0.075887 0.133016 0.143896 0.190513 0.357525 
105 vad:0.964127
gains: 0.934018 0.814133 0.774621 0.747636 0.855381 0.844719 0.836365 0.765505 0.556361 0.526087 0.675418 0.737955 0.776074 0.710690 0.722190 0.654101 0.776717 0.772288 0.784718 0.773821 0.691091 0.721877 0.638720 0.644767 0.720549 0.741047 0.635986 0.693656 0.772925 0.786223 0.676423 0.643597 
106 vad:0.915952
gains: 0.867095 0.970752 0.917568 0.892971 0.790286 0.900252 0.897476 0.877446 0.772595 0.864276 0.914579 0.898139 0.849666 0.753732 0.760829 0.684522 0.786683 0.832404 0.803791 0.781352 0.808002 0.886611 0.871414 0.722630 0.735996 0.775520 0.656265 0.710321 0.725652 0.720921 0.580615 0.610982 
107 vad:0.967372
gains: 0.934982 0.955622 0.957481 0.978717 0.973086 0.979709 0.950815 0.903898 0.941567 0.985800 0.989206 0.984798 0.979452 0.969196 0.954018 0.895974 0.941104 0.944205 0.962223 0.920107 0.916762 0.867512 0.889017 0.918244 0.845977 0.786290 0.805575 0.810212 0.844899 0.818783 0.615410 0.679739 
108 vad:0.996535
gains: 0.968856 0.986502 0.986770 0.966586 0.989829 0.995747 0.968413 0.890128 0.935317 0.954510 0.960772 0.912177 0.925646 0.891620 0.813496 0.756544 0.761006 0.697452 0.761548 0.571814 0.408654 0.583577 0.726827 0.564850 0.490388 0.380364 0.213618 0.221550 0.242377 0.179905 0.146362 0.429266 
109 vad:0.999701
gains: 0.936886 0.987895 0.988949 0.969823 0.985289 0.985752 0.982628 0.961921 0.957946 0.972729 0.978132 0.988970 0.988787 0.961824 0.915864 0.878849 0.904624 0.893767 0.848113 0.801426 0.634839 0.627064 0.747582 0.694909 0.591194 0.833432 0.682567 0.709832 0.672174 0.467875 0.307236 0.726489 
110 vad:0.999157
gains: 0.910787 0.984876 0.979001 0.899318 0.978712 0.972577 0.976740 0.973267 0.910407 0.954018 0.969705 0.954826 0.943886 0.878232 0.705904 0.563825 0.608730 0.457994 0.514005 0.324791 0.226507 0.262545 0.435657 0.424224 0.300001 0.525861 0.348198 0.421655 0.405837 0.222743 0.168988 0.581235 
111 vad:0.998464
gains: 0.949291 0.991590 0.988084 0.936948 0.986971 0.990699 0.965765 0.961922 0.903253 0.906895 0.926550 0.925082 0.912342 0.740945 0.600501 0.521815 0.740676 0.800456 0.590172 0.196934 0.242156 0.323409 0.410841 0.330040 0.287376 0.584247 0.467677 0.511170 0.364749 0.205002 0.199418 0.510221 
112 vad:0.999718
gains: 0.975949 0.995935 0.996884 0.990575 0.997276 0.995209 0.990127 0.988620 0.996194 0.994252 0.984690 0.980076 0.983104 0.956596 0.912415 0.934902 0.988568 0.991899 0.982468 0.917909 0.819790 0.897385 0.879028 0.911998 0.917830 0.867440 0.822843 0.866645 0.717481 0.744856 0.834890 0.821573 
113 vad:0.999642
gains: 0.955497 0.995190 0.995072 0.983120 0.997673 0.997011 0.993507 0.985056 0.981812 0.993411 0.990883 0.994542 0.990516 0.979562 0.973279 0.950035 0.981022 0.990721 0.963273 0.781669 0.564576 0.782740 0.841674 0.888268 0.909956 0.824471 0.797952 0.915317 0.779856 0.710876 0.836807 0.737958 
114 vad:0.999732
gains: 0.943876 0.993424 0.990776 0.956845 0.991773 0.989301 0.979353 0.987824 0.963318 0.978766 0.983914 0.919849 0.922176 0.867617 0.714236 0.693086 0.907576 0.946382 0.746131 0.276984 0.108924 0.090465 0.186303 0.287429 0.214108 0.371554 0.289488 0.599272 0.607315 0.470990 0.691590 0.481531 
115 vad:0.999732
gains: 0.940327 0.992069 0.989163 0.930893 0.984362 0.987263 0.982638 0.984199 0.971262 0.983065 0.977384 0.984305 0.974662 0.901763 0.768638 0.593797 0.906462 0.955892 0.878042 0.324448 0.203492 0.213434 0.530364 0.466845 0.373830 0.666407 0.584897 0.689944 0.698444 0.607728 0.727632 0.582949 
116 vad:0.999703
gains: 0.950067 0.992118 0.993096 0.986257 0.993729 0.992574 0.984277 0.976232 0.980689 0.989989 0.987644 0.986300 0.990756 0.971627 0.838728 0.693676 0.907498 0.861955 0.813989 0.655864 0.455465 0.378822 0.649842 0.797816 0.589580 0.632803 0.572062 0.734622 0.792443 0.745364 0.791113 0.648038 
117 vad:0.994901
gains: 0.974468 0.991810 0.989961 0.965753 0.994335 0.991447 0.976660 0.935436 0.935326 0.961674 0.983764 0.992897 0.990100 0.959399 0.885008 0.874717 0.941890 0.955367 0.927012 0.896742 0.896898 0.925083 0.946295 0.949708 0.931051 0.922273 0.924369 0.877775 0.909354 0.880671 0.818896 0.897734 
118 vad:0.951157
gains: 0.983208 0.978640 0.983993 0.955741 0.944136 0.986357 0.945853 0.951076 0.984591 0.982436 0.980588 0.982253 0.983754 0.966480 0.927575 0.925371 0.966316 0.984345 0.972824 0.960117 0.924401 0.948381 0.987418 0.986560 0.974367 0.950099 0.973651 0.969206 0.968793 0.958033 0.886439 0.953243 
119 vad:0.994948
gains: 0.896676 0.957260 0.905320 0.898886 0.951511 0.974656 0.936948 0.904947 0.948848 0.978164 0.971674 0.966058 0.972413 0.978711 0.939754 0.946303 0.966860 0.969249 0.973131 0.959006 0.918112 0.957148 0.982246 0.971013 0.936281 0.910646 0.956696 0.972829 0.966539 0.958347 0.920669 0.945796 
120 vad:0.998828
gains: 0.895188 0.987699 0.993597 0.985206 0.987867 0.990313 0.941883 0.949376 0.914952 0.928874 0.949213 0.960309 0.945486 0.919209 0.925356 0.918101 0.945241 0.911940 0.830785 0.832173 0.664521 0.806498 0.966323 0.940993 0.841798 0.853230 0.906493 0.949006 0.952383 0.943289 0.935874 0.884892 
121 vad:0.999675
gains: 0.903734 0.987996 0.992902 0.987549 0.994462 0.995554 0.992137 0.960316 0.887485 0.932780 0.940801 0.966217 0.987584 0.969262 0.950899 0.934519 0.961910 0.954682 0.875700 0.863975 0.803339 0.768146 0.901823 0.894736 0.805186 0.898511 0.900664 0.949612 0.914547 0.906694 0.900976 0.934217 
122 vad:0.999455
gains: 0.944327 0.994062 0.993132 0.984217 0.996324 0.994707 0.991873 0.977681 0.972997 0.985736 0.990046 0.993505 0.958875 0.967316 0.922764 0.873665 0.929117 0.946446 0.863268 0.773942 0.645670 0.653661 0.871610 0.852465 0.742192 0.931224 0.918361 0.940577 0.891509 0.787660 0.875276 0.904669 
123 vad:0.998477
gains: 0.959652 0.995725 0.994313 0.989184 0.996018 0.990730 0.987114 0.988556 0.988797 0.993755 0.993090 0.989587 0.994882 0.974020 0.962605 0.941612 0.940254 0.948746 0.940692 0.905497 0.755478 0.670885 0.841027 0.898771 0.802907 0.883444 0.757951 0.843977 0.925653 0.859021 0.870226 0.827277 
124 vad:0.999348
gains: 0.957537 0.992969 0.991643 0.970293 0.994669 0.993478 0.973640 0.962445 0.962091 0.972989 0.982160 0.984835 0.983335 0.965169 0.945527 0.850164 0.925001 0.922769 0.863703 0.818568 0.592513 0.598847 0.744325 0.716924 0.569312 0.915984 0.924263 0.925968 0.943711 0.919684 0.875299 0.778906 
125 vad:0.994564
gains: 0.987694 0.997207 0.996093 0.989075 0.996244 0.990788 0.986315 0.952764 0.972341 0.981725 0.972092 0.972525 0.975375 0.956857 0.923867 0.803338 0.861408 0.889187 0.845848 0.773809 0.572946 0.521459 0.537044 0.643780 0.509697 0.252211 0.143880 0.252369 0.341436 0.448727 0.479603 0.584176 
126 vad:0.977307
gains: 0.989377 0.993914 0.993129 0.983758 0.976260 0.980515 0.962009 0.963903 0.969285 0.973721 0.969832 0.962563 0.955856 0.974482 0.944360 0.868815 0.857845 0.924043 0.827544 0.686103 0.814218 0.872370 0.864692 0.918564 0.791624 0.632717 0.546977 0.438331 0.485342 0.467597 0.471443 0.727348 
127 vad:0.973103
gains: 0.963372 0.970843 0.933705 0.936313 0.931621 0.938790 0.913309 0.913331 0.948536 0.965427 0.967289 0.965295 0.973584 0.975153 0.957210 0.941390 0.947656 0.970236 0.960850 0.752224 0.918361 0.953035 0.968863 0.977861 0.924551 0.766462 0.680130 0.688749 0.812496 0.824763 0.808713 0.900892 
128 vad:0.983186
gains: 0.941767 0.935114 0.831213 0.910543 0.955554 0.965547 0.946802 0.937383 0.940718 0.974151 0.978042 0.992209 0.985980 0.985428 0.985206 0.971825 0.985873 0.991678 0.984221 0.938882 0.929852 0.924022 0.953997 0.982692 0.951559 0.818496 0.780073 0.843231 0.877747 0.899039 0.900741 0.967795 
129 vad:0.973034
gains: 0.955928 0.922254 0.819598 0.937462 0.954596 0.951402 0.916472 0.935914 0.936113 0.986051 0.976364 0.988498 0.991921 0.987973 0.986046 0.971519 0.979160 0.985813 0.971759 0.913912 0.874978 0.938399 0.968563 0.971727 0.930862 0.913794 0.825440 0.848602 0.910090 0.905456 0.902939 0.979815 
130 vad:0.892987
gains: 0.940820 0.921663 0.890154 0.950354 0.951781 0.928632 0.852822 0.917193 0.931140 0.982063 0.982334 0.988092 0.991648 0.994271 0.986917 0.962032 0.980675 0.984054 0.981143 0.962781 0.940661 0.947488 0.967601 0.973013 0.959123 0.930341 0.876313 0.901865 0.945398 0.963807 0.969209 0.954809 
131 vad:0.690728
gains: 0.954736 0.922745 0.885544 0.905164 0.881477 0.833540 0.830698 0.795830 0.890127 0.922637 0.922119 0.950117 0.916887 0.937236 0.906282 0.791970 0.904691 0.935802 0.951831 0.944915 0.929078 0.882544 0.881471 0.907748 0.885930 0.865735 0.900328 0.931122 0.945306 0.954439 0.937913 0.898886 
132 vad:0.479177
gains: 0.903014 0.909375 0.917050 0.807322 0.753643 0.773622 0.728358 0.654018 0.731712 0.757200 0.803017 0.811361 0.818786 0.827508 0.817643 0.717673 0.804857 0.863512 0.871063 0.855802 0.841069 0.829789 0.845111 0.867246 0.841879 0.841865 0.851202 0.877971 0.872757 0.890060 0.868698 0.827008 
133 vad:0.329679
gains: 0.836625 0.830601 0.835517 0.684899 0.673050 0.675740 0.641435 0.558323 0.600075 0.644896 0.729048 0.715070 0.685188 0.710654 0.733109 0.631414 0.698822 0.789416 0.803338 0.760555 0.757903 0.763983 0.777914 0.793939 0.763288 0.774555 0.762728 0.792286 0.798990 0.822241 0.809062 0.780416 
134 vad:0.166908
gains: 0.746207 0.736543 0.719861 0.557645 0.568135 0.592483 0.573052 0.508137 0.524015 0.552713 0.624938 0.602756 0.568475 0.606870 0.645211 0.556363 0.627923 0.712387 0.725651 0.654541 0.678680 0.707963 0.724991 0.746422 0.715057 0.711551 0.666106 0.701312 0.706489 0.757445 0.732713 0.677698 
135 vad:0.063281
gains: 0.663038 0.653496 0.624538 0.461449 0.492535 0.533103 0.525496 0.462319 0.469014 0.495970 0.562712 0.541697 0.507151 0.548298 0.589539 0.520625 0.591371 0.671636 0.663928 0.576361 0.604446 0.644277 0.670906 0.690321 0.658555 0.658351 0.600256 0.631226 0.635307 0.680056 0.662415 0.578189 
136 vad:0.028256
gains: 0.594850 0.570908 0.543947 0.417855 0.462182 0.516834 0.512049 0.449621 0.462307 0.489990 0.539693 0.511209 0.487485 0.516557 0.556705 0.493021 0.563084 0.639549 0.628618 0.530261 0.566110 0.599073 0.627404 0.653704 0.618200 0.616584 0.557496 0.579117 0.583246 0.628902 0.616935 0.517306 
137 vad:0.015971
gains: 0.562003 0.533971 0.509130 0.411834 0.467474 0.526865 0.515704 0.452225 0.472476 0.498840 0.530979 0.498194 0.485654 0.502331 0.539278 0.478020 0.546770 0.617251 0.608806 0.501024 0.543152 0.564550 0.593172 0.629109 0.588357 0.584365 0.524989 0.541435 0.548339 0.590653 0.588894 0.476488 
138 vad:0.010475
gains: 0.543558 0.518672 0.497263 0.421031 0.483238 0.539371 0.521075 0.455801 0.485009 0.511359 0.528818 0.494076 0.490198 0.499224 0.533097 0.475134 0.541712 0.605908 0.603331 0.491874 0.536963 0.555421 0.581124 0.617903 0.570967 0.567732 0.507111 0.518535 0.527448 0.564091 0.569002 0.448404 
139 vad:0.007553
gains: 0.533445 0.511611 0.491131 0.429915 0.496380 0.546667 0.519935 0.454084 0.493457 0.520208 0.525290 0.488118 0.490344 0.493651 0.526841 0.473604 0.540080 0.598535 0.600761 0.486668 0.535351 0.555019 0.577058 0.612614 0.560445 0.558004 0.495090 0.502526 0.512316 0.544412 0.553716 0.428772 
140 vad:0.005860
gains: 0.532024 0.512642 0.493728 0.442306 0.511069 0.555376 0.521439 0.457948 0.508750 0.535513 0.529069 0.488876 0.495142 0.494614 0.525257 0.475565 0.544475 0.598556 0.603486 0.487910 0.537509 0.561334 0.579748 0.610600 0.554435 0.555257 0.490040 0.493321 0.503249 0.530410 0.542102 0.413639 
141 vad:0.004783
gains: 0.535528 0.517824 0.500382 0.454922 0.523266 0.561791 0.521853 0.459892 0.519103 0.545366 0.531202 0.488719 0.496718 0.493865 0.523034 0.475923 0.545365 0.595902 0.604502 0.489007 0.539446 0.566791 0.582499 0.610484 0.551571 0.554582 0.486494 0.486544 0.495987 0.519723 0.531816 0.401619 
142 vad:0.004050
gains: 0.538602 0.521574 0.504475 0.462880 0.529940 0.564309 0.520639 0.460632 0.528448 0.553435 0.531540 0.487233 0.497436 0.493065 0.520717 0.476445 0.548295 0.595959 0.606579 0.489659 0.539696 0.572938 0.587759 0.612252 0.550718 0.555756 0.484230 0.481256 0.489963 0.510406 0.523520 0.391770 
143 vad:0.003421
gains: 0.542886 0.524929 0.507993 0.468635 0.534594 0.565535 0.519375 0.460746 0.534056 0.556448 0.529141 0.483732 0.495506 0.490566 0.517010 0.473387 0.544423 0.589063 0.603465 0.487553 0.537811 0.573473 0.586934 0.610782 0.548336 0.553791 0.479546 0.473859 0.481820 0.500029 0.513926 0.381277 
144 vad:0.002988
gains: 0.546562 0.527334 0.510612 0.473833 0.539063 0.566281 0.518043 0.461124 0.539761 0.559556 0.528167 0.482324 0.494907 0.489599 0.514697 0.471560 0.543373 0.586908 0.605034 0.487761 0.536754 0.575818 0.588616 0.611154 0.548037 0.554036 0.476893 0.469243 0.475998 0.492434 0.506482 0.373131 
145 vad:0.002617
gains: 0.549321 0.530007 0.514014 0.477158 0.540484 0.564924 0.516247 0.460877 0.543059 0.559269 0.524264 0.478199 0.491796 0.486693 0.510160 0.466878 0.537980 0.579884 0.601572 0.484937 0.534086 0.574858 0.587022 0.610719 0.548403 0.553886 0.474005 0.465102 0.470956 0.486646 0.501521 0.367760 
146 vad:0.002389
gains: 0.552946 0.530278 0.511694 0.475959 0.538899 0.562303 0.514074 0.459344 0.544568 0.557718 0.521268 0.475961 0.490375 0.485779 0.507903 0.463378 0.533262 0.573629 0.600236 0.482803 0.529402 0.571924 0.583031 0.608018 0.546637 0.551034 0.469032 0.460300 0.464773 0.480259 0.494902 0.361006 
147 vad:0.002111
gains: 0.553235 0.530188 0.511749 0.477224 0.540936 0.562681 0.512534 0.457763 0.545068 0.555823 0.518394 0.473877 0.489160 0.484865 0.505566 0.459936 0.528557 0.568098 0.598562 0.480900 0.526695 0.569963 0.580239 0.607180 0.547151 0.550309 0.466188 0.456575 0.459853 0.474457 0.489745 0.355727 
148 vad:0.001919
gains: 0.554714 0.530167 0.510517 0.476772 0.540461 0.560380 0.510318 0.457364 0.545825 0.552352 0.514104 0.471014 0.487367 0.484031 0.503863 0.456404 0.524044 0.562847 0.597112 0.478627 0.522019 0.565967 0.576798 0.606311 0.547231 0.547612 0.461045 0.451649 0.454472 0.469807 0.485640 0.352088 
149 vad:0.001745
gains: 0.552866 0.526812 0.506747 0.474898 0.539482 0.558002 0.507838 0.454727 0.544765 0.549886 0.512287 0.469842 0.486183 0.482851 0.500761 0.451103 0.516553 0.554702 0.593744 0.476698 0.518108 0.560789 0.570928 0.603717 0.547512 0.546721 0.459070 0.450072 0.451709 0.466888 0.483075 0.349232 
150 vad:0.001576
gains: 0.552848 0.524707 0.503791 0.473246 0.537337 0.554523 0.505509 0.453558 0.543710 0.545419 0.508712 0.468175 0.484025 0.480625 0.497089 0.444453 0.509155 0.548018 0.590822 0.473335 0.512219 0.554996 0.566671 0.601818 0.546672 0.543493 0.454275 0.445062 0.446235 0.462085 0.478816 0.345049 
151 vad:0.001487
gains: 0.552281 0.522611 0.499501 0.470649 0.534853 0.551756 0.503745 0.452287 0.543163 0.542632 0.507175 0.468141 0.484023 0.480542 0.494428 0.439191 0.502883 0.542092 0.587760 0.470544 0.507731 0.549558 0.561725 0.600279 0.546624 0.540148 0.449986 0.442036 0.442518 0.459695 0.476182 0.342419 
152 vad:0.001347
gains: 0.551564 0.521424 0.497674 0.469263 0.534646 0.549866 0.501874 0.450241 0.540195 0.537889 0.503929 0.466544 0.482915 0.479678 0.491905 0.433933 0.497351 0.536987 0.585714 0.468932 0.503375 0.544186 0.558473 0.600931 0.548903 0.539919 0.448418 0.440631 0.440750 0.458641 0.475742 0.341017 
153 vad:0.001253
gains: 0.549587 0.518678 0.495137 0.467567 0.533076 0.548038 0.500225 0.449806 0.540215 0.535760 0.503330 0.466781 0.481546 0.476903 0.488249 0.429666 0.492540 0.531596 0.582673 0.466940 0.499347 0.539286 0.553999 0.598576 0.548646 0.538185 0.446202 0.438875 0.438604 0.456775 0.474316 0.339724 
154 vad:0.001176
gains: 0.549592 0.517217 0.491438 0.465662 0.531595 0.545397 0.498427 0.448763 0.539287 0.533214 0.501836 0.466562 0.481667 0.476472 0.485110 0.424550 0.486942 0.527438 0.580333 0.464396 0.494433 0.533315 0.550445 0.597984 0.549159 0.537241 0.444837 0.437901 0.437466 0.455544 0.472907 0.337581 
155 vad:0.001100
gains: 0.549692 0.515544 0.490235 0.466411 0.532192 0.545933 0.499488 0.450116 0.540455 0.533206 0.503634 0.468793 0.482441 0.476781 0.483688 0.420380 0.482606 0.523439 0.579198 0.464593 0.492344 0.530241 0.549147 0.599524 0.552473 0.537988 0.445254 0.438654 0.437565 0.456631 0.473828 0.338502 
156 vad:0.001039
gains: 0.548537 0.513353 0.486640 0.464155 0.531205 0.544249 0.498600 0.450061 0.540270 0.530814 0.502176 0.468362 0.482038 0.475389 0.479544 0.415244 0.477037 0.518147 0.576455 0.462755 0.488154 0.525703 0.546692 0.599519 0.553548 0.537710 0.444503 0.437995 0.436699 0.455868 0.473519 0.337791 
157 vad:0.000982
gains: 0.548107 0.510819 0.483873 0.463558 0.529586 0.542706 0.497975 0.449160 0.538377 0.527619 0.500597 0.467672 0.480710 0.473017 0.475263 0.410124 0.472569 0.514670 0.574254 0.460179 0.483360 0.521111 0.544761 0.599886 0.555068 0.537817 0.443488 0.436824 0.435454 0.454973 0.472399 0.336629 
158 vad:0.000928
gains: 0.547153 0.507403 0.479419 0.460747 0.526582 0.539219 0.495137 0.446687 0.536179 0.524904 0.499287 0.467127 0.479671 0.471495 0.472229 0.404979 0.466502 0.508499 0.570257 0.457737 0.479282 0.515364 0.540846 0.598163 0.554968 0.536173 0.441993 0.436008 0.433830 0.453748 0.470874 0.335694 
159 vad:0.000883
gains: 0.547695 0.507445 0.478980 0.461773 0.528302 0.540339 0.496306 0.449375 0.538037 0.524146 0.499132 0.467775 0.479457 0.470321 0.469704 0.402489 0.464348 0.506989 0.569370 0.456765 0.476079 0.513003 0.541239 0.599134 0.555770 0.536239 0.441448 0.435192 0.433211 0.453156 0.471006 0.335615 
160 vad:0.000844
gains: 0.545559 0.503178 0.474334 0.458787 0.522522 0.535428 0.493418 0.446507 0.534551 0.519452 0.495410 0.464794 0.476980 0.468057 0.464995 0.395729 0.458066 0.501492 0.566163 0.454777 0.472558 0.508116 0.538211 0.597573 0.555300 0.534937 0.439841 0.434079 0.431813 0.452126 0.469569 0.334743 
161 vad:0.000819
gains: 0.548999 0.504401 0.474363 0.459159 0.522799 0.535334 0.493723 0.447673 0.535131 0.518278 0.494436 0.464288 0.476618 0.467533 0.463530 0.393831 0.455335 0.499079 0.564805 0.453000 0.469392 0.504489 0.536238 0.597206 0.555349 0.534642 0.439614 0.433525 0.430941 0.451193 0.469339 0.334788 
162 vad:0.000786
gains: 0.547771 0.500810 0.470155 0.456655 0.520424 0.533135 0.492001 0.446586 0.534216 0.516451 0.493287 0.463139 0.474860 0.465086 0.459265 0.388564 0.449853 0.494672 0.562555 0.451266 0.465938 0.499369 0.531750 0.594517 0.554251 0.533088 0.438125 0.432093 0.429071 0.449771 0.467928 0.334183 
163 vad:0.000763
gains: 0.549069 0.500722 0.469146 0.456948 0.520617 0.533410 0.492293 0.447320 0.533893 0.514835 0.492149 0.462825 0.475016 0.464882 0.456914 0.385973 0.447843 0.492508 0.561386 0.450211 0.462602 0.496433 0.531082 0.594449 0.554558 0.533329 0.437880 0.431872 0.428806 0.449311 0.467890 0.334274 
164 vad:0.000730
gains: 0.549563 0.499122 0.467623 0.456851 0.519130 0.531910 0.491727 0.447099 0.533399 0.512938 0.490658 0.462024 0.474647 0.464536 0.455702 0.383967 0.444238 0.488340 0.559426 0.449045 0.460794 0.494274 0.529336 0.593330 0.554513 0.533258 0.437708 0.431551 0.428129 0.448225 0.466476 0.333020 
165 vad:0.000717
gains: 0.551996 0.499448 0.465623 0.455112 0.516216 0.528689 0.489606 0.446272 0.531750 0.509353 0.487447 0.459297 0.471719 0.461484 0.452114 0.380393 0.440061 0.484191 0.556964 0.446940 0.456602 0.489874 0.526601 0.591131 0.552459 0.531123 0.435109 0.428785 0.425200 0.445435 0.463769 0.331075 
166 vad:0.000684
gains: 0.551465 0.497968 0.464683 0.456035 0.516599 0.529595 0.490504 0.446282 0.531364 0.508817 0.487672 0.459840 0.472241 0.462067 0.451649 0.378412 0.437791 0.482845 0.556744 0.447239 0.455931 0.487555 0.525601 0.591622 0.553467 0.530727 0.433893 0.427481 0.423684 0.443998 0.462569 0.330577 
167 vad:0.000671
gains: 0.553320 0.497845 0.463420 0.455525 0.516574 0.529268 0.489750 0.446465 0.531066 0.507564 0.486650 0.459471 0.472424 0.461827 0.450969 0.377343 0.435760 0.481293 0.557322 0.447717 0.454607 0.485019 0.523920 0.590363 0.552191 0.529477 0.432734 0.425831 0.422251 0.442237 0.460969 0.329166 
168 vad:0.000651
gains: 0.554751 0.497908 0.462688 0.455947 0.516032 0.528367 0.489080 0.446478 0.531146 0.506236 0.485279 0.458310 0.471218 0.460728 0.449303 0.375386 0.433411 0.479491 0.556868 0.447132 0.452523 0.483142 0.522967 0.588926 0.550814 0.528602 0.431712 0.424997 0.421440 0.441764 0.460671 0.329599 
169 vad:0.000635
gains: 0.556354 0.497063 0.460806 0.455939 0.514630 0.527324 0.488726 0.446435 0.530916 0.505088 0.484431 0.457907 0.470933 0.460533 0.448306 0.373188 0.430440 0.477420 0.556011 0.446076 0.450769 0.480418 0.521108 0.588243 0.550438 0.527825 0.431073 0.424535 0.420326 0.440861 0.459762 0.329007 
170 vad:0.000613
gains: 0.557549 0.497183 0.460763 0.456643 0.514817 0.527442 0.488552 0.446868 0.530279 0.502996 0.482517 0.457191 0.471400 0.461166 0.447818 0.371895 0.428519 0.475399 0.555974 0.445880 0.448781 0.478192 0.521101 0.588745 0.550755 0.527866 0.430355 0.423375 0.419187 0.439350 0.458664 0.328252 
171 vad:0.000595
gains: 0.558022 0.496002 0.458742 0.455364 0.512537 0.524743 0.485694 0.444538 0.528195 0.500223 0.479968 0.455171 0.469653 0.458964 0.445166 0.369483 0.424934 0.471854 0.554487 0.445207 0.446577 0.474199 0.516808 0.585067 0.548138 0.525132 0.427715 0.421216 0.416681 0.436880 0.456289 0.326305 
172 vad:0.000584
gains: 0.561404 0.498016 0.460267 0.457601 0.513628 0.525824 0.486482 0.445970 0.529351 0.500355 0.479846 0.455391 0.470342 0.458909 0.443723 0.368263 0.423542 0.471223 0.554912 0.445012 0.445014 0.471713 0.515809 0.584360 0.547400 0.524429 0.427344 0.420506 0.416132 0.435923 0.455443 0.325642 
173 vad:0.000564
gains: 0.561706 0.496908 0.459190 0.457365 0.512664 0.524605 0.484792 0.444502 0.527401 0.497439 0.477450 0.453691 0.468842 0.457110 0.441972 0.366473 0.421679 0.469625 0.554243 0.443565 0.442314 0.469025 0.513973 0.582835 0.546397 0.523526 0.425924 0.419314 0.414926 0.435270 0.455216 0.326205 
174 vad:0.000558
gains: 0.563635 0.497215 0.459335 0.458746 0.513126 0.524667 0.483923 0.444985 0.527777 0.496577 0.476621 0.453115 0.468185 0.456195 0.441389 0.365672 0.419289 0.467572 0.553425 0.443110 0.441071 0.467946 0.513735 0.582307 0.544996 0.522759 0.425254 0.418684 0.414177 0.434750 0.454714 0.325996 
175 vad:0.000541
gains: 0.565899 0.498416 0.460381 0.460020 0.512512 0.524411 0.483625 0.445032 0.527596 0.495774 0.475698 0.452562 0.468114 0.456375 0.441089 0.364682 0.417669 0.466984 0.554409 0.443902 0.439977 0.465797 0.512574 0.581374 0.544123 0.521309 0.423637 0.417347 0.413195 0.433978 0.454232 0.326229 
176 vad:0.000528
gains: 0.566902 0.498017 0.458335 0.459094 0.511139 0.523651 0.482504 0.444069 0.526936 0.494713 0.474841 0.452196 0.468318 0.456587 0.440724 0.364117 0.416061 0.465268 0.553891 0.442843 0.438163 0.463763 0.510220 0.578979 0.542832 0.520243 0.422828 0.417017 0.412759 0.433334 0.453643 0.326068 
177 vad:0.000515
gains: 0.568760 0.498502 0.459260 0.460031 0.510525 0.523456 0.481397 0.442905 0.525409 0.492968 0.473412 0.451006 0.467298 0.455565 0.439500 0.362718 0.414050 0.463867 0.553830 0.442617 0.437378 0.463070 0.509935 0.578217 0.541832 0.519249 0.421716 0.415836 0.411539 0.431960 0.452058 0.324905 
178 vad:0.000504
gains: 0.570589 0.498805 0.458710 0.460766 0.511675 0.523850 0.481428 0.443244 0.525295 0.492237 0.472970 0.451139 0.467677 0.455533 0.439548 0.362325 0.412567 0.462917 0.554007 0.442988 0.436834 0.461729 0.508736 0.576783 0.540271 0.517663 0.420149 0.414299 0.409970 0.430516 0.450965 0.324291 
179 vad:0.000501
gains: 0.572046 0.499110 0.459046 0.461906 0.511680 0.523861 0.480665 0.443039 0.525045 0.491148 0.471849 0.450275 0.467079 0.454859 0.438232 0.360872 0.410155 0.461049 0.552966 0.441689 0.435210 0.460496 0.506971 0.575059 0.538903 0.516191 0.418570 0.412824 0.408271 0.428674 0.449416 0.323288 
180 vad:0.000490
gains: 0.573385 0.499999 0.461035 0.464626 0.512445 0.524653 0.481421 0.443749 0.525233 0.490514 0.471537 0.450809 0.467977 0.455758 0.438451 0.360756 0.410112 0.461589 0.553945 0.441683 0.433844 0.459264 0.507127 0.574562 0.537811 0.515843 0.418546 0.412603 0.408328 0.428552 0.449321 0.323287 
181 vad:0.000480
gains: 0.574151 0.499497 0.460580 0.464422 0.512093 0.524639 0.479899 0.442150 0.523081 0.488211 0.469889 0.449432 0.466869 0.454335 0.436740 0.358995 0.407811 0.458891 0.552330 0.440353 0.431287 0.455869 0.503121 0.570541 0.533898 0.512293 0.415598 0.410337 0.406200 0.426649 0.447671 0.322432 
182 vad:0.000476
gains: 0.575746 0.500144 0.460881 0.465313 0.511217 0.523932 0.478085 0.441185 0.522736 0.487367 0.469189 0.449156 0.466425 0.453573 0.436074 0.357674 0.405251 0.457572 0.552096 0.439883 0.429720 0.453483 0.501059 0.568403 0.531618 0.509691 0.413237 0.407978 0.403940 0.425035 0.446475 0.322033 
183 vad:0.000471
gains: 0.577763 0.501652 0.461978 0.466612 0.511975 0.524155 0.477710 0.440926 0.522091 0.486343 0.467871 0.447870 0.465481 0.452617 0.434713 0.356727 0.403670 0.455896 0.551214 0.439271 0.429034 0.452541 0.500316 0.567652 0.530704 0.508714 0.411876 0.406519 0.402707 0.423606 0.445054 0.320753 
184 vad:0.000462
gains: 0.577566 0.500134 0.461117 0.466607 0.509926 0.522078 0.476003 0.439674 0.520652 0.484176 0.465732 0.446353 0.464853 0.452385 0.434121 0.356210 0.403123 0.455123 0.550887 0.438578 0.427224 0.450669 0.498551 0.565329 0.529063 0.507940 0.411960 0.407199 0.403377 0.424109 0.445473 0.321506 
185 vad:0.000460
gains: 0.580578 0.502474 0.462797 0.468464 0.511759 0.523399 0.476258 0.440508 0.521336 0.484072 0.465618 0.446406 0.464886 0.452204 0.434197 0.356522 0.402366 0.455122 0.551821 0.439333 0.427573 0.451136 0.499304 0.565448 0.528433 0.507566 0.411713 0.406791 0.403166 0.424075 0.445509 0.321544 
186 vad:0.000457
gains: 0.580677 0.501460 0.461983 0.467852 0.509922 0.521647 0.473884 0.437627 0.517959 0.480518 0.462543 0.443413 0.462132 0.449512 0.431614 0.354914 0.400497 0.453200 0.550392 0.437867 0.425350 0.449376 0.497184 0.562876 0.526053 0.505384 0.409536 0.404988 0.401360 0.422304 0.443614 0.320007 
187 vad:0.000452
gains: 0.582708 0.502310 0.463478 0.470478 0.510270 0.522430 0.475069 0.439304 0.519738 0.481811 0.463659 0.445070 0.463793 0.451223 0.433612 0.355646 0.400646 0.454567 0.552228 0.439381 0.426294 0.450171 0.498799 0.564436 0.527174 0.506855 0.411651 0.407249 0.403844 0.424812 0.446002 0.321878 
188 vad:0.000448
gains: 0.583632 0.502058 0.463300 0.470207 0.509886 0.521842 0.473484 0.438285 0.518811 0.480587 0.462362 0.443524 0.462807 0.450515 0.432454 0.354780 0.399548 0.452544 0.551122 0.438469 0.424337 0.448986 0.498346 0.563637 0.525571 0.505321 0.410134 0.405842 0.402587 0.423342 0.444300 0.320559 
189 vad:0.000443
gains: 0.582992 0.500709 0.461900 0.469891 0.508238 0.520818 0.472011 0.436929 0.517230 0.478837 0.461177 0.442824 0.461911 0.448635 0.430282 0.352731 0.396700 0.450302 0.549296 0.437001 0.422691 0.446978 0.495114 0.559973 0.522419 0.502537 0.407917 0.404266 0.401018 0.422178 0.443307 0.319841 
190 vad:0.000436
gains: 0.585182 0.502136 0.463161 0.470927 0.508801 0.520750 0.471559 0.436412 0.516544 0.478014 0.460817 0.442971 0.462346 0.449223 0.430712 0.352340 0.396018 0.449768 0.549733 0.437371 0.422622 0.446188 0.494499 0.558696 0.520828 0.501407 0.407846 0.404555 0.401357 0.422650 0.443348 0.320033 
191 vad:0.000437
gains: 0.585311 0.501641 0.462233 0.470946 0.508436 0.519853 0.470197 0.435649 0.515982 0.476612 0.459019 0.441402 0.461163 0.447794 0.429366 0.351860 0.394873 0.448699 0.548851 0.436710 0.421730 0.446627 0.495273 0.558287 0.519238 0.500792 0.407326 0.403993 0.401202 0.421898 0.442545 0.319128 
192 vad:0.000431
gains: 0.587407 0.503086 0.464597 0.473252 0.508920 0.520962 0.470751 0.435944 0.516176 0.477385 0.460302 0.442530 0.461752 0.448126 0.429729 0.352707 0.395316 0.449068 0.549118 0.437335 0.421938 0.445812 0.494728 0.557583 0.518810 0.500575 0.407451 0.404385 0.401460 0.422404 0.443104 0.319580 
193 vad:0.000430
gains: 0.588856 0.503483 0.464402 0.473512 0.507629 0.519726 0.470211 0.436119 0.516371 0.477060 0.459746 0.442003 0.461461 0.448027 0.428986 0.351573 0.394237 0.448925 0.549641 0.437704 0.421224 0.445427 0.494068 0.556191 0.517543 0.499206 0.406812 0.404289 0.401926 0.423089 0.443607 0.320277 
194 vad:0.000420
gains: 0.588333 0.502011 0.462792 0.472780 0.506829 0.518599 0.468504 0.433991 0.514479 0.475497 0.458908 0.441484 0.461227 0.446819 0.427180 0.350297 0.392988 0.447245 0.548205 0.436614 0.419842 0.443468 0.491536 0.553636 0.515583 0.498165 0.406859 0.404887 0.402533 0.423345 0.443644 0.320172 
195 vad:0.000422
gains: 0.590886 0.504724 0.466323 0.475572 0.507839 0.519275 0.468858 0.434328 0.514208 0.475003 0.458342 0.440869 0.460447 0.446255 0.427591 0.351591 0.393736 0.447531 0.548629 0.436879 0.419482 0.444080 0.493173 0.554333 0.514759 0.497686 0.406030 0.403984 0.401765 0.422502 0.442857 0.319382 
196 vad:0.000418
gains: 0.591317 0.504267 0.465979 0.476295 0.506910 0.519000 0.468550 0.434091 0.513466 0.473661 0.457436 0.440245 0.460029 0.446206 0.427099 0.350976 0.392763 0.446625 0.548137 0.437224 0.419720 0.443671 0.491915 0.552863 0.513407 0.496600 0.405427 0.403520 0.401403 0.422010 0.441999 0.318883 
197 vad:0.000413
gains: 0.592695 0.504702 0.466069 0.476317 0.506171 0.517676 0.466551 0.432325 0.511692 0.471610 0.455497 0.438650 0.458631 0.444280 0.425378 0.350007 0.391653 0.445393 0.546573 0.435192 0.417427 0.441855 0.491026 0.551838 0.512581 0.495373 0.404013 0.402476 0.400334 0.420832 0.441167 0.318074 
198 vad:0.000409
gains: 0.592067 0.503300 0.464927 0.475822 0.504376 0.515370 0.464891 0.430660 0.509831 0.469585 0.453536 0.436917 0.457484 0.443095 0.423744 0.348756 0.389906 0.443543 0.545414 0.434172 0.416310 0.440476 0.489393 0.549866 0.510769 0.493837 0.402846 0.401831 0.400079 0.420547 0.440854 0.317492 
199 vad:0.000405
gains: 0.593542 0.504977 0.466799 0.477952 0.504752 0.515660 0.465210 0.430927 0.510210 0.469994 0.453990 0.437224 0.457583 0.443011 0.423730 0.349796 0.390374 0.443806 0.545969 0.434779 0.416026 0.440722 0.489768 0.548535 0.508727 0.493038 0.402518 0.401784 0.400561 0.421421 0.441728 0.318175 
200 vad:0.000402
gains: 0.594674 0.505233 0.466772 0.477934 0.503997 0.514435 0.464388 0.430086 0.508896 0.468511 0.453030 0.436500 0.456910 0.441819 0.421915 0.347466 0.387207 0.440986 0.544444 0.433821 0.414644 0.438466 0.487805 0.547267 0.507181 0.491618 0.401917 0.401491 0.400407 0.421431 0.441483 0.317781 
201 vad:0.000400
gains: 0.595960 0.505907 0.467737 0.479425 0.503263 0.513536 0.463472 0.429464 0.508564 0.468248 0.452664 0.436320 0.457056 0.441920 0.422043 0.347861 0.387738 0.442100 0.545672 0.434543 0.414622 0.438671 0.488882 0.547800 0.507733 0.492132 0.402419 0.401802 0.400769 0.421663 0.441439 0.317468 
202 vad:0.000397
gains: 0.596071 0.505329 0.466898 0.479529 0.503228 0.513042 0.462994 0.428344 0.507023 0.466269 0.450271 0.434129 0.455878 0.441068 0.421291 0.347476 0.386573 0.441016 0.544841 0.433853 0.414011 0.438647 0.489027 0.547541 0.507160 0.491447 0.401754 0.401816 0.401152 0.421654 0.441109 0.317175 
203 vad:0.000395
gains: 0.597005 0.505423 0.467804 0.480363 0.503787 0.513524 0.462790 0.428381 0.506981 0.465942 0.450208 0.434383 0.455764 0.440119 0.420718 0.347632 0.386624 0.440310 0.544169 0.433364 0.413353 0.438169 0.487878 0.546142 0.506075 0.491173 0.402307 0.402899 0.401891 0.422134 0.441517 0.317059 
204 vad:0.000389
gains: 0.597547 0.506004 0.467598 0.480218 0.502483 0.511463 0.460939 0.426590 0.505458 0.464353 0.449458 0.433863 0.454810 0.439431 0.420306 0.346441 0.385066 0.439307 0.543760 0.433303 0.412972 0.437022 0.487465 0.545308 0.504173 0.489478 0.401264 0.401685 0.401073 0.421476 0.440603 0.316168 
205 vad:0.000388
gains: 0.598569 0.506548 0.468342 0.480559 0.501704 0.511088 0.460331 0.426180 0.504807 0.463246 0.448154 0.432960 0.454249 0.437550 0.417844 0.346000 0.384511 0.438031 0.541762 0.431117 0.411475 0.436315 0.486771 0.543991 0.503000 0.489491 0.401181 0.401698 0.401199 0.421144 0.440595 0.315965 
206 vad:0.000382
gains: 0.599112 0.506226 0.468433 0.481158 0.499927 0.510193 0.461366 0.427124 0.505925 0.463975 0.448489 0.433247 0.454397 0.437242 0.416756 0.345113 0.383219 0.436524 0.540858 0.430984 0.410776 0.435235 0.485979 0.543043 0.502558 0.488862 0.401326 0.402677 0.402305 0.422459 0.441354 0.316574 
207 vad:0.000381
gains: 0.599781 0.506906 0.469286 0.481660 0.498273 0.508140 0.459741 0.425957 0.504818 0.463132 0.447719 0.432810 0.454633 0.437513 0.416760 0.345119 0.382772 0.436863 0.541447 0.431681 0.411286 0.435070 0.485391 0.542948 0.502994 0.489641 0.402551 0.404384 0.404184 0.423908 0.442707 0.317115 
208 vad:0.000378
gains: 0.600779 0.507139 0.469168 0.481630 0.497478 0.506896 0.458053 0.424189 0.502868 0.460764 0.445423 0.430232 0.451865 0.435147 0.415205 0.344419 0.381829 0.435566 0.540363 0.430138 0.409006 0.433284 0.484222 0.541294 0.500928 0.488192 0.401413 0.403528 0.403655 0.423102 0.441613 0.316281 
209 vad:0.000378
gains: 0.602774 0.509185 0.471103 0.483674 0.499390 0.508656 0.459434 0.425633 0.504332 0.462509 0.447076 0.431630 0.452931 0.435562 0.415928 0.345654 0.382774 0.436656 0.541484 0.430810 0.409849 0.434622 0.485125 0.541766 0.501475 0.488983 0.402413 0.404789 0.404588 0.423993 0.441944 0.316362 
210 vad:0.000370
gains: 0.602336 0.508438 0.471218 0.484472 0.499214 0.508519 0.459751 0.425700 0.503914 0.461851 0.446783 0.431935 0.453677 0.435676 0.415047 0.345457 0.382851 0.436119 0.541195 0.430925 0.409265 0.433704 0.485181 0.542382 0.502336 0.489282 0.402699 0.405256 0.405063 0.424458 0.441909 0.316375 
211 vad:0.000369
gains: 0.603571 0.509081 0.470856 0.483863 0.498608 0.507909 0.459162 0.425906 0.504001 0.461080 0.446072 0.431409 0.452804 0.434833 0.414744 0.345344 0.382485 0.435056 0.540581 0.430591 0.409061 0.433689 0.485265 0.541756 0.501110 0.488217 0.402146 0.404672 0.404812 0.424117 0.441419 0.315746 
212 vad:0.000362
gains: 0.603671 0.508865 0.470491 0.483896 0.498974 0.507503 0.458263 0.424759 0.502650 0.459704 0.444581 0.429697 0.451121 0.433344 0.414300 0.345603 0.382466 0.435465 0.541183 0.430532 0.408806 0.434466 0.486613 0.542770 0.501756 0.488652 0.402144 0.404695 0.405071 0.424385 0.441792 0.315912 
213 vad:0.000365
gains: 0.605215 0.509175 0.470545 0.484444 0.498313 0.507649 0.458820 0.425131 0.503148 0.460309 0.445540 0.430589 0.451997 0.434287 0.415324 0.346175 0.382343 0.435204 0.541883 0.431724 0.409490 0.434503 0.486739 0.542607 0.501507 0.488481 0.402600 0.405269 0.405617 0.424915 0.441615 0.315772 
214 vad:0.000359
gains: 0.605190 0.508758 0.470322 0.484252 0.498338 0.506809 0.457641 0.423993 0.501459 0.458128 0.443392 0.429408 0.451433 0.433286 0.414419 0.346182 0.382292 0.434351 0.540678 0.430741 0.408437 0.433731 0.486193 0.541553 0.499969 0.487688 0.401964 0.404831 0.405536 0.424328 0.440812 0.314546 
215 vad:0.000363
gains: 0.607019 0.510840 0.472274 0.486384 0.498635 0.507085 0.458342 0.424240 0.501654 0.458516 0.444029 0.429623 0.451377 0.433234 0.414561 0.346489 0.381622 0.433481 0.540451 0.431178 0.409227 0.435175 0.487250 0.541978 0.499655 0.487151 0.401744 0.405311 0.406294 0.425086 0.441101 0.314779 
216 vad:0.000356
gains: 0.606458 0.509169 0.470503 0.485619 0.497260 0.505412 0.457043 0.423067 0.500751 0.457419 0.443259 0.429319 0.450990 0.432284 0.413647 0.346250 0.381282 0.432820 0.540473 0.430497 0.407896 0.434179 0.487181 0.542306 0.500468 0.488157 0.402852 0.406327 0.407170 0.425395 0.441004 0.314353 
217 vad:0.000354
gains: 0.608514 0.511366 0.473041 0.487591 0.497360 0.505500 0.457313 0.422952 0.500520 0.457537 0.443965 0.430166 0.451683 0.432296 0.412705 0.346941 0.382252 0.432901 0.539834 0.430672 0.408284 0.435185 0.488894 0.543249 0.501345 0.488963 0.403769 0.407328 0.408108 0.425668 0.440927 0.314280 
218 vad:0.000350
gains: 0.607399 0.509882 0.472193 0.486495 0.495954 0.504624 0.456226 0.422039 0.499466 0.456556 0.443367 0.429638 0.450647 0.430752 0.411162 0.345488 0.380729 0.431680 0.539757 0.430119 0.408058 0.435193 0.488135 0.542273 0.500698 0.488822 0.404179 0.408187 0.409154 0.426770 0.441451 0.314184 
219 vad:0.000352
gains: 0.607914 0.509881 0.470676 0.485345 0.495243 0.503955 0.455299 0.421547 0.499103 0.455752 0.442251 0.428684 0.450120 0.430078 0.410673 0.345373 0.380151 0.431003 0.538903 0.428897 0.406635 0.433976 0.487158 0.541212 0.499186 0.486979 0.402627 0.406959 0.408230 0.425828 0.440384 0.313078 
220 vad:0.000345
gains: 0.608613 0.510749 0.472264 0.487094 0.496090 0.504065 0.455809 0.421404 0.498495 0.455250 0.441856 0.428308 0.449772 0.429586 0.410430 0.345995 0.381067 0.431815 0.539716 0.429584 0.406632 0.434004 0.487733 0.541039 0.498974 0.487354 0.403322 0.407829 0.409057 0.426475 0.440459 0.312973 
221 vad:0.000346
gains: 0.609595 0.510974 0.472218 0.487827 0.496018 0.503565 0.456005 0.421992 0.499407 0.456363 0.443162 0.429595 0.450795 0.429832 0.410348 0.345834 0.379613 0.430115 0.539263 0.429782 0.407112 0.434721 0.487675 0.541020 0.498856 0.486897 0.403256 0.407929 0.409000 0.426132 0.439388 0.311768 
222 vad:0.000343
gains: 0.608673 0.509734 0.471471 0.487878 0.495372 0.502198 0.454591 0.420538 0.498026 0.454574 0.441169 0.428116 0.449609 0.427684 0.408353 0.345372 0.379023 0.429486 0.537844 0.427643 0.405310 0.433865 0.486516 0.539866 0.498296 0.486965 0.403517 0.408215 0.409382 0.426145 0.439535 0.311738 
223 vad:0.000338
gains: 0.609660 0.510279 0.472505 0.488579 0.495104 0.502182 0.454579 0.420732 0.497786 0.453658 0.440475 0.427998 0.449171 0.426520 0.407099 0.344750 0.378742 0.428869 0.537507 0.427466 0.404456 0.432992 0.486451 0.540070 0.498413 0.486648 0.403653 0.408643 0.409949 0.426696 0.439663 0.311296 
224 vad:0.000343
gains: 0.610404 0.510830 0.472240 0.488559 0.494647 0.501001 0.453158 0.419496 0.496378 0.451976 0.438619 0.425832 0.447293 0.425093 0.406173 0.344598 0.378473 0.428606 0.537196 0.426614 0.403340 0.432361 0.484730 0.537788 0.495844 0.484142 0.401294 0.406832 0.408387 0.424952 0.437842 0.309644 
225 vad:0.000339
gains: 0.610623 0.510869 0.473356 0.489644 0.494591 0.501427 0.454017 0.420211 0.496863 0.452597 0.439139 0.426419 0.447755 0.424598 0.404693 0.343179 0.376706 0.426664 0.535695 0.425535 0.402199 0.430635 0.483730 0.537597 0.495867 0.484320 0.401770 0.407573 0.409127 0.425704 0.438065 0.309763 
226 vad:0.000339
gains: 0.611932 0.511778 0.473377 0.490529 0.495223 0.501644 0.454220 0.420345 0.496983 0.452402 0.439056 0.426689 0.448326 0.424578 0.404447 0.344433 0.378422 0.427716 0.536492 0.426677 0.403174 0.431921 0.485282 0.538403 0.496800 0.485298 0.402799 0.408996 0.410721 0.427030 0.438701 0.309998 
227 vad:0.000337
gains: 0.612984 0.512918 0.474605 0.490447 0.494612 0.501030 0.453960 0.419868 0.496014 0.451097 0.437995 0.425822 0.447305 0.423638 0.404331 0.345118 0.378808 0.428194 0.537212 0.426654 0.403363 0.432561 0.486104 0.538949 0.497298 0.486275 0.404025 0.410470 0.412425 0.428390 0.439687 0.310475 
228 vad:0.000336
gains: 0.612494 0.511836 0.473787 0.490106 0.492656 0.498924 0.452773 0.418890 0.495356 0.450543 0.437375 0.424972 0.446046 0.421995 0.402371 0.343525 0.376747 0.426188 0.535797 0.424965 0.401874 0.432020 0.485823 0.539006 0.497673 0.486501 0.404313 0.411057 0.412993 0.429005 0.439936 0.310640 
229 vad:0.000333
gains: 0.613126 0.512161 0.473969 0.490355 0.493069 0.499533 0.453461 0.419307 0.495414 0.450149 0.436724 0.424367 0.445727 0.421434 0.401696 0.344031 0.377566 0.426339 0.535492 0.424298 0.401354 0.431991 0.486097 0.539163 0.497578 0.486362 0.404306 0.411066 0.413200 0.428906 0.439850 0.310677 
230 vad:0.000335
gains: 0.613411 0.512271 0.473953 0.491330 0.493697 0.499290 0.453133 0.418959 0.494949 0.449811 0.436693 0.424594 0.446000 0.421658 0.402703 0.344834 0.378081 0.427074 0.536693 0.425592 0.401971 0.432573 0.486671 0.539485 0.497837 0.486538 0.404498 0.411415 0.413512 0.429428 0.439603 0.310098 
231 vad:0.000334
gains: 0.613146 0.511484 0.473765 0.490886 0.492971 0.498474 0.452307 0.417957 0.493996 0.449383 0.436693 0.424639 0.445682 0.420077 0.400461 0.344226 0.377668 0.425233 0.534220 0.423385 0.400476 0.431410 0.484349 0.536831 0.495045 0.484212 0.402462 0.409888 0.411922 0.427029 0.437163 0.307753 
232 vad:0.000332
gains: 0.614233 0.512662 0.474464 0.491837 0.493388 0.498441 0.452756 0.418254 0.494163 0.449708 0.436931 0.424776 0.445821 0.419993 0.400201 0.343276 0.376330 0.425273 0.535012 0.423310 0.400243 0.431861 0.484830 0.537254 0.495686 0.484709 0.403555 0.411403 0.413803 0.428894 0.438636 0.308763 
233 vad:0.000332
gains: 0.613673 0.512021 0.474008 0.491103 0.492427 0.497391 0.451586 0.417507 0.493280 0.447789 0.434511 0.422659 0.444115 0.417786 0.398514 0.343357 0.376339 0.424748 0.534186 0.421545 0.398928 0.431548 0.484355 0.536634 0.495464 0.484964 0.404076 0.411780 0.414156 0.428887 0.438098 0.308259 
234 vad:0.000329
gains: 0.614071 0.511698 0.474416 0.491932 0.493111 0.498950 0.452535 0.418059 0.493900 0.448536 0.435483 0.423748 0.444733 0.417220 0.397698 0.342354 0.374981 0.423203 0.533008 0.421251 0.398896 0.430642 0.483197 0.536438 0.495807 0.484614 0.403854 0.411864 0.413878 0.428615 0.437269 0.307408 
235 vad:0.000328
gains: 0.614233 0.511129 0.473286 0.491568 0.491956 0.496986 0.451593 0.417495 0.493223 0.447452 0.434449 0.422834 0.443871 0.416615 0.397365 0.342333 0.375317 0.423890 0.534335 0.422259 0.399211 0.431285 0.484211 0.537266 0.496689 0.485094 0.404264 0.412684 0.414916 0.429624 0.437954 0.307824 
236 vad:0.000328
gains: 0.614236 0.511373 0.473567 0.492142 0.491832 0.496801 0.451998 0.417889 0.493502 0.447138 0.433778 0.422311 0.443480 0.415989 0.396654 0.342661 0.375539 0.424184 0.534563 0.421907 0.398732 0.431376 0.483760 0.536312 0.496260 0.485600 0.405256 0.413936 0.416021 0.430004 0.437623 0.307326 
237 vad:0.000325
gains: 0.614537 0.511168 0.473001 0.491609 0.491814 0.496573 0.451551 0.417510 0.493291 0.447277 0.433892 0.422153 0.443026 0.415364 0.396274 0.342065 0.374639 0.423165 0.534041 0.421512 0.398522 0.430947 0.483474 0.536419 0.496923 0.485365 0.404877 0.413954 0.416193 0.430425 0.437719 0.307067 
238 vad:0.000328
gains: 0.614971 0.510945 0.473064 0.492601 0.491959 0.496143 0.451053 0.417333 0.493082 0.446534 0.433080 0.421473 0.442239 0.414416 0.395913 0.342652 0.374808 0.423087 0.534008 0.421211 0.398452 0.431300 0.482786 0.535298 0.495845 0.484906 0.404978 0.414323 0.416432 0.430026 0.436838 0.306205 
239 vad:0.000326
gains: 0.614530 0.510633 0.471865 0.491496 0.491616 0.495648 0.450522 0.416831 0.492500 0.445669 0.432073 0.420539 0.441211 0.413146 0.394728 0.341753 0.373946 0.422692 0.533571 0.419945 0.397567 0.431184 0.482734 0.535338 0.495909 0.484919 0.405266 0.415027 0.417572 0.431209 0.438085 0.307585 
240 vad:0.000325
gains: 0.615556 0.511329 0.473177 0.493593 0.492258 0.496531 0.451547 0.417592 0.493022 0.446338 0.433336 0.422609 0.443210 0.414420 0.396020 0.343077 0.374987 0.423478 0.534705 0.420466 0.398069 0.431737 0.483464 0.536186 0.496390 0.485560 0.405931 0.415644 0.418272 0.431838 0.438069 0.306875 
241 vad:0.000325
gains: 0.614562 0.509841 0.471510 0.492163 0.491435 0.495604 0.450837 0.416889 0.492065 0.445123 0.431543 0.420519 0.441388 0.412644 0.394572 0.342047 0.373272 0.421602 0.533105 0.418740 0.395956 0.430352 0.482940 0.536227 0.496599 0.485548 0.406413 0.416422 0.419120 0.432694 0.438750 0.307261 
242 vad:0.000322
gains: 0.614906 0.509622 0.471762 0.492149 0.491645 0.495553 0.450499 0.416636 0.491727 0.444600 0.431340 0.420918 0.441853 0.412492 0.393998 0.342592 0.374298 0.422114 0.534118 0.419333 0.396649 0.431988 0.484930 0.537796 0.497634 0.486709 0.407491 0.417307 0.420128 0.433289 0.438852 0.306980 
243 vad:0.000323
gains: 0.614838 0.509463 0.471308 0.491769 0.490894 0.494608 0.449708 0.415625 0.490915 0.443780 0.430607 0.420446 0.441678 0.411893 0.393080 0.341492 0.372781 0.421385 0.534649 0.419307 0.396811 0.431911 0.483434 0.536502 0.497257 0.485889 0.407301 0.417363 0.420063 0.433495 0.438571 0.306919 
244 vad:0.000323
gains: 0.616043 0.510617 0.472128 0.492578 0.492231 0.495843 0.450484 0.416293 0.491502 0.444291 0.431091 0.420860 0.441772 0.412078 0.393335 0.342260 0.373779 0.421988 0.534658 0.419496 0.397102 0.432570 0.483724 0.536185 0.497393 0.486938 0.408346 0.418527 0.421000 0.433378 0.437976 0.306050 
245 vad:0.000325
gains: 0.616357 0.510755 0.472494 0.493627 0.493163 0.496919 0.451689 0.417615 0.492620 0.444668 0.431155 0.421365 0.442558 0.412360 0.393456 0.342813 0.374095 0.421789 0.534473 0.419537 0.397294 0.432941 0.483643 0.536104 0.497615 0.486535 0.408205 0.418733 0.420956 0.433481 0.437893 0.306039 
246 vad:0.000323
gains: 0.616267 0.510246 0.471995 0.493916 0.492906 0.496172 0.451667 0.416804 0.491383 0.443738 0.430859 0.421227 0.441914 0.411311 0.393399 0.343187 0.374242 0.421804 0.534848 0.419290 0.396364 0.432751 0.483518 0.536062 0.497140 0.486153 0.407898 0.418553 0.421152 0.433407 0.437545 0.305415 
247 vad:0.000321
gains: 0.617707 0.511788 0.474206 0.495142 0.493961 0.497389 0.451935 0.417174 0.491952 0.444212 0.431186 0.421528 0.442053 0.410860 0.393037 0.343785 0.374770 0.422063 0.535352 0.419851 0.397003 0.433740 0.484739 0.537197 0.498040 0.486988 0.408838 0.419395 0.421904 0.433833 0.437657 0.305444 
248 vad:0.000323
gains: 0.617318 0.510784 0.473161 0.494974 0.493210 0.496682 0.452022 0.416965 0.491684 0.444038 0.430831 0.420751 0.441278 0.410330 0.393112 0.344188 0.374635 0.422239 0.535364 0.419432 0.397194 0.434790 0.485191 0.537592 0.498230 0.486522 0.408418 0.419213 0.421831 0.433544 0.437170 0.304736 
249 vad:0.000322
gains: 0.617752 0.510353 0.472986 0.495203 0.492819 0.495748 0.451350 0.416570 0.491301 0.443607 0.430541 0.420816 0.441582 0.410316 0.392361 0.343133 0.373135 0.420799 0.534700 0.418622 0.396314 0.433556 0.484298 0.536931 0.497692 0.486098 0.408454 0.419309 0.421728 0.433170 0.436311 0.303835 
250 vad:0.000323
gains: 0.617913 0.510671 0.472643 0.495694 0.493046 0.496124 0.451845 0.416580 0.491339 0.443622 0.430373 0.420949 0.442333 0.410496 0.392201 0.343313 0.373530 0.421086 0.534775 0.418641 0.396458 0.434113 0.484307 0.536852 0.498253 0.486922 0.409859 0.421307 0.423640 0.434908 0.437823 0.304970 
251 vad:0.000324
gains: 0.618460 0.511641 0.473400 0.496180 0.494137 0.496799 0.452307 0.417407 0.491832 0.443111 0.429475 0.420565 0.442313 0.410309 0.392204 0.343841 0.373660 0.421130 0.535153 0.418624 0.396009 0.433978 0.483785 0.536345 0.497518 0.486180 0.409428 0.420969 0.423269 0.434747 0.437231 0.303983 
252 vad:0.000323
gains: 0.618306 0.510937 0.472410 0.495718 0.494124 0.496495 0.452194 0.416892 0.490941 0.442305 0.428979 0.419787 0.440888 0.408633 0.391075 0.343780 0.373141 0.420153 0.534394 0.417123 0.394430 0.432984 0.482789 0.535640 0.497176 0.486142 0.409583 0.421256 0.423682 0.434735 0.437326 0.304150 
253 vad:0.000323
gains: 0.618188 0.510537 0.472784 0.495668 0.493176 0.495978 0.452099 0.417283 0.491053 0.442133 0.429037 0.420305 0.441059 0.408096 0.390617 0.344006 0.373520 0.420147 0.534613 0.417689 0.394975 0.433290 0.482680 0.535158 0.497133 0.486165 0.409636 0.421564 0.423992 0.434627 0.436619 0.303254 
254 vad:0.000325
gains: 0.619136 0.511946 0.472971 0.496044 0.494891 0.497230 0.452959 0.418258 0.492204 0.443147 0.429747 0.420765 0.441716 0.408944 0.391298 0.344609 0.374069 0.420520 0.535729 0.418179 0.395155 0.434676 0.484130 0.536781 0.498773 0.487387 0.410848 0.423324 0.425717 0.436547 0.437849 0.304480 
255 vad:0.000323
gains: 0.618603 0.511585 0.473458 0.496865 0.495140 0.497753 0.453400 0.418018 0.491811 0.443041 0.429923 0.421245 0.442359 0.408733 0.390791 0.344371 0.373652 0.420054 0.535427 0.418311 0.395332 0.434812 0.484107 0.536622 0.498353 0.486860 0.410518 0.423125 0.425745 0.436293 0.437396 0.303677 
256 vad:0.000325
gains: 0.619440 0.511633 0.472624 0.497004 0.495118 0.497548 0.454499 0.418837 0.492743 0.443690 0.430038 0.421200 0.442588 0.408946 0.390657 0.345137 0.374488 0.420413 0.536151 0.418378 0.395180 0.434530 0.483483 0.536372 0.498628 0.487400 0.412003 0.425042 0.427342 0.437514 0.438180 0.303982 
257 vad:0.000327
gains: 0.619965 0.512510 0.474313 0.497866 0.495187 0.497700 0.454519 0.419124 0.492831 0.443577 0.429859 0.421054 0.442263 0.408023 0.389580 0.344463 0.373824 0.419963 0.535408 0.417792 0.395457 0.435739 0.484015 0.537004 0.499590 0.488248 0.413011 0.426207 0.428732 0.438598 0.438949 0.304390 
258 vad:0.000326
gains: 0.620096 0.512602 0.474384 0.497247 0.494052 0.496458 0.453366 0.417996 0.492005 0.442958 0.429118 0.420038 0.441017 0.406567 0.388036 0.343961 0.373942 0.420476 0.536207 0.417288 0.394726 0.435860 0.484325 0.536987 0.499416 0.488261 0.412951 0.426120 0.428843 0.438434 0.438584 0.304141 
259 vad:0.000329
gains: 0.619974 0.512848 0.473627 0.497026 0.495017 0.496705 0.453405 0.418115 0.492027 0.442775 0.428674 0.419798 0.441113 0.406684 0.388835 0.344507 0.373725 0.420577 0.536085 0.417158 0.395308 0.436659 0.484267 0.537251 0.499286 0.487819 0.412758 0.426609 0.429242 0.438420 0.437974 0.303211 
260 vad:0.000326
gains: 0.618843 0.511858 0.472826 0.496630 0.494624 0.495995 0.452912 0.417418 0.491384 0.442401 0.428617 0.419872 0.441111 0.406075 0.388279 0.344601 0.374071 0.420837 0.536151 0.416914 0.394975 0.436684 0.483772 0.536377 0.499026 0.487926 0.413245 0.427627 0.430069 0.439520 0.438757 0.303662 
261 vad:0.000326
gains: 0.620649 0.513109 0.473881 0.497833 0.495621 0.497547 0.454269 0.418579 0.492258 0.443195 0.429246 0.420535 0.441858 0.406362 0.388449 0.344842 0.374416 0.420671 0.536194 0.416936 0.394767 0.436664 0.483575 0.536122 0.498779 0.487415 0.412515 0.426871 0.429569 0.438690 0.438000 0.302957 
262 vad:0.000330
gains: 0.620991 0.513864 0.474048 0.498352 0.495946 0.497262 0.454602 0.418345 0.491741 0.442705 0.428727 0.419898 0.441609 0.406083 0.387971 0.345617 0.375381 0.421559 0.537297 0.417720 0.395222 0.438078 0.485390 0.536886 0.499557 0.488411 0.413669 0.428289 0.430934 0.440067 0.438779 0.303547 
263 vad:0.000328
gains: 0.619968 0.512429 0.473489 0.498265 0.495203 0.496728 0.454303 0.418722 0.492246 0.442766 0.428627 0.420042 0.441433 0.405235 0.387089 0.344516 0.373971 0.420511 0.536667 0.416732 0.393837 0.436623 0.483180 0.534994 0.498139 0.486759 0.412364 0.427022 0.429643 0.439228 0.437987 0.302677 
264 vad:0.000328
gains: 0.620955 0.512658 0.473918 0.498757 0.495164 0.496586 0.454330 0.417776 0.490655 0.441408 0.427558 0.419086 0.440550 0.404413 0.386575 0.344802 0.374041 0.420410 0.536674 0.416379 0.394194 0.437420 0.483458 0.535273 0.498312 0.487298 0.413579 0.428386 0.431365 0.439865 0.438062 0.302566 
265 vad:0.000328
gains: 0.621220 0.512773 0.473837 0.499637 0.496627 0.497617 0.455373 0.418948 0.491808 0.442130 0.427902 0.419538 0.441006 0.404540 0.386746 0.344672 0.373328 0.419867 0.536598 0.416477 0.394043 0.437362 0.484160 0.537178 0.500078 0.487978 0.414372 0.429466 0.431907 0.440284 0.437979 0.302358 
266 vad:0.000328
gains: 0.620752 0.512310 0.473136 0.499730 0.497365 0.498093 0.455682 0.418836 0.491555 0.441376 0.426939 0.418956 0.440946 0.404719 0.387230 0.345700 0.374722 0.421439 0.537586 0.416703 0.394164 0.438531 0.485290 0.537602 0.500236 0.488665 0.415342 0.430687 0.433393 0.441549 0.438773 0.302753 
267 vad:0.000329
gains: 0.621738 0.512730 0.472513 0.499640 0.498174 0.499206 0.457079 0.420318 0.493083 0.442785 0.428151 0.419829 0.441420 0.404948 0.387347 0.345886 0.374729 0.420759 0.537289 0.416468 0.394369 0.439450 0.485524 0.538094 0.501468 0.489588 0.416293 0.432153 0.434518 0.442479 0.439049 0.302875 
268 vad:0.000330
gains: 0.621925 0.513051 0.472719 0.499718 0.497502 0.498726 0.457173 0.420555 0.493488 0.443237 0.428469 0.420106 0.441681 0.404790 0.386719 0.345598 0.374416 0.420439 0.537478 0.415711 0.392799 0.438382 0.484828 0.537452 0.501619 0.489811 0.416650 0.432263 0.434530 0.441897 0.438440 0.302606 
269 vad:0.000330
gains: 0.622416 0.513583 0.473221 0.500035 0.497883 0.498858 0.457518 0.420945 0.493659 0.442909 0.427621 0.419662 0.441988 0.404554 0.385547 0.345492 0.375069 0.420719 0.537818 0.415109 0.392275 0.438834 0.484828 0.537065 0.501760 0.490402 0.417289 0.432964 0.434924 0.442233 0.438515 0.302585 
270 vad:0.000330
gains: 0.622640 0.514013 0.473292 0.499697 0.497786 0.498964 0.457166 0.420653 0.493522 0.442739 0.427544 0.419709 0.441966 0.404412 0.385595 0.345613 0.374953 0.420624 0.538359 0.415407 0.392251 0.438666 0.483765 0.535850 0.500580 0.489545 0.416892 0.432901 0.434822 0.442097 0.438045 0.302185 
271 vad:0.000332
gains: 0.622990 0.513621 0.472736 0.499587 0.497662 0.499267 0.457754 0.420835 0.493928 0.443368 0.428254 0.420517 0.442596 0.404463 0.385460 0.345819 0.375375 0.421515 0.538756 0.415710 0.393207 0.439567 0.484347 0.536608 0.501016 0.489409 0.416692 0.432617 0.434481 0.441816 0.437419 0.301675 
272 vad:0.000331
gains: 0.622595 0.513358 0.471825 0.498875 0.497777 0.499341 0.457987 0.420991 0.493865 0.442975 0.427895 0.420457 0.442705 0.404176 0.384685 0.345114 0.374895 0.420923 0.538224 0.414933 0.392779 0.439172 0.483670 0.536567 0.501377 0.489588 0.416921 0.433108 0.434895 0.441823 0.437034 0.301206 
273 vad:0.000334
gains: 0.623798 0.514978 0.473685 0.500881 0.498833 0.499710 0.458631 0.422007 0.494553 0.442940 0.427632 0.420321 0.442911 0.404097 0.384624 0.345821 0.375161 0.420917 0.538437 0.415430 0.392872 0.439434 0.483744 0.536474 0.500904 0.489916 0.417779 0.434323 0.436529 0.443252 0.438289 0.302131 
274 vad:0.000336
gains: 0.623229 0.513706 0.472143 0.500308 0.498684 0.499978 0.459221 0.422363 0.494875 0.443381 0.428172 0.420953 0.443424 0.404297 0.385168 0.346707 0.376083 0.421590 0.538783 0.414828 0.392337 0.440439 0.484624 0.536836 0.501370 0.490259 0.418163 0.435349 0.437456 0.443892 0.438357 0.301802 
275 vad:0.000336
gains: 0.623381 0.514077 0.472868 0.501763 0.499512 0.500328 0.459909 0.423072 0.495452 0.443969 0.428619 0.421127 0.443502 0.404452 0.385341 0.347231 0.376739 0.422118 0.539541 0.415158 0.392545 0.441354 0.485514 0.537324 0.501997 0.490460 0.418341 0.435764 0.437912 0.444531 0.438942 0.302348 
276 vad:0.000334
gains: 0.623677 0.514601 0.474251 0.502697 0.500332 0.500789 0.460214 0.423655 0.496075 0.444469 0.429027 0.421734 0.444140 0.404553 0.385219 0.347635 0.377364 0.423000 0.541191 0.416155 0.393503 0.443008 0.487043 0.538528 0.503083 0.491599 0.419534 0.436755 0.439058 0.445505 0.439853 0.303019 
277 vad:0.000336
gains: 0.623349 0.514085 0.471910 0.500373 0.499778 0.500248 0.459437 0.422361 0.494738 0.443402 0.427945 0.420733 0.443559 0.404016 0.384747 0.347190 0.376676 0.422698 0.541667 0.416252 0.393142 0.442253 0.486007 0.538058 0.503180 0.491745 0.419957 0.437887 0.440459 0.446654 0.440628 0.303463 
278 vad:0.000339
gains: 0.623991 0.514359 0.472109 0.500863 0.501061 0.501731 0.460408 0.423421 0.495987 0.444853 0.429547 0.422046 0.444515 0.404560 0.385040 0.347684 0.376819 0.422465 0.541620 0.416418 0.394365 0.444166 0.486845 0.539125 0.504343 0.492647 0.421186 0.439459 0.441701 0.447456 0.440701 0.303573 
279 vad:0.000339
gains: 0.624268 0.515010 0.472877 0.501241 0.501235 0.502430 0.461329 0.424588 0.496849 0.444739 0.429036 0.421993 0.444657 0.404474 0.384776 0.347086 0.376008 0.422210 0.541580 0.415954 0.393754 0.443811 0.486944 0.539443 0.504626 0.492860 0.421679 0.439798 0.441980 0.447712 0.440809 0.303518 
280 vad:0.000339
gains: 0.624216 0.514289 0.471941 0.500963 0.500452 0.501750 0.461166 0.424325 0.496711 0.445170 0.429770 0.422937 0.445233 0.404342 0.384402 0.347304 0.376585 0.422765 0.542641 0.417081 0.394649 0.444069 0.486357 0.538950 0.504373 0.492026 0.421203 0.439366 0.441786 0.447474 0.440167 0.302890 
281 vad:0.000342
gains: 0.623824 0.513653 0.471396 0.501131 0.500854 0.501919 0.461814 0.424548 0.496603 0.444674 0.428804 0.421962 0.444778 0.404071 0.383725 0.346308 0.375416 0.421622 0.541387 0.415353 0.393212 0.443470 0.485314 0.538180 0.503816 0.491608 0.421169 0.439513 0.441655 0.446997 0.439346 0.302197 
282 vad:0.000343
gains: 0.625373 0.515414 0.473462 0.503354 0.501838 0.502659 0.463086 0.425675 0.497668 0.445876 0.430090 0.423096 0.445505 0.404474 0.384424 0.347879 0.377230 0.422941 0.542279 0.416121 0.393679 0.444968 0.486973 0.538755 0.504406 0.492051 0.421243 0.439563 0.441714 0.446727 0.438990 0.301688 
283 vad:0.000342
gains: 0.624681 0.514690 0.471723 0.501663 0.502432 0.502380 0.461972 0.424472 0.496550 0.444557 0.428804 0.422143 0.445018 0.403966 0.383932 0.348168 0.377680 0.423203 0.543159 0.416205 0.393841 0.445138 0.486097 0.537924 0.504023 0.492087 0.421708 0.440417 0.442409 0.447475 0.439537 0.302281 
284 vad:0.000345
gains: 0.624572 0.514916 0.472230 0.502345 0.502868 0.503240 0.462714 0.424929 0.496723 0.444529 0.428621 0.422055 0.444580 0.403132 0.383838 0.348435 0.377487 0.423221 0.543092 0.415450 0.393388 0.446065 0.486903 0.538126 0.503144 0.491851 0.421982 0.440654 0.443307 0.447976 0.439879 0.301982 
285 vad:0.000342
gains: 0.624849 0.514248 0.471409 0.501731 0.501706 0.501882 0.461989 0.423625 0.495285 0.443473 0.427950 0.421400 0.443960 0.402206 0.382697 0.347497 0.376776 0.422547 0.542515 0.414924 0.392605 0.445649 0.486969 0.538362 0.503667 0.492290 0.422564 0.441591 0.443977 0.448625 0.440143 0.302172 
286 vad:0.000347
gains: 0.626346 0.515955 0.472540 0.503060 0.503048 0.503525 0.463586 0.425325 0.496614 0.444198 0.428460 0.422101 0.444681 0.403012 0.383877 0.348559 0.377691 0.424090 0.544067 0.416063 0.393869 0.447338 0.488387 0.539979 0.505610 0.494176 0.424429 0.444019 0.446392 0.450759 0.441730 0.303524 
287 vad:0.000347
gains: 0.625852 0.514820 0.471770 0.502690 0.503172 0.504080 0.464145 0.426013 0.497123 0.444284 0.428392 0.422077 0.444786 0.402853 0.382935 0.348096 0.377896 0.423898 0.543704 0.415452 0.393514 0.447108 0.487936 0.540182 0.506482 0.495100 0.425944 0.445800 0.447445 0.451703 0.442423 0.304271 
288 vad:0.000349
gains: 0.626407 0.516039 0.471711 0.503016 0.504540 0.505071 0.464617 0.426222 0.497188 0.444076 0.428078 0.421985 0.445069 0.403179 0.383455 0.348524 0.378525 0.425060 0.545396 0.415910 0.393389 0.446929 0.487560 0.540112 0.506314 0.494778 0.425775 0.445902 0.448032 0.452350 0.442874 0.304539 
289 vad:0.000350
gains: 0.624697 0.514436 0.470302 0.502401 0.504089 0.504816 0.465117 0.426605 0.497547 0.444459 0.428371 0.422271 0.445263 0.403076 0.383176 0.347966 0.377891 0.424284 0.545118 0.416011 0.393570 0.447267 0.487598 0.540157 0.506725 0.494700 0.425586 0.445946 0.447936 0.452579 0.442653 0.304607 
290 vad:0.000350
gains: 0.625234 0.515374 0.471905 0.502857 0.504087 0.505248 0.465720 0.427335 0.498108 0.444392 0.428022 0.422182 0.445610 0.403357 0.383026 0.348791 0.379088 0.425006 0.545232 0.415649 0.393248 0.447616 0.487807 0.539660 0.506374 0.494877 0.426385 0.446987 0.449068 0.453056 0.442853 0.304400 
291 vad:0.000351
gains: 0.625716 0.515731 0.471011 0.502526 0.504280 0.505738 0.467015 0.428191 0.499022 0.445459 0.429138 0.423347 0.446676 0.404181 0.383343 0.349354 0.379595 0.425135 0.546046 0.416600 0.394545 0.448648 0.487503 0.539325 0.506454 0.495169 0.427176 0.448125 0.449915 0.453619 0.442554 0.303914 
292 vad:0.000350
gains: 0.624738 0.515082 0.471133 0.502932 0.503805 0.504479 0.465746 0.427151 0.497797 0.444012 0.427224 0.421516 0.445113 0.402794 0.382270 0.348398 0.378536 0.424204 0.545221 0.414903 0.392760 0.447869 0.487228 0.538944 0.505846 0.494582 0.426404 0.447111 0.449291 0.452653 0.441767 0.302916 
293 vad:0.000353
gains: 0.626373 0.515593 0.470993 0.503746 0.504805 0.505724 0.467340 0.428355 0.499094 0.445739 0.429060 0.423328 0.446732 0.403928 0.382774 0.348647 0.378965 0.424004 0.545274 0.415891 0.393930 0.448147 0.487469 0.539894 0.506655 0.494594 0.426521 0.447325 0.449060 0.452196 0.440532 0.302260 
294 vad:0.000352
gains: 0.625732 0.515721 0.470759 0.503785 0.505629 0.505650 0.467494 0.428963 0.499090 0.444944 0.427923 0.422572 0.446683 0.403923 0.383269 0.350009 0.380267 0.425398 0.546864 0.416567 0.394065 0.449630 0.488513 0.540026 0.506909 0.495663 0.427883 0.448845 0.450643 0.453835 0.442019 0.303417 
295 vad:0.000356
gains: 0.626621 0.517008 0.471592 0.504754 0.506890 0.507065 0.468538 0.429687 0.500132 0.445757 0.428518 0.423143 0.447110 0.404472 0.384485 0.351631 0.381647 0.426983 0.548306 0.417034 0.394558 0.451110 0.489514 0.540593 0.507126 0.496807 0.429486 0.450615 0.452384 0.455125 0.443129 0.304132 
296 vad:0.000354
gains: 0.626147 0.516254 0.471419 0.504488 0.505879 0.506948 0.468121 0.428504 0.498490 0.444657 0.427707 0.422043 0.445968 0.403422 0.383441 0.350864 0.380882 0.426122 0.547342 0.416282 0.394125 0.450837 0.488592 0.540019 0.507122 0.496765 0.429450 0.451020 0.452538 0.455194 0.442861 0.304141 
297 vad:0.000354
gains: 0.626774 0.516144 0.471492 0.505077 0.506404 0.507332 0.469206 0.429527 0.498839 0.444362 0.427568 0.422344 0.446630 0.403737 0.383416 0.351279 0.381665 0.426918 0.547758 0.416335 0.394219 0.451306 0.489161 0.540459 0.507634 0.497558 0.430857 0.452600 0.454100 0.456413 0.443855 0.305010 
298 vad:0.000357
gains: 0.626665 0.516518 0.471493 0.504643 0.506558 0.507743 0.468966 0.429322 0.498893 0.444844 0.428069 0.422690 0.446449 0.402641 0.382125 0.349919 0.380416 0.426015 0.547631 0.415580 0.393010 0.450279 0.488260 0.539842 0.507398 0.496858 0.430567 0.452765 0.454404 0.456915 0.444095 0.305020 
299 vad:0.000360
gains: 0.626558 0.516486 0.471247 0.505114 0.506995 0.508037 0.469654 0.429863 0.499323 0.444805 0.427751 0.422426 0.446243 0.402683 0.382057 0.350189 0.380847 0.426856 0.548390 0.415546 0.393491 0.451695 0.489074 0.540214 0.507888 0.497340 0.431253 0.453673 0.455610 0.457920 0.444614 0.305142 
300 vad:0.000360
gains: 0.627419 0.516806 0.471379 0.505316 0.507048 0.507826 0.470095 0.430648 0.500238 0.445501 0.428397 0.423406 0.447251 0.403233 0.382013 0.350193 0.381418 0.426633 0.548147 0.415920 0.394354 0.452529 0.489097 0.540320 0.508349 0.497505 0.431558 0.454288 0.455843 0.457879 0.444112 0.304816 
301 vad:0.000362
gains: 0.627251 0.517713 0.471906 0.505918 0.508484 0.509416 0.471602 0.432059 0.501509 0.446504 0.428861 0.423753 0.448059 0.404043 0.382610 0.351090 0.382076 0.427236 0.549511 0.417128 0.395279 0.453344 0.488951 0.540407 0.508478 0.497493 0.431679 0.454876 0.456486 0.458506 0.444582 0.305369 
302 vad:0.000364
gains: 0.627273 0.517014 0.471367 0.506375 0.506744 0.508265 0.471335 0.431615 0.500889 0.446278 0.428612 0.423225 0.447185 0.402758 0.381235 0.350099 0.381182 0.426792 0.548775 0.415547 0.393466 0.453037 0.488932 0.540149 0.508430 0.497227 0.431193 0.454495 0.456152 0.457730 0.443401 0.304503 
303 vad:0.000365
gains: 0.627841 0.517477 0.471642 0.506085 0.508358 0.510019 0.472509 0.432514 0.501446 0.446729 0.429284 0.423960 0.448108 0.403302 0.381307 0.350462 0.381679 0.427171 0.549166 0.416200 0.394868 0.454290 0.489403 0.540473 0.508901 0.497795 0.432105 0.455615 0.456949 0.458507 0.444082 0.305221 
304 vad:0.000368
gains: 0.627868 0.517620 0.471774 0.506883 0.508089 0.510229 0.473440 0.433555 0.502041 0.446871 0.429133 0.424397 0.449172 0.404689 0.382624 0.351705 0.382639 0.427943 0.550036 0.416498 0.395028 0.455052 0.490219 0.540636 0.508429 0.497766 0.432285 0.455829 0.457492 0.459040 0.444137 0.305280 
305 vad:0.000368
gains: 0.628188 0.517878 0.472352 0.507152 0.507708 0.509713 0.473513 0.433415 0.501842 0.446799 0.429103 0.424286 0.448972 0.403941 0.381293 0.351205 0.382475 0.427330 0.549223 0.415240 0.393550 0.454217 0.489757 0.540366 0.508608 0.498059 0.432494 0.456098 0.457762 0.458886 0.443989 0.305087 
306 vad:0.000370
gains: 0.627967 0.518289 0.472429 0.507344 0.508653 0.510128 0.473609 0.433385 0.501529 0.446366 0.428372 0.423597 0.448697 0.403095 0.380250 0.351153 0.382806 0.427956 0.549398 0.415254 0.393382 0.454552 0.489781 0.540581 0.508830 0.498572 0.433097 0.457093 0.458825 0.459384 0.444181 0.304757 
307 vad:0.000371
gains: 0.628761 0.518523 0.471818 0.506924 0.509278 0.510573 0.474337 0.434246 0.502353 0.446632 0.428625 0.424150 0.449372 0.404137 0.382008 0.352714 0.384369 0.429882 0.551711 0.416654 0.395024 0.456190 0.490723 0.541708 0.510693 0.500545 0.435091 0.459197 0.460524 0.461033 0.445118 0.305707 
308 vad:0.000372
gains: 0.628882 0.519203 0.472192 0.507894 0.510337 0.511568 0.475652 0.435853 0.503876 0.447591 0.429078 0.424687 0.449894 0.404675 0.382609 0.353761 0.385643 0.430824 0.552546 0.417514 0.395765 0.457274 0.491355 0.542134 0.511655 0.501318 0.435892 0.460529 0.461766 0.461941 0.445432 0.305795 
309 vad:0.000373
gains: 0.628209 0.518561 0.470867 0.506045 0.509384 0.510860 0.474827 0.434729 0.502729 0.446499 0.427862 0.423482 0.448984 0.403520 0.381291 0.353385 0.385929 0.430712 0.551956 0.416450 0.394773 0.456833 0.490224 0.540773 0.510678 0.500660 0.435648 0.460562 0.461740 0.461458 0.444941 0.305257 
310 vad:0.000373
gains: 0.629279 0.519414 0.472817 0.507756 0.510473 0.513037 0.476739 0.436437 0.504341 0.448634 0.430663 0.426370 0.451018 0.404530 0.381584 0.352465 0.384506 0.429701 0.552517 0.418034 0.396614 0.457654 0.490236 0.541284 0.511237 0.500598 0.435775 0.460691 0.462050 0.462523 0.445957 0.306303 
311 vad:0.000375
gains: 0.628283 0.518313 0.470548 0.506149 0.509339 0.511831 0.476120 0.435220 0.502935 0.447095 0.428747 0.424643 0.450155 0.403642 0.380103 0.352259 0.385043 0.429931 0.552076 0.416660 0.395434 0.457741 0.490069 0.540608 0.510868 0.501071 0.436885 0.462655 0.464161 0.464006 0.446800 0.307016 
312 vad:0.000379
gains: 0.628674 0.518329 0.471191 0.506849 0.508175 0.510261 0.475046 0.434377 0.501509 0.445461 0.427511 0.423876 0.449502 0.403398 0.380003 0.351734 0.384185 0.429645 0.551785 0.416593 0.395567 0.458010 0.490489 0.540824 0.511115 0.501308 0.437553 0.463315 0.464421 0.463956 0.446502 0.306772 
313 vad:0.000381
gains: 0.629686 0.519582 0.472177 0.507388 0.508516 0.510703 0.475725 0.434732 0.501822 0.445702 0.427541 0.423845 0.449682 0.403438 0.379991 0.352504 0.385362 0.430089 0.551877 0.416192 0.395298 0.458910 0.491637 0.541625 0.511611 0.502002 0.438322 0.464208 0.465620 0.465240 0.447803 0.307906 
314 vad:0.000382
gains: 0.629290 0.519947 0.472232 0.508061 0.509782 0.511584 0.476417 0.435338 0.502467 0.446395 0.428252 0.424740 0.450650 0.404333 0.381137 0.352843 0.385427 0.430945 0.552610 0.416815 0.395955 0.459488 0.491894 0.541951 0.511963 0.502241 0.439253 0.465444 0.467053 0.466761 0.448859 0.308472 
315 vad:0.000384
gains: 0.628537 0.518944 0.471140 0.507360 0.509581 0.512654 0.477718 0.436112 0.502930 0.446767 0.428626 0.425111 0.450968 0.404634 0.381537 0.353098 0.385428 0.430364 0.552297 0.416236 0.395956 0.460048 0.491689 0.541675 0.511931 0.502031 0.438906 0.464978 0.466647 0.466215 0.448155 0.307859 
316 vad:0.000382
gains: 0.628753 0.519282 0.470581 0.506705 0.510732 0.513115 0.477947 0.436551 0.503495 0.446619 0.428151 0.424845 0.450646 0.404062 0.381016 0.353570 0.385633 0.430112 0.552539 0.415613 0.394878 0.459827 0.491300 0.541345 0.512212 0.502470 0.439198 0.465471 0.466833 0.466471 0.448376 0.308284 
317 vad:0.000386
gains: 0.630219 0.520941 0.472763 0.509322 0.512338 0.515543 0.480497 0.438616 0.505252 0.448732 0.430143 0.426503 0.452220 0.405755 0.382057 0.354292 0.387165 0.432354 0.554828 0.417663 0.396261 0.461644 0.493540 0.543457 0.514081 0.504103 0.440931 0.467211 0.468524 0.467978 0.449342 0.309222 
318 vad:0.000386
gains: 0.629400 0.520352 0.472010 0.508315 0.512467 0.515411 0.479723 0.438095 0.504753 0.448132 0.429261 0.425338 0.451082 0.404488 0.381040 0.354278 0.387409 0.432511 0.554446 0.416695 0.395830 0.461659 0.493346 0.543221 0.513674 0.504020 0.441106 0.467313 0.468743 0.468067 0.449596 0.309308 
319 vad:0.000390
gains: 0.629556 0.520802 0.472317 0.509298 0.513126 0.515985 0.481016 0.439279 0.505597 0.448619 0.429843 0.426010 0.451364 0.404714 0.381522 0.354882 0.388216 0.433175 0.555288 0.417104 0.396517 0.462813 0.493643 0.543508 0.514416 0.504818 0.441982 0.468425 0.469565 0.468583 0.449352 0.309213 
320 vad:0.000391
gains: 0.629646 0.521518 0.473155 0.509727 0.513337 0.515728 0.480901 0.438794 0.504764 0.447386 0.428846 0.425302 0.450958 0.404186 0.380826 0.354712 0.388208 0.433236 0.555176 0.416285 0.395537 0.462742 0.492463 0.541909 0.513091 0.504298 0.441571 0.468413 0.469736 0.468264 0.449005 0.308687 
321 vad:0.000393
gains: 0.629657 0.521474 0.472299 0.509455 0.512540 0.515446 0.481747 0.439384 0.505585 0.448515 0.429868 0.426424 0.452194 0.404823 0.380307 0.353813 0.387088 0.432789 0.555492 0.416897 0.396420 0.463263 0.492194 0.542243 0.513980 0.504560 0.442174 0.469466 0.470784 0.469366 0.449428 0.309162 
322 vad:0.000394
gains: 0.629820 0.521820 0.472128 0.509219 0.512963 0.515934 0.482076 0.439452 0.505445 0.448618 0.429952 0.426567 0.452660 0.405220 0.380528 0.354399 0.388095 0.433308 0.556148 0.417107 0.396688 0.463454 0.492477 0.542891 0.514667 0.504827 0.442633 0.469907 0.471082 0.469413 0.449249 0.309190 
323 vad:0.000395
gains: 0.630201 0.521929 0.472374 0.510030 0.514337 0.517668 0.483902 0.441381 0.507010 0.449499 0.430347 0.427092 0.453566 0.406002 0.381062 0.354686 0.388632 0.434729 0.558303 0.418653 0.398085 0.465489 0.495050 0.545159 0.516701 0.506490 0.444242 0.471321 0.472738 0.471278 0.450822 0.310591 
324 vad:0.000398
gains: 0.630726 0.523055 0.473509 0.510585 0.514086 0.517856 0.484590 0.442090 0.507690 0.450257 0.431025 0.427239 0.453335 0.405929 0.381372 0.355378 0.389181 0.435180 0.558442 0.418178 0.398142 0.466650 0.495491 0.545431 0.517639 0.507601 0.445170 0.472910 0.474225 0.472614 0.451910 0.311566 
325 vad:0.000399
gains: 0.631208 0.523633 0.472860 0.510289 0.515270 0.518998 0.486003 0.443353 0.508442 0.450814 0.431748 0.428148 0.454417 0.407176 0.382062 0.355404 0.389448 0.435764 0.559701 0.419696 0.399479 0.467391 0.495169 0.545194 0.517722 0.507573 0.445594 0.473536 0.474728 0.473239 0.452139 0.311583 
326 vad:0.000398
gains: 0.629817 0.522525 0.472880 0.510479 0.515408 0.519324 0.486104 0.443239 0.508256 0.450552 0.431169 0.427487 0.453935 0.406684 0.381632 0.355298 0.389376 0.435107 0.558448 0.417676 0.397610 0.466947 0.494824 0.544336 0.517034 0.507677 0.445773 0.473488 0.474652 0.472622 0.451544 0.310977 
327 vad:0.000402
gains: 0.630047 0.523493 0.473761 0.511454 0.516504 0.520409 0.487563 0.444363 0.509068 0.451031 0.431124 0.427330 0.454108 0.407033 0.381741 0.356040 0.390141 0.435843 0.559291 0.418325 0.398174 0.468039 0.495922 0.545607 0.518186 0.508742 0.447126 0.475248 0.476221 0.474054 0.452437 0.311775 
328 vad:0.000403
gains: 0.630266 0.523581 0.473247 0.511058 0.515943 0.520413 0.488440 0.445220 0.510178 0.452310 0.432745 0.428908 0.455346 0.408154 0.382596 0.356962 0.391238 0.436450 0.560110 0.419370 0.399253 0.469399 0.496609 0.546180 0.518854 0.509337 0.448016 0.476436 0.477073 0.474943 0.452582 0.312264 
329 vad:0.000401
gains: 0.630702 0.524057 0.473702 0.511750 0.517061 0.521027 0.488819 0.445353 0.509689 0.451213 0.431759 0.428577 0.455479 0.407945 0.382364 0.356543 0.390459 0.435771 0.559989 0.419302 0.399516 0.469851 0.497083 0.546818 0.519187 0.509267 0.448054 0.476336 0.477074 0.474726 0.452135 0.312009 
330 vad:0.000404
gains: 0.631209 0.524934 0.474175 0.512449 0.519243 0.522505 0.489783 0.446690 0.511623 0.453318 0.433480 0.430140 0.456814 0.408567 0.382886 0.357885 0.392026 0.437334 0.561738 0.420001 0.399996 0.470867 0.497551 0.547381 0.520217 0.510247 0.449007 0.477674 0.478273 0.475860 0.453351 0.312846 
331 vad:0.000406
gains: 0.631743 0.525065 0.473912 0.511994 0.518503 0.521871 0.489064 0.446076 0.510894 0.452108 0.432140 0.429212 0.456347 0.407945 0.382066 0.357780 0.392580 0.438032 0.561724 0.419379 0.399260 0.471082 0.497994 0.547412 0.520769 0.511117 0.449990 0.479039 0.479707 0.477001 0.454396 0.313486 
332 vad:0.000408
gains: 0.631944 0.525425 0.474130 0.512400 0.520183 0.523584 0.491172 0.447639 0.511966 0.453221 0.433260 0.430359 0.457584 0.408862 0.382578 0.358059 0.392756 0.438127 0.562402 0.420059 0.400461 0.472930 0.499046 0.548225 0.521060 0.511190 0.450212 0.479391 0.480074 0.477196 0.454132 0.313322 
333 vad:0.000404
gains: 0.631475 0.524108 0.473232 0.511604 0.518058 0.522070 0.490183 0.446717 0.511027 0.452337 0.432706 0.430352 0.457417 0.407739 0.380900 0.356864 0.392043 0.437519 0.562122 0.419800 0.399819 0.472212 0.498091 0.547081 0.520201 0.510576 0.450041 0.479303 0.480010 0.477007 0.453695 0.312917 
334 vad:0.000407
gains: 0.633071 0.524983 0.473471 0.511396 0.518696 0.522703 0.490505 0.447250 0.511544 0.452924 0.433288 0.430794 0.457592 0.408121 0.381883 0.357905 0.393439 0.438754 0.562990 0.420207 0.400255 0.472874 0.499088 0.548181 0.521445 0.511693 0.451555 0.480975 0.481466 0.478338 0.454990 0.314191 
335 vad:0.000410
gains: 0.632786 0.525739 0.473839 0.512250 0.519858 0.523754 0.491843 0.448614 0.512903 0.453944 0.433595 0.430981 0.458167 0.408737 0.382446 0.358369 0.393974 0.439945 0.563661 0.420539 0.400379 0.473234 0.499775 0.548755 0.521989 0.512357 0.452264 0.482012 0.482648 0.479778 0.455805 0.314727 
336 vad:0.000410
gains: 0.632542 0.525068 0.472826 0.511450 0.518814 0.522742 0.491118 0.447567 0.511760 0.452906 0.432835 0.430505 0.457643 0.408003 0.381588 0.358094 0.393821 0.438916 0.562211 0.419623 0.399846 0.473352 0.500044 0.548905 0.521863 0.511891 0.451833 0.481738 0.482244 0.479387 0.455562 0.314529 
337 vad:0.000413
gains: 0.633668 0.526351 0.473881 0.512303 0.519211 0.523642 0.492550 0.448711 0.512541 0.453868 0.433678 0.431037 0.458112 0.408231 0.381516 0.358131 0.394004 0.438987 0.562579 0.420144 0.400481 0.473804 0.499405 0.548426 0.522078 0.512054 0.452171 0.482479 0.482830 0.479789 0.455751 0.314914 
338 vad:0.000413
gains: 0.634350 0.527549 0.474776 0.513345 0.520616 0.525042 0.494537 0.450351 0.513899 0.455304 0.435392 0.432651 0.459253 0.409193 0.382237 0.358015 0.393477 0.438632 0.563497 0.421325 0.401613 0.474561 0.499435 0.548618 0.522645 0.512259 0.452417 0.482569 0.482962 0.479945 0.455551 0.315016 
339 vad:0.000417
gains: 0.633887 0.527852 0.474777 0.513763 0.520632 0.524536 0.494833 0.451024 0.514534 0.455319 0.434856 0.432413 0.459870 0.409730 0.381973 0.358683 0.394728 0.439439 0.564000 0.421043 0.401093 0.475395 0.499915 0.548282 0.522261 0.512408 0.452497 0.482605 0.483205 0.479906 0.455347 0.314638 
340 vad:0.000419
gains: 0.633952 0.528678 0.475536 0.514588 0.521748 0.525734 0.496121 0.452085 0.515346 0.456177 0.435631 0.433016 0.460288 0.409851 0.381996 0.359111 0.395008 0.439798 0.563613 0.420682 0.400888 0.475498 0.499800 0.548373 0.522392 0.512551 0.452947 0.483669 0.484196 0.480722 0.455828 0.315068 
341 vad:0.000418
gains: 0.632928 0.527229 0.474471 0.513884 0.521180 0.524680 0.494636 0.450868 0.514055 0.454850 0.434336 0.431934 0.459501 0.408747 0.380724 0.358763 0.395120 0.439975 0.563967 0.420500 0.400651 0.475755 0.500316 0.548797 0.522734 0.513111 0.453906 0.484684 0.485290 0.481988 0.457230 0.316431 
342 vad:0.000424
gains: 0.634024 0.528849 0.476179 0.515469 0.522451 0.526269 0.496409 0.452501 0.515341 0.455897 0.435195 0.432507 0.459818 0.409095 0.381508 0.359017 0.395288 0.440210 0.564462 0.420556 0.400847 0.477223 0.501358 0.549587 0.523710 0.513973 0.454838 0.485812 0.486522 0.482962 0.457654 0.317040 
343 vad:0.000424
gains: 0.633768 0.528218 0.474363 0.513706 0.521798 0.525616 0.495919 0.451978 0.514904 0.454938 0.434452 0.432070 0.459492 0.408578 0.380483 0.358581 0.395072 0.439615 0.563714 0.420496 0.401763 0.478030 0.500345 0.548400 0.523091 0.514029 0.455213 0.486784 0.487375 0.483610 0.457912 0.317382 
344 vad:0.000422
gains: 0.632927 0.527556 0.474347 0.513742 0.520516 0.524756 0.495817 0.451466 0.514103 0.454529 0.434022 0.431314 0.458415 0.407570 0.379709 0.358102 0.394682 0.439164 0.563090 0.419056 0.399491 0.476733 0.500175 0.547999 0.522941 0.513983 0.455358 0.486988 0.487777 0.484089 0.458167 0.317508 
345 vad:0.000424
gains: 0.633384 0.528189 0.474986 0.514458 0.521761 0.525682 0.496452 0.452206 0.514820 0.455083 0.434063 0.431297 0.458873 0.408207 0.380213 0.358591 0.395354 0.440345 0.564240 0.419668 0.400284 0.477283 0.500396 0.548276 0.522929 0.514436 0.456107 0.487801 0.488962 0.484892 0.458931 0.318037 
346 vad:0.000428
gains: 0.634209 0.529320 0.476097 0.515774 0.522735 0.526645 0.497556 0.453000 0.515409 0.455977 0.435374 0.432805 0.460188 0.409133 0.380428 0.358936 0.396652 0.441738 0.565828 0.421230 0.401923 0.478353 0.500957 0.548675 0.523738 0.514989 0.456801 0.488493 0.489254 0.485227 0.458724 0.317726 
347 vad:0.000424
gains: 0.634251 0.528944 0.474738 0.514579 0.522538 0.526186 0.496844 0.452303 0.514744 0.455108 0.434284 0.431701 0.459344 0.408380 0.380026 0.358999 0.396785 0.441984 0.565859 0.420524 0.401588 0.480041 0.503011 0.549894 0.524681 0.515895 0.457178 0.488829 0.489933 0.485989 0.459551 0.318550 
348 vad:0.000429
gains: 0.634712 0.528869 0.475280 0.515511 0.522200 0.526272 0.497628 0.452719 0.514978 0.455196 0.434442 0.431984 0.459515 0.408113 0.379423 0.359177 0.397225 0.441938 0.565158 0.419469 0.400620 0.479492 0.502502 0.549163 0.524556 0.516597 0.458225 0.490277 0.491298 0.487187 0.460352 0.319469 
349 vad:0.000430
gains: 0.635641 0.530952 0.476500 0.516634 0.524188 0.527645 0.499404 0.454535 0.516279 0.456144 0.435282 0.433078 0.460935 0.409268 0.380568 0.359692 0.397433 0.443254 0.567126 0.420986 0.402286 0.481647 0.503848 0.550646 0.526173 0.517550 0.459377 0.491627 0.492900 0.488578 0.461507 0.320430 
350 vad:0.000432
gains: 0.634797 0.530187 0.476006 0.516125 0.523665 0.527759 0.499546 0.454933 0.516838 0.456497 0.435376 0.433242 0.461477 0.409617 0.380382 0.359964 0.397840 0.442584 0.566367 0.419782 0.401268 0.481136 0.502897 0.550101 0.526365 0.518050 0.459998 0.492306 0.493224 0.488846 0.461702 0.320891 
351 vad:0.000434
gains: 0.636283 0.532124 0.477096 0.516447 0.524238 0.528260 0.499918 0.455054 0.516738 0.456337 0.435080 0.433133 0.461855 0.410369 0.381427 0.361061 0.398738 0.443479 0.567269 0.420850 0.402205 0.482211 0.503813 0.550798 0.526847 0.518687 0.461017 0.493547 0.494798 0.490770 0.463269 0.322230 
352 vad:0.000436
gains: 0.636754 0.532743 0.477235 0.516534 0.525423 0.530361 0.502028 0.456863 0.518242 0.457602 0.436445 0.434527 0.463313 0.411587 0.382246 0.361961 0.399586 0.444126 0.568361 0.422173 0.403529 0.484020 0.504766 0.551282 0.527286 0.519033 0.461492 0.494369 0.495346 0.491424 0.463429 0.322436 
353 vad:0.000434
gains: 0.635280 0.531716 0.477288 0.516297 0.524317 0.529377 0.500908 0.455816 0.517144 0.456645 0.435451 0.433671 0.462146 0.409921 0.380429 0.361404 0.399569 0.444210 0.568087 0.421233 0.402408 0.484192 0.505376 0.551451 0.528077 0.519912 0.462048 0.494948 0.495768 0.491714 0.463810 0.323310 
354 vad:0.000438
gains: 0.635780 0.531639 0.476020 0.515679 0.523914 0.528715 0.500469 0.455414 0.516377 0.455546 0.434636 0.433535 0.462758 0.410969 0.381258 0.361483 0.399374 0.444127 0.568356 0.421714 0.403228 0.484707 0.505503 0.551760 0.528707 0.520353 0.462858 0.496119 0.496868 0.492693 0.463890 0.323358 
355 vad:0.000439
gains: 0.635746 0.532232 0.477272 0.516848 0.524947 0.530675 0.503045 0.457862 0.518747 0.457684 0.436324 0.435007 0.464220 0.412237 0.382174 0.362593 0.400335 0.444298 0.568523 0.421717 0.403635 0.485703 0.505487 0.551886 0.529487 0.520842 0.463456 0.496711 0.497417 0.492891 0.464094 0.323870 
356 vad:0.000439
gains: 0.635373 0.531867 0.475996 0.515721 0.525197 0.530200 0.503089 0.458156 0.519030 0.457645 0.435940 0.434487 0.463876 0.412133 0.381887 0.362005 0.400043 0.444470 0.569408 0.422737 0.404571 0.486559 0.506266 0.553211 0.530880 0.521267 0.464001 0.497298 0.497836 0.493521 0.464361 0.324193 
357 vad:0.000441
gains: 0.635221 0.532242 0.476576 0.516553 0.527010 0.532032 0.504501 0.459393 0.519768 0.458149 0.436346 0.434808 0.464047 0.412101 0.382143 0.362575 0.401046 0.445267 0.570369 0.423167 0.404621 0.487361 0.506680 0.553588 0.531314 0.521715 0.464410 0.497846 0.498466 0.494296 0.464810 0.324717 
358 vad:0.000443
gains: 0.636383 0.533403 0.477770 0.517904 0.526985 0.532079 0.505345 0.460209 0.520428 0.458421 0.436344 0.435134 0.464558 0.412695 0.382661 0.363782 0.402757 0.446423 0.570925 0.423621 0.405186 0.488900 0.507932 0.554236 0.532059 0.523063 0.465665 0.499289 0.499642 0.495100 0.465192 0.324956 
359 vad:0.000445
gains: 0.636632 0.533601 0.477718 0.518368 0.525774 0.531065 0.505584 0.460158 0.520373 0.458840 0.436974 0.435423 0.464974 0.412824 0.382020 0.363181 0.402142 0.445926 0.570826 0.424053 0.405738 0.489421 0.508275 0.554447 0.532580 0.523458 0.466141 0.500073 0.500586 0.496163 0.465730 0.325677 
360 vad:0.000447
gains: 0.636797 0.534221 0.478564 0.519232 0.526290 0.531796 0.506641 0.460771 0.520847 0.459157 0.437388 0.436263 0.465872 0.413375 0.382422 0.363912 0.402702 0.446477 0.570638 0.423058 0.405161 0.489247 0.508238 0.554478 0.532339 0.523709 0.466340 0.500315 0.500875 0.496313 0.465896 0.325686 
361 vad:0.000445
gains: 0.636960 0.534297 0.478800 0.519689 0.526373 0.531518 0.506729 0.460814 0.520519 0.459245 0.437805 0.436827 0.466321 0.413412 0.382381 0.363227 0.401928 0.446718 0.571557 0.423708 0.405500 0.489915 0.508975 0.555158 0.533469 0.524552 0.467381 0.501416 0.502164 0.497393 0.466819 0.326094 
362 vad:0.000453
gains: 0.636862 0.534965 0.478377 0.519091 0.527360 0.532332 0.506900 0.461629 0.521552 0.459570 0.437417 0.436454 0.466348 0.413708 0.382810 0.363910 0.402652 0.447399 0.571644 0.423174 0.405087 0.490514 0.509136 0.554832 0.533797 0.525295 0.468206 0.502557 0.503164 0.498192 0.467207 0.326811 
363 vad:0.000451
gains: 0.636663 0.534885 0.478735 0.519666 0.528313 0.533599 0.508358 0.462601 0.522173 0.460067 0.438011 0.437320 0.467386 0.414194 0.382138 0.363854 0.403410 0.446740 0.571196 0.423445 0.405140 0.489874 0.508074 0.554293 0.533630 0.525406 0.468602 0.502825 0.503350 0.498372 0.467385 0.326776 
364 vad:0.000452
gains: 0.635999 0.534562 0.477755 0.518130 0.527665 0.532489 0.506712 0.461363 0.520953 0.459032 0.436935 0.436359 0.466521 0.413066 0.381726 0.363917 0.403584 0.447275 0.571235 0.422619 0.404296 0.489865 0.507976 0.553952 0.533291 0.525308 0.468742 0.503338 0.504071 0.498946 0.467602 0.327057 
365 vad:0.000455
gains: 0.637228 0.536549 0.479294 0.519972 0.530535 0.535636 0.509771 0.463909 0.523316 0.461101 0.438771 0.438186 0.468518 0.414728 0.382939 0.365252 0.405118 0.448390 0.572567 0.423696 0.405493 0.491266 0.509285 0.555139 0.534092 0.526724 0.470698 0.505163 0.505907 0.500415 0.468423 0.327668 
366 vad:0.000455
gains: 0.636571 0.535933 0.478651 0.519925 0.529489 0.534588 0.509683 0.463543 0.522533 0.459974 0.437673 0.437384 0.467999 0.413994 0.382066 0.364929 0.404489 0.447769 0.572275 0.423147 0.405713 0.492266 0.509661 0.555365 0.534451 0.527047 0.471013 0.505598 0.506324 0.500926 0.468697 0.328097 
367 vad:0.000453
gains: 0.636404 0.535324 0.477934 0.519302 0.528452 0.533941 0.509286 0.463040 0.521997 0.459785 0.437456 0.437284 0.467826 0.413585 0.381711 0.364769 0.404676 0.448211 0.572264 0.422911 0.405005 0.492161 0.510191 0.556076 0.535791 0.527493 0.471414 0.506253 0.507011 0.501742 0.469456 0.328821 
368 vad:0.000457
gains: 0.636580 0.536325 0.479635 0.520754 0.529496 0.535249 0.510363 0.463611 0.522004 0.459809 0.437684 0.437327 0.467697 0.413972 0.382495 0.365645 0.405967 0.449868 0.573793 0.423914 0.406177 0.494320 0.511945 0.557054 0.536469 0.528563 0.472492 0.507113 0.508197 0.503294 0.471209 0.330534 
369 vad:0.000459
gains: 0.637213 0.536662 0.479209 0.520791 0.529371 0.535261 0.511382 0.464096 0.522359 0.460038 0.437912 0.437153 0.467482 0.414384 0.382502 0.365111 0.405320 0.449013 0.573318 0.423159 0.405402 0.493048 0.510081 0.556097 0.536331 0.527885 0.472062 0.507244 0.507939 0.503062 0.470055 0.329898 
370 vad:0.000461
gains: 0.636626 0.536797 0.479096 0.520885 0.530823 0.536136 0.511894 0.465327 0.523798 0.461079 0.438606 0.438092 0.468592 0.414530 0.381854 0.364969 0.405440 0.449319 0.573994 0.423452 0.405846 0.495134 0.512006 0.557298 0.537320 0.528947 0.472643 0.508196 0.509288 0.504497 0.471443 0.331059 
371 vad:0.000457
gains: 0.636787 0.536276 0.478893 0.520846 0.529695 0.535907 0.512990 0.465534 0.523070 0.460226 0.438085 0.437844 0.468659 0.414422 0.381008 0.364249 0.405208 0.449128 0.574247 0.424662 0.406854 0.495349 0.511570 0.557048 0.537820 0.529346 0.473729 0.509495 0.510035 0.505160 0.471692 0.331513 
372 vad:0.000464
gains: 0.638522 0.538954 0.481901 0.523095 0.531478 0.537335 0.513764 0.467010 0.524815 0.461995 0.439629 0.439494 0.470366 0.415677 0.382264 0.365452 0.406189 0.450519 0.575755 0.425559 0.408336 0.497606 0.513607 0.558945 0.539208 0.530765 0.475332 0.510846 0.511497 0.506430 0.473071 0.332750 
373 vad:0.000463
gains: 0.637255 0.537615 0.480271 0.521935 0.530779 0.537189 0.514019 0.466963 0.524495 0.461356 0.438862 0.438814 0.469787 0.415031 0.381206 0.365034 0.406540 0.450507 0.575197 0.424293 0.407126 0.496817 0.512645 0.557828 0.538801 0.530665 0.475378 0.511172 0.511851 0.506884 0.473213 0.333188 
374 vad:0.000464
gains: 0.638037 0.538477 0.480703 0.522271 0.531089 0.537067 0.514354 0.467133 0.524718 0.461961 0.439505 0.439351 0.470163 0.415237 0.381545 0.365395 0.406819 0.451084 0.576242 0.425990 0.408544 0.497500 0.512899 0.558598 0.540304 0.531650 0.476281 0.512222 0.512755 0.507712 0.473739 0.334124 
375 vad:0.000468
gains: 0.638335 0.538994 0.480604 0.522151 0.530740 0.535803 0.513342 0.466305 0.523759 0.460903 0.438917 0.439158 0.469737 0.414522 0.381156 0.365897 0.407696 0.451587 0.576442 0.425951 0.408689 0.498980 0.513857 0.558515 0.540114 0.531785 0.476352 0.512718 0.513193 0.508181 0.473989 0.334193 
376 vad:0.000465
gains: 0.638301 0.539880 0.482508 0.523833 0.532376 0.537983 0.515535 0.468205 0.525442 0.462685 0.440598 0.440567 0.470669 0.415004 0.381199 0.365238 0.406641 0.450744 0.575860 0.425891 0.408859 0.499001 0.513640 0.558499 0.540006 0.531220 0.476170 0.512642 0.512957 0.508000 0.473604 0.333978 
377 vad:0.000468
gains: 0.638078 0.540056 0.481506 0.523377 0.531983 0.537495 0.515608 0.468522 0.525915 0.462672 0.440178 0.440388 0.470971 0.415565 0.381476 0.365773 0.407482 0.451678 0.576775 0.425769 0.408384 0.498942 0.513285 0.558188 0.540057 0.532084 0.477385 0.513983 0.514710 0.509722 0.475251 0.335634 
378 vad:0.000473
gains: 0.638566 0.541233 0.482720 0.524314 0.533456 0.539335 0.516840 0.469427 0.526333 0.462808 0.440361 0.440733 0.471500 0.415964 0.382082 0.366807 0.409069 0.452877 0.577041 0.425039 0.408080 0.499580 0.514040 0.558685 0.540562 0.532866 0.478179 0.515075 0.515646 0.510623 0.475714 0.336131 
379 vad:0.000471
gains: 0.638647 0.541567 0.482740 0.524986 0.534529 0.540787 0.518927 0.471251 0.528167 0.464595 0.441970 0.442282 0.473519 0.417949 0.382646 0.367419 0.409877 0.453377 0.577840 0.426703 0.410303 0.501546 0.515300 0.560105 0.542486 0.534491 0.479591 0.516768 0.517691 0.512696 0.477443 0.337799 
380 vad:0.000470
gains: 0.638927 0.541699 0.482959 0.525067 0.534368 0.540639 0.518937 0.471706 0.528622 0.464874 0.442346 0.442828 0.473594 0.417390 0.382373 0.367562 0.410106 0.453182 0.577718 0.426420 0.409988 0.501830 0.515853 0.560191 0.543017 0.535721 0.481178 0.518226 0.518992 0.513535 0.478236 0.338503 
381 vad:0.000475
gains: 0.639970 0.543503 0.484461 0.526627 0.536273 0.543392 0.521974 0.473958 0.530529 0.466931 0.444041 0.444165 0.475094 0.419256 0.383985 0.369067 0.412190 0.455978 0.580392 0.428665 0.412592 0.505129 0.519402 0.563492 0.545590 0.537836 0.483284 0.520247 0.521251 0.515799 0.480008 0.340011 
382 vad:0.000474
gains: 0.639472 0.543064 0.484973 0.525701 0.533921 0.541090 0.520001 0.472361 0.528800 0.464810 0.441837 0.442200 0.473475 0.417547 0.382288 0.368666 0.411927 0.454350 0.577926 0.426300 0.411106 0.504967 0.518946 0.562224 0.544179 0.537073 0.482771 0.519821 0.520682 0.514679 0.479112 0.339211 
383 vad:0.000477
gains: 0.639183 0.543142 0.484489 0.525955 0.534179 0.541598 0.521377 0.473628 0.529830 0.465774 0.442677 0.443087 0.474731 0.418850 0.382936 0.368744 0.412007 0.455200 0.578894 0.427115 0.411550 0.505468 0.518827 0.562078 0.544794 0.537686 0.483656 0.521258 0.522226 0.516251 0.479863 0.339928 
384 vad:0.000476
gains: 0.638408 0.542364 0.484109 0.525405 0.532888 0.539977 0.519602 0.472166 0.528230 0.464329 0.441674 0.442296 0.473724 0.418001 0.382740 0.368985 0.412429 0.455728 0.578926 0.426827 0.411055 0.505567 0.518508 0.561366 0.544589 0.537274 0.482566 0.520663 0.521691 0.516310 0.480226 0.340337 
385 vad:0.000480
gains: 0.640009 0.544530 0.485182 0.526700 0.535190 0.542758 0.523476 0.475443 0.530733 0.466792 0.444493 0.445005 0.476068 0.420074 0.384570 0.370362 0.414025 0.457061 0.580914 0.428891 0.413085 0.507769 0.520504 0.563162 0.546308 0.538742 0.484180 0.522271 0.523006 0.517436 0.480407 0.340599 
386 vad:0.000477
gains: 0.638962 0.543027 0.484654 0.526087 0.535001 0.542336 0.522408 0.474645 0.530267 0.466831 0.444728 0.445051 0.475995 0.419858 0.383641 0.369777 0.413698 0.455846 0.579716 0.428717 0.413269 0.507840 0.520418 0.563146 0.546299 0.538107 0.483365 0.521393 0.521938 0.516315 0.479228 0.339706 
387 vad:0.000478
gains: 0.639078 0.543645 0.485137 0.526745 0.534469 0.541370 0.522389 0.474774 0.530321 0.466527 0.444029 0.444543 0.476154 0.419941 0.383476 0.369868 0.413941 0.456574 0.580493 0.428462 0.412807 0.507604 0.519879 0.562414 0.546106 0.538315 0.483947 0.521835 0.522749 0.517423 0.480568 0.341175 
388 vad:0.000482
gains: 0.639053 0.544561 0.485435 0.527134 0.536413 0.543337 0.523804 0.476123 0.531568 0.467200 0.444278 0.445069 0.477202 0.421237 0.384786 0.371050 0.414947 0.457792 0.581564 0.428998 0.413320 0.508127 0.519887 0.562563 0.546404 0.538833 0.484623 0.522715 0.523700 0.518138 0.480481 0.340850 
389 vad:0.000480
gains: 0.638477 0.543586 0.484651 0.526332 0.535081 0.541653 0.522201 0.474257 0.529713 0.465688 0.443222 0.444049 0.475822 0.419608 0.383722 0.370059 0.413681 0.456179 0.580324 0.428216 0.413146 0.508767 0.519812 0.562181 0.545955 0.538698 0.484507 0.522530 0.523375 0.517961 0.480021 0.340714 
390 vad:0.000484
gains: 0.638922 0.544405 0.484310 0.525588 0.534854 0.541812 0.522178 0.474099 0.529184 0.464720 0.442130 0.443020 0.474976 0.418837 0.383599 0.370598 0.414532 0.457291 0.581397 0.428386 0.413411 0.509663 0.520679 0.562968 0.546580 0.539377 0.485070 0.523211 0.524232 0.518819 0.480883 0.341564 
391 vad:0.000479
gains: 0.638421 0.543368 0.484235 0.525859 0.534338 0.541375 0.522149 0.473753 0.528563 0.464547 0.442140 0.443044 0.475174 0.418847 0.382628 0.369572 0.413943 0.456366 0.580534 0.428029 0.413337 0.509439 0.520680 0.563460 0.547851 0.540222 0.486029 0.524371 0.525137 0.519455 0.481490 0.341973 
392 vad:0.000484
gains: 0.639764 0.544926 0.485210 0.526960 0.534907 0.542302 0.523368 0.475081 0.529939 0.466085 0.443678 0.444837 0.476967 0.420378 0.383754 0.370538 0.414764 0.457406 0.582024 0.429298 0.414567 0.510169 0.520617 0.563360 0.547890 0.540365 0.486828 0.525358 0.526221 0.520653 0.482330 0.343370 
393 vad:0.000488
gains: 0.639962 0.546035 0.486403 0.528044 0.536600 0.544589 0.526297 0.477885 0.532289 0.467586 0.444710 0.445486 0.477424 0.420684 0.383807 0.370944 0.415825 0.457801 0.582228 0.429241 0.414616 0.511213 0.521158 0.563428 0.548098 0.541154 0.487795 0.526325 0.527066 0.521697 0.482976 0.344062 
394 vad:0.000485
gains: 0.640311 0.545749 0.485496 0.527204 0.535583 0.543877 0.525288 0.476702 0.530961 0.466041 0.443237 0.444464 0.477077 0.420303 0.382785 0.370058 0.415277 0.457687 0.582116 0.429126 0.414757 0.511450 0.521735 0.564127 0.548971 0.541965 0.488859 0.527607 0.528173 0.522297 0.483218 0.344308 
395 vad:0.000485
gains: 0.640510 0.546410 0.486328 0.527865 0.537368 0.545142 0.526292 0.477917 0.531920 0.467118 0.444074 0.445202 0.478005 0.421090 0.383751 0.371377 0.416977 0.459666 0.583747 0.430158 0.416127 0.514128 0.525244 0.567534 0.551802 0.544348 0.490932 0.529175 0.529715 0.523936 0.485011 0.346133 
396 vad:0.000490
gains: 0.639836 0.546048 0.485989 0.527958 0.536627 0.544377 0.526189 0.477632 0.531650 0.467314 0.444447 0.445409 0.477824 0.420671 0.383340 0.370935 0.416433 0.459094 0.583293 0.429960 0.416190 0.514660 0.525072 0.567192 0.552174 0.544679 0.491104 0.529768 0.530400 0.524658 0.485003 0.346172 
397 vad:0.000493
gains: 0.641093 0.547765 0.488004 0.529949 0.538045 0.545204 0.527676 0.479030 0.532888 0.468316 0.445173 0.446072 0.478639 0.421825 0.384418 0.372487 0.418315 0.461280 0.585006 0.431068 0.417139 0.515898 0.526206 0.568053 0.553082 0.546122 0.493006 0.531889 0.532680 0.526620 0.487053 0.348253 
398 vad:0.000496
gains: 0.640660 0.548028 0.486971 0.529113 0.538170 0.545741 0.529002 0.480473 0.534337 0.469267 0.445900 0.446483 0.478915 0.422391 0.384944 0.372500 0.418422 0.461701 0.585571 0.431661 0.417443 0.516682 0.526115 0.567769 0.553538 0.546510 0.493391 0.532699 0.533641 0.528061 0.488114 0.349335 
399 vad:0.000496
gains: 0.639100 0.547019 0.485826 0.527426 0.537231 0.544429 0.526585 0.478708 0.533135 0.468074 0.444845 0.445808 0.478522 0.421623 0.384166 0.372208 0.417887 0.460586 0.584549 0.430605 0.416912 0.516549 0.525690 0.567244 0.553319 0.546711 0.493402 0.532730 0.533655 0.528021 0.488088 0.349138 
400 vad:0.000491
gains: 0.639733 0.546939 0.486485 0.527971 0.537301 0.545055 0.527564 0.479254 0.533040 0.468049 0.444920 0.446195 0.479296 0.422298 0.383939 0.371440 0.417622 0.460159 0.584274 0.430637 0.417031 0.516303 0.525620 0.567425 0.553955 0.546522 0.493348 0.532692 0.533624 0.528024 0.488015 0.349058 
401 vad:0.000493
gains: 0.640491 0.548063 0.487779 0.529427 0.538801 0.546028 0.528333 0.479929 0.533649 0.468705 0.445556 0.446933 0.480095 0.422584 0.384274 0.372668 0.419500 0.461711 0.585345 0.431305 0.418267 0.517883 0.526574 0.568006 0.554540 0.547279 0.493586 0.532688 0.533630 0.527750 0.487675 0.348901 
402 vad:0.000497
gains: 0.639767 0.547099 0.485819 0.527871 0.537921 0.545395 0.527732 0.479477 0.533079 0.467792 0.444757 0.446515 0.479759 0.422306 0.384008 0.371827 0.417928 0.460643 0.584462 0.430434 0.417459 0.517074 0.525420 0.566741 0.553132 0.545723 0.492545 0.531785 0.532812 0.527084 0.486550 0.347860 
403 vad:0.000495
gains: 0.640263 0.547905 0.487398 0.529497 0.538656 0.545679 0.528535 0.480260 0.533876 0.468423 0.445051 0.446717 0.480074 0.422403 0.383943 0.372678 0.418727 0.460760 0.584619 0.430696 0.418070 0.517926 0.525980 0.567327 0.553895 0.546315 0.492892 0.532300 0.533553 0.528256 0.488108 0.349197 
404 vad:0.000504
gains: 0.642348 0.550149 0.488717 0.530166 0.539191 0.546551 0.530010 0.481426 0.534961 0.469331 0.445839 0.447287 0.480580 0.423594 0.385224 0.373897 0.420268 0.461763 0.585474 0.431403 0.418196 0.518313 0.526728 0.567904 0.554576 0.546971 0.493861 0.533756 0.534963 0.529446 0.488591 0.349967 
405 vad:0.000500
gains: 0.640429 0.549532 0.489242 0.530810 0.538902 0.545701 0.529873 0.481347 0.534756 0.469246 0.445445 0.446704 0.480240 0.422805 0.383993 0.373567 0.419707 0.460935 0.584967 0.430891 0.418100 0.519484 0.527664 0.568224 0.554540 0.547616 0.494153 0.534417 0.535777 0.530366 0.489193 0.350513 
406 vad:0.000500
gains: 0.640848 0.549947 0.489197 0.530834 0.539098 0.546556 0.530640 0.482042 0.535114 0.469523 0.445489 0.446885 0.480328 0.422830 0.384562 0.373829 0.420033 0.461550 0.585139 0.430996 0.417920 0.519442 0.527980 0.568262 0.554481 0.547728 0.494646 0.535163 0.536567 0.530725 0.489523 0.350777 
407 vad:0.000499
gains: 0.641501 0.550346 0.489668 0.531550 0.539966 0.547339 0.531883 0.483132 0.535779 0.470355 0.446528 0.447979 0.481535 0.423657 0.384578 0.373954 0.420887 0.462721 0.586789 0.432424 0.419753 0.521660 0.530018 0.570194 0.556310 0.549002 0.495714 0.535952 0.537384 0.531536 0.489984 0.351556 
408 vad:0.000503
gains: 0.641066 0.550460 0.489456 0.531233 0.540831 0.547671 0.531323 0.482966 0.535632 0.470360 0.446728 0.448694 0.482403 0.424103 0.385126 0.374716 0.421552 0.463345 0.587421 0.432752 0.419686 0.522092 0.530179 0.570300 0.556790 0.549627 0.496480 0.537044 0.538500 0.532293 0.490649 0.352003 
409 vad:0.000501
gains: 0.639424 0.549193 0.488116 0.530017 0.539504 0.546390 0.530404 0.482127 0.534848 0.469391 0.445815 0.448243 0.481981 0.423073 0.383847 0.373938 0.421150 0.462922 0.587000 0.432112 0.419059 0.521735 0.529687 0.569820 0.557026 0.550114 0.497041 0.537697 0.539340 0.533521 0.491444 0.352375 
410 vad:0.000508
gains: 0.640603 0.551096 0.490745 0.532456 0.541394 0.548300 0.531995 0.483325 0.535965 0.470704 0.447145 0.449192 0.482756 0.423674 0.383764 0.373842 0.421464 0.463038 0.586898 0.432222 0.419398 0.522480 0.530410 0.570679 0.558218 0.550986 0.497985 0.538915 0.540280 0.534478 0.491980 0.352872 
411 vad:0.000508
gains: 0.640691 0.551841 0.490828 0.532549 0.542185 0.549258 0.534008 0.484767 0.536550 0.470993 0.447231 0.449166 0.483188 0.424559 0.384665 0.375092 0.423195 0.464523 0.588213 0.433295 0.420507 0.523996 0.531642 0.571544 0.558803 0.552630 0.499996 0.540763 0.542482 0.536426 0.493767 0.354472 
412 vad:0.000511
gains: 0.640379 0.551861 0.490736 0.532464 0.541351 0.548225 0.533336 0.484511 0.536354 0.470578 0.446541 0.448604 0.482621 0.423640 0.383772 0.374784 0.423319 0.464929 0.588309 0.432377 0.419203 0.523558 0.531272 0.571168 0.559038 0.553064 0.500794 0.541943 0.543435 0.537432 0.494759 0.355551 
413 vad:0.000507
gains: 0.640670 0.551190 0.490097 0.532140 0.540991 0.547771 0.532970 0.484095 0.535656 0.470450 0.447523 0.449951 0.483372 0.423439 0.382928 0.373753 0.422891 0.464495 0.588375 0.433268 0.420342 0.523990 0.530976 0.571250 0.559910 0.553569 0.501470 0.542466 0.543578 0.537669 0.494515 0.355264 
414 vad:0.000510
gains: 0.640473 0.552168 0.491176 0.532183 0.540691 0.547785 0.533210 0.484529 0.536047 0.470412 0.447275 0.449595 0.483100 0.423492 0.383021 0.374243 0.422983 0.464649 0.588864 0.433056 0.420456 0.525226 0.532238 0.572527 0.560766 0.553710 0.501253 0.542470 0.544262 0.538909 0.495605 0.356891 
415 vad:0.000515
gains: 0.641477 0.553834 0.491876 0.533262 0.541768 0.549259 0.535465 0.486354 0.537360 0.471665 0.448619 0.450885 0.484313 0.425020 0.385226 0.376147 0.424429 0.465909 0.589638 0.434052 0.421674 0.527254 0.533705 0.573245 0.561205 0.554811 0.502919 0.544579 0.546465 0.540795 0.497174 0.358362 
416 vad:0.000509
gains: 0.640267 0.552136 0.490327 0.532657 0.542889 0.550834 0.536763 0.487189 0.537971 0.472050 0.448840 0.451253 0.484895 0.425265 0.384908 0.375823 0.424845 0.465813 0.589564 0.433929 0.421574 0.527197 0.533245 0.572833 0.561500 0.555101 0.503248 0.544739 0.546223 0.540675 0.497054 0.358731 
417 vad:0.000513
gains: 0.640708 0.552670 0.490945 0.533000 0.542741 0.550375 0.535635 0.485649 0.536138 0.470690 0.447976 0.450861 0.484886 0.425359 0.385125 0.376058 0.424850 0.466079 0.590052 0.433868 0.421471 0.527619 0.533330 0.572615 0.561023 0.555063 0.503346 0.544796 0.546270 0.540428 0.496418 0.358283 
418 vad:0.000514
gains: 0.640901 0.552861 0.490816 0.533079 0.542832 0.550856 0.536493 0.486586 0.537639 0.472837 0.450164 0.452851 0.486302 0.425880 0.384992 0.376303 0.425542 0.466459 0.590903 0.434906 0.422196 0.528680 0.534952 0.574225 0.562914 0.556413 0.504539 0.546096 0.547613 0.542135 0.497809 0.359640 
419 vad:0.000511
gains: 0.640384 0.552785 0.490681 0.531736 0.541538 0.549184 0.534559 0.485150 0.536354 0.470954 0.447844 0.450459 0.483895 0.423776 0.383279 0.376021 0.426045 0.466906 0.590511 0.433655 0.421271 0.529466 0.535735 0.573977 0.562689 0.556865 0.505051 0.546510 0.548206 0.542472 0.498699 0.360380 
420 vad:0.000513
gains: 0.639920 0.552037 0.489861 0.531711 0.541127 0.549146 0.535211 0.485409 0.535677 0.470129 0.447172 0.450038 0.483729 0.423654 0.382859 0.374419 0.424535 0.465612 0.589608 0.433483 0.421481 0.528190 0.533809 0.573433 0.562803 0.556178 0.504646 0.546755 0.547998 0.542631 0.497830 0.359872 
421 vad:0.000516
gains: 0.639611 0.552490 0.490262 0.532229 0.541332 0.548299 0.534766 0.485393 0.536024 0.470306 0.447371 0.450186 0.483625 0.423455 0.382593 0.374266 0.424014 0.465338 0.589016 0.432889 0.421114 0.528972 0.534185 0.573224 0.562755 0.556846 0.505570 0.547875 0.549490 0.544241 0.499378 0.361187 
422 vad:0.000515
gains: 0.640387 0.553737 0.491064 0.532869 0.542346 0.549686 0.536591 0.486941 0.537036 0.470892 0.447910 0.450726 0.484629 0.425036 0.383751 0.374897 0.424691 0.465688 0.589161 0.433111 0.421100 0.529207 0.534973 0.574026 0.563628 0.557550 0.506285 0.548754 0.550577 0.545407 0.500149 0.362212 
423 vad:0.000515
gains: 0.640761 0.554336 0.491882 0.533431 0.543357 0.550624 0.537382 0.488343 0.538567 0.472674 0.449675 0.452618 0.486345 0.426102 0.384794 0.376416 0.426450 0.467030 0.589888 0.433704 0.422005 0.530717 0.536460 0.575240 0.565116 0.558648 0.507243 0.549729 0.551560 0.546185 0.501363 0.363412 
424 vad:0.000517
gains: 0.642270 0.556117 0.492977 0.533507 0.545248 0.552862 0.538573 0.489658 0.539377 0.473184 0.450157 0.453424 0.487741 0.427489 0.385996 0.377463 0.427593 0.468507 0.592173 0.435331 0.423931 0.532470 0.537534 0.576217 0.566150 0.559822 0.508698 0.551039 0.552765 0.547195 0.502142 0.364099 
425 vad:0.000521
gains: 0.642215 0.556539 0.493222 0.534033 0.545363 0.553197 0.539137 0.490082 0.539933 0.473598 0.450429 0.453562 0.487899 0.427577 0.385774 0.377314 0.427791 0.469123 0.592886 0.435414 0.423918 0.533503 0.538592 0.576764 0.566673 0.560881 0.509861 0.552475 0.554460 0.548917 0.503446 0.365225 
426 vad:0.000520
gains: 0.642037 0.556716 0.493249 0.533889 0.545593 0.553725 0.539848 0.490505 0.540286 0.474124 0.450932 0.453933 0.488193 0.427619 0.385288 0.376843 0.427204 0.468143 0.591993 0.435248 0.424317 0.533341 0.537406 0.576370 0.566732 0.560184 0.509277 0.552131 0.553705 0.548774 0.503316 0.365255 
427 vad:0.000522
gains: 0.641573 0.556392 0.493309 0.534259 0.544987 0.553669 0.540274 0.490409 0.539675 0.473407 0.450514 0.453927 0.488518 0.427797 0.385207 0.377242 0.427727 0.467922 0.591818 0.435059 0.423872 0.533296 0.537426 0.575913 0.566002 0.559767 0.508779 0.551816 0.553946 0.549185 0.503529 0.365450 
428 vad:0.000524
gains: 0.641614 0.556898 0.493033 0.534478 0.545556 0.553061 0.540160 0.490302 0.539953 0.474247 0.451451 0.454680 0.489121 0.428455 0.386014 0.378052 0.428472 0.468898 0.592551 0.435672 0.424938 0.534753 0.538210 0.576466 0.566631 0.560712 0.510241 0.553268 0.555342 0.550383 0.504056 0.365901 
429 vad:0.000526
gains: 0.641444 0.557110 0.493443 0.534730 0.545832 0.553270 0.540509 0.491050 0.540356 0.474039 0.451048 0.454340 0.489103 0.428704 0.386308 0.378730 0.428977 0.469154 0.592738 0.436029 0.425549 0.535159 0.537983 0.576280 0.567013 0.561194 0.510339 0.553310 0.555550 0.550799 0.504732 0.366794 
430 vad:0.000525
gains: 0.641222 0.555963 0.492097 0.533263 0.544225 0.551666 0.538613 0.489266 0.538496 0.472252 0.449306 0.452982 0.488040 0.427359 0.384542 0.377730 0.428682 0.468541 0.592158 0.435291 0.424655 0.534404 0.537479 0.575899 0.567068 0.561436 0.511027 0.554307 0.556407 0.551286 0.504772 0.366636 
431 vad:0.000529
gains: 0.642785 0.558107 0.494172 0.535116 0.545742 0.553404 0.540864 0.491552 0.540748 0.474482 0.451492 0.454812 0.489593 0.429027 0.386418 0.379105 0.430044 0.469921 0.593707 0.436960 0.426587 0.535363 0.537879 0.576548 0.567511 0.561471 0.511068 0.553892 0.555833 0.550976 0.504300 0.366299 
432 vad:0.000530
gains: 0.642421 0.558262 0.494329 0.535791 0.546294 0.554036 0.542286 0.492472 0.541488 0.475258 0.451939 0.454775 0.489186 0.428489 0.385890 0.379018 0.429755 0.469607 0.593175 0.435895 0.425630 0.535090 0.537692 0.576508 0.567897 0.561994 0.511593 0.554859 0.557171 0.552556 0.505868 0.368234 
433 vad:0.000530
gains: 0.642144 0.558356 0.494455 0.535687 0.545848 0.553255 0.541545 0.491720 0.540720 0.474944 0.451779 0.454488 0.489183 0.428426 0.385312 0.378749 0.429873 0.469641 0.593319 0.436178 0.426130 0.535651 0.538445 0.577174 0.568459 0.562171 0.511950 0.555228 0.557540 0.552901 0.506070 0.368404 
434 vad:0.000527
gains: 0.641128 0.557210 0.493048 0.534076 0.544278 0.552099 0.540596 0.490293 0.538989 0.472813 0.449735 0.453140 0.488456 0.427579 0.384093 0.377909 0.429041 0.468457 0.592273 0.434896 0.424977 0.535289 0.538253 0.576798 0.568353 0.562085 0.511563 0.554996 0.557290 0.552738 0.505681 0.368320 
435 vad:0.000531
gains: 0.641864 0.558265 0.493841 0.535068 0.544537 0.551899 0.540525 0.490297 0.539163 0.473173 0.450252 0.453487 0.488385 0.427159 0.383480 0.377853 0.429471 0.468742 0.591787 0.434141 0.424471 0.535442 0.538115 0.576290 0.568146 0.562119 0.511504 0.555266 0.557658 0.552922 0.505515 0.367642 
436 vad:0.000531
gains: 0.642258 0.558930 0.495244 0.537011 0.547289 0.555028 0.543685 0.493680 0.542012 0.475723 0.452654 0.456116 0.490993 0.429659 0.385953 0.380354 0.432212 0.471075 0.594362 0.436797 0.427278 0.538020 0.540490 0.578862 0.570268 0.563363 0.512563 0.556233 0.558510 0.554314 0.506843 0.369149 
437 vad:0.000533
gains: 0.641175 0.558332 0.493541 0.535047 0.545540 0.552707 0.542122 0.491812 0.540293 0.473912 0.450773 0.454137 0.489257 0.427883 0.384143 0.379010 0.430738 0.469764 0.593536 0.435129 0.425411 0.536857 0.539139 0.577528 0.569445 0.563311 0.513194 0.557172 0.559613 0.555252 0.507374 0.369425 
438 vad:0.000530
gains: 0.641894 0.559256 0.495624 0.536710 0.546680 0.554284 0.542964 0.492906 0.541290 0.474876 0.452115 0.455858 0.490597 0.428859 0.385250 0.380119 0.431227 0.470083 0.593439 0.435389 0.426664 0.538670 0.540360 0.578174 0.570058 0.564188 0.514213 0.558250 0.560429 0.555503 0.507442 0.369662 
439 vad:0.000530
gains: 0.641581 0.559127 0.494899 0.536818 0.547767 0.555026 0.544068 0.493557 0.541746 0.475081 0.452195 0.455927 0.490687 0.428962 0.385165 0.379330 0.430586 0.469605 0.593668 0.435254 0.426674 0.539059 0.540883 0.578818 0.571009 0.564332 0.514150 0.558121 0.560350 0.556047 0.507842 0.370490 
440 vad:0.000531
gains: 0.642402 0.560002 0.495968 0.537335 0.547450 0.554454 0.543451 0.492894 0.540995 0.474248 0.451333 0.455197 0.489938 0.428123 0.384462 0.378965 0.430577 0.469731 0.593131 0.434644 0.426292 0.539641 0.541126 0.578366 0.570411 0.564108 0.514078 0.558340 0.560559 0.555909 0.507570 0.369853 
441 vad:0.000532
gains: 0.643288 0.561297 0.496983 0.538451 0.548667 0.556313 0.546049 0.495087 0.542995 0.476447 0.453402 0.456753 0.491061 0.429103 0.385436 0.379757 0.431819 0.471357 0.594655 0.436587 0.427935 0.540890 0.542035 0.579168 0.571540 0.565376 0.515597 0.560048 0.562625 0.558352 0.509867 0.371998 
442 vad:0.000532
gains: 0.643500 0.561159 0.496864 0.537736 0.547318 0.554189 0.544336 0.493686 0.541025 0.473844 0.450597 0.454070 0.488932 0.427727 0.384313 0.379439 0.432032 0.471354 0.594649 0.436263 0.427627 0.541677 0.543294 0.580329 0.573169 0.566915 0.516702 0.561123 0.563538 0.559098 0.510565 0.373207 
443 vad:0.000531
gains: 0.643631 0.561499 0.497235 0.537978 0.547407 0.555616 0.546163 0.495469 0.542903 0.476124 0.452859 0.456353 0.491022 0.429570 0.385410 0.379778 0.432463 0.472072 0.595764 0.437858 0.429953 0.543410 0.544698 0.581732 0.574043 0.566867 0.516772 0.561260 0.563892 0.559681 0.511017 0.373390 
444 vad:0.000538
gains: 0.643458 0.561797 0.497647 0.537940 0.546856 0.554849 0.545226 0.495080 0.542625 0.475957 0.452639 0.456089 0.490921 0.429520 0.385400 0.380403 0.432923 0.472226 0.595663 0.437527 0.429647 0.543909 0.545189 0.581635 0.574036 0.567515 0.517170 0.561922 0.564764 0.560440 0.511526 0.374314 
445 vad:0.000538
gains: 0.644602 0.563250 0.498975 0.540100 0.549016 0.557440 0.548642 0.498397 0.546091 0.479665 0.456209 0.459562 0.494282 0.431933 0.386464 0.381680 0.434712 0.473828 0.597279 0.439760 0.431983 0.545521 0.545444 0.582044 0.574988 0.568485 0.518749 0.563613 0.565955 0.561533 0.512345 0.374916 
446 vad:0.000535
gains: 0.644047 0.562660 0.498210 0.538982 0.549074 0.557022 0.548062 0.498493 0.545893 0.478719 0.455059 0.458744 0.493765 0.431208 0.385640 0.380653 0.433679 0.473603 0.597482 0.439314 0.431301 0.545426 0.545727 0.582188 0.575229 0.568658 0.519016 0.563562 0.566137 0.561713 0.512672 0.375472 
447 vad:0.000539
gains: 0.644563 0.563172 0.498903 0.539796 0.549171 0.557194 0.548479 0.498657 0.546092 0.479517 0.456011 0.459503 0.494527 0.431821 0.385749 0.380714 0.434155 0.473388 0.597491 0.439656 0.431669 0.545521 0.545096 0.582029 0.575590 0.568683 0.519346 0.564334 0.566610 0.562212 0.512679 0.375415 
448 vad:0.000546
gains: 0.644934 0.564144 0.499077 0.539293 0.549547 0.557139 0.548205 0.498561 0.545827 0.478941 0.455449 0.459053 0.494091 0.431273 0.385537 0.381174 0.434544 0.473805 0.597542 0.438999 0.431139 0.546288 0.545398 0.581849 0.575504 0.569335 0.519933 0.565171 0.567617 0.563172 0.513753 0.376462 
449 vad:0.000546
gains: 0.645189 0.564330 0.499585 0.539997 0.550210 0.557918 0.549422 0.499666 0.546583 0.479479 0.456236 0.460174 0.495368 0.432549 0.386580 0.381708 0.435163 0.474591 0.598577 0.439665 0.431919 0.547026 0.545926 0.582782 0.577001 0.570735 0.521425 0.566433 0.569019 0.564707 0.515156 0.377903 
450 vad:0.000545
gains: 0.645270 0.564844 0.499896 0.539785 0.550161 0.557762 0.548513 0.498914 0.545678 0.478094 0.454706 0.459108 0.494706 0.432049 0.386146 0.381501 0.435134 0.474436 0.597861 0.438694 0.430940 0.546438 0.545973 0.583151 0.577566 0.571118 0.521787 0.566897 0.569450 0.564487 0.514533 0.377522 
451 vad:0.000551
gains: 0.646793 0.566658 0.501316 0.541475 0.552770 0.560983 0.552240 0.502348 0.549158 0.481871 0.458190 0.461920 0.497551 0.435388 0.389105 0.384291 0.437897 0.476775 0.600221 0.441094 0.433630 0.549089 0.548435 0.585416 0.579564 0.572778 0.523326 0.568065 0.570734 0.565989 0.516015 0.379079 
452 vad:0.000552
gains: 0.646946 0.567038 0.501062 0.541776 0.552329 0.559954 0.551455 0.501390 0.548079 0.480792 0.457291 0.461340 0.497277 0.435098 0.388614 0.384435 0.438512 0.477096 0.600358 0.441560 0.434650 0.550757 0.549606 0.585784 0.579618 0.573457 0.524232 0.569207 0.572032 0.567145 0.516739 0.379562 
453 vad:0.000552
gains: 0.647072 0.567676 0.502336 0.542606 0.552074 0.560530 0.552263 0.502239 0.549325 0.482084 0.458411 0.462331 0.497975 0.435459 0.389068 0.385774 0.440119 0.478537 0.601448 0.441679 0.434495 0.551759 0.550436 0.585817 0.580411 0.574898 0.525627 0.570621 0.573426 0.568153 0.517743 0.380891 
454 vad:0.000550
gains: 0.646652 0.567227 0.502392 0.542772 0.551502 0.560102 0.552280 0.502071 0.548784 0.481150 0.457624 0.461949 0.498010 0.435300 0.388050 0.384379 0.438535 0.476666 0.600115 0.441269 0.435126 0.552106 0.550484 0.586288 0.580688 0.574500 0.525109 0.570110 0.572993 0.568058 0.517404 0.380138 
455 vad:0.000552
gains: 0.646895 0.567488 0.502430 0.542951 0.551493 0.559783 0.551947 0.501631 0.548445 0.480978 0.457556 0.461920 0.497980 0.435268 0.388704 0.385017 0.439218 0.477936 0.601060 0.441781 0.434929 0.552080 0.550286 0.585513 0.580404 0.574761 0.525896 0.571062 0.574254 0.569161 0.518739 0.381634 
456 vad:0.000554
gains: 0.647725 0.568573 0.503609 0.543892 0.553051 0.561485 0.553930 0.503352 0.549947 0.482768 0.459633 0.463731 0.499279 0.436385 0.389635 0.385826 0.440014 0.478690 0.601944 0.442545 0.436187 0.553737 0.551865 0.586679 0.581334 0.575628 0.526719 0.571813 0.575260 0.569950 0.519469 0.381978 
457 vad:0.000562
gains: 0.647613 0.569021 0.503541 0.543605 0.552700 0.560843 0.553885 0.503688 0.550126 0.482507 0.458789 0.462563 0.498134 0.435506 0.388972 0.385564 0.439576 0.478813 0.601742 0.441811 0.435187 0.552923 0.550733 0.585495 0.580584 0.575685 0.527093 0.572167 0.575495 0.570139 0.519734 0.382334 
458 vad:0.000557
gains: 0.647719 0.568948 0.504264 0.544638 0.552569 0.560297 0.553670 0.502974 0.549015 0.481456 0.457930 0.462235 0.498367 0.435331 0.388320 0.385283 0.440039 0.478833 0.601451 0.442215 0.435957 0.552869 0.550328 0.585976 0.581532 0.576016 0.527495 0.572917 0.575795 0.570493 0.519806 0.382266 
459 vad:0.000557
gains: 0.647774 0.568536 0.503134 0.543370 0.551345 0.559040 0.552470 0.501625 0.547510 0.480040 0.456572 0.461104 0.497300 0.434201 0.387845 0.385167 0.439912 0.478657 0.601314 0.441703 0.435206 0.552948 0.550349 0.585538 0.581057 0.575712 0.527048 0.572564 0.575946 0.570630 0.519832 0.382216 
460 vad:0.000559
gains: 0.647425 0.569124 0.503941 0.543656 0.551448 0.559161 0.552537 0.501902 0.547823 0.480211 0.456202 0.460344 0.496413 0.433367 0.387572 0.385628 0.440127 0.478390 0.600957 0.441539 0.435344 0.553044 0.550401 0.585602 0.580674 0.575162 0.526482 0.572155 0.575503 0.570641 0.519929 0.382618 
461 vad:0.000557
gains: 0.647075 0.568543 0.503443 0.543396 0.550727 0.558537 0.552305 0.501706 0.547751 0.480043 0.456182 0.460370 0.496102 0.432811 0.386574 0.384986 0.439768 0.477892 0.600350 0.440661 0.434778 0.552917 0.550713 0.585704 0.580787 0.575246 0.526411 0.572193 0.575414 0.570442 0.519575 0.382129 
462 vad:0.000564
gains: 0.647920 0.570690 0.505740 0.545262 0.552285 0.559705 0.553246 0.502915 0.549127 0.481860 0.457787 0.461826 0.497547 0.434271 0.388254 0.386775 0.441645 0.479829 0.601976 0.441830 0.435884 0.554596 0.552167 0.586796 0.581573 0.575986 0.527222 0.573291 0.576560 0.571924 0.521090 0.383874 
463 vad:0.000558
gains: 0.647150 0.568725 0.503930 0.543808 0.552223 0.560658 0.553771 0.503190 0.548641 0.481037 0.457451 0.461848 0.497784 0.434533 0.388102 0.385421 0.440728 0.478986 0.601867 0.441814 0.436072 0.554578 0.551888 0.586924 0.582115 0.575687 0.526663 0.572781 0.575885 0.571787 0.520741 0.383850 
464 vad:0.000562
gains: 0.647897 0.570078 0.505348 0.545140 0.553156 0.561010 0.554376 0.504057 0.549715 0.481898 0.458047 0.462530 0.498769 0.435625 0.388614 0.387307 0.442609 0.479950 0.603038 0.442726 0.436733 0.555174 0.552397 0.587410 0.582869 0.576515 0.527799 0.573991 0.577294 0.573177 0.521984 0.385224 
465 vad:0.000563
gains: 0.647008 0.569500 0.504200 0.544196 0.551908 0.560307 0.554419 0.504172 0.549328 0.480883 0.456998 0.461512 0.497612 0.434836 0.388038 0.385827 0.440755 0.478725 0.602130 0.442288 0.436234 0.554378 0.551367 0.586448 0.582499 0.576054 0.527344 0.573644 0.576885 0.573063 0.521760 0.385290 
466 vad:0.000565
gains: 0.647885 0.570925 0.505628 0.545923 0.553114 0.561260 0.556007 0.505851 0.550998 0.482752 0.459277 0.464032 0.499956 0.436854 0.389211 0.386772 0.441838 0.480279 0.603948 0.444242 0.437954 0.556396 0.553260 0.588293 0.584846 0.578109 0.529671 0.576267 0.579318 0.575386 0.523652 0.387356 
467 vad:0.000559
gains: 0.647653 0.569581 0.505158 0.544905 0.551737 0.559753 0.554281 0.504241 0.549216 0.481027 0.457787 0.462850 0.498729 0.435082 0.386656 0.385289 0.441470 0.479601 0.603408 0.443593 0.437783 0.557352 0.554599 0.589196 0.586209 0.579080 0.529875 0.576041 0.578978 0.574959 0.523107 0.387021 
468 vad:0.000569
gains: 0.647040 0.570587 0.504528 0.544571 0.553205 0.560178 0.554774 0.504852 0.550241 0.482424 0.459184 0.463714 0.499464 0.436208 0.387933 0.385967 0.441603 0.480559 0.604690 0.444386 0.438379 0.558730 0.555835 0.590019 0.586659 0.580379 0.531934 0.578521 0.581826 0.577814 0.525408 0.388812 
469 vad:0.000565
gains: 0.647123 0.571200 0.506211 0.545318 0.554115 0.561818 0.556123 0.505985 0.551365 0.483392 0.459768 0.464267 0.500056 0.436386 0.387973 0.386969 0.443372 0.481397 0.604275 0.443713 0.438179 0.559111 0.555952 0.590085 0.586829 0.580363 0.531404 0.578231 0.581499 0.577735 0.525287 0.388941 
470 vad:0.000569
gains: 0.647968 0.572470 0.507426 0.546703 0.555077 0.562639 0.557187 0.506868 0.552110 0.484111 0.460277 0.464693 0.500773 0.437159 0.388124 0.387213 0.444073 0.482140 0.605362 0.444452 0.438909 0.560232 0.556874 0.590996 0.587750 0.581244 0.532651 0.579440 0.582749 0.578868 0.525987 0.389252 
471 vad:0.000568
gains: 0.647798 0.572337 0.507480 0.546403 0.555024 0.562912 0.557443 0.507009 0.551898 0.484028 0.460117 0.464485 0.500656 0.437211 0.388114 0.387175 0.444552 0.482390 0.605392 0.444626 0.439230 0.560291 0.557106 0.591173 0.587942 0.581643 0.533000 0.579355 0.582503 0.578415 0.525325 0.388827 
472 vad:0.000570
gains: 0.649013 0.573738 0.508888 0.547687 0.555278 0.563627 0.558848 0.508449 0.553378 0.485348 0.460983 0.465164 0.501465 0.438356 0.389279 0.388416 0.445555 0.483775 0.606545 0.445849 0.440286 0.561470 0.558416 0.592337 0.589182 0.582988 0.534456 0.580830 0.584122 0.579915 0.526742 0.390406 
473 vad:0.000573
gains: 0.649024 0.573785 0.507965 0.546896 0.555161 0.563757 0.559737 0.509345 0.554186 0.486220 0.462018 0.465897 0.501851 0.438989 0.390115 0.389304 0.446062 0.483991 0.606809 0.445953 0.440358 0.562040 0.559115 0.592841 0.589776 0.583895 0.535577 0.582113 0.585451 0.581157 0.527777 0.391477 
474 vad:0.000573
gains: 0.648612 0.573551 0.508661 0.546648 0.554004 0.562333 0.558099 0.508206 0.553015 0.485135 0.460932 0.465234 0.501581 0.438266 0.389137 0.388725 0.445754 0.483518 0.606574 0.445876 0.440625 0.562463 0.558725 0.592242 0.589492 0.583890 0.535989 0.582626 0.585734 0.581555 0.528225 0.391795 
475 vad:0.000574
gains: 0.648551 0.573933 0.508450 0.546776 0.554404 0.562657 0.558541 0.508469 0.552987 0.484896 0.461172 0.465926 0.502202 0.438874 0.389716 0.388212 0.444616 0.483210 0.606932 0.446005 0.440962 0.562389 0.558138 0.591770 0.589047 0.583463 0.535901 0.582524 0.586268 0.582495 0.528828 0.392353 
476 vad:0.000570
gains: 0.647546 0.572852 0.507955 0.546351 0.553855 0.561656 0.557622 0.507827 0.552498 0.484007 0.459732 0.464758 0.501517 0.437561 0.387792 0.387455 0.444374 0.482092 0.605904 0.444717 0.439534 0.561743 0.557409 0.591294 0.588621 0.583377 0.536119 0.582997 0.586888 0.582759 0.529002 0.392482 
477 vad:0.000571
gains: 0.646867 0.572686 0.507790 0.547165 0.554206 0.561490 0.557571 0.507659 0.552489 0.484137 0.459471 0.464177 0.501212 0.437836 0.387771 0.386509 0.443288 0.481655 0.605536 0.443856 0.438978 0.561467 0.556964 0.590478 0.587782 0.582487 0.535470 0.582584 0.586608 0.582781 0.528855 0.392320 
478 vad:0.000574
gains: 0.647125 0.573327 0.508043 0.547416 0.554907 0.562302 0.558435 0.508267 0.552973 0.484802 0.460325 0.465091 0.502099 0.438382 0.388162 0.386908 0.443981 0.482308 0.606330 0.445116 0.440192 0.562954 0.557920 0.591398 0.589249 0.583507 0.536199 0.583464 0.587054 0.583408 0.528815 0.392527 
479 vad:0.000576
gains: 0.647644 0.574428 0.509244 0.547662 0.555075 0.562475 0.557976 0.507621 0.552513 0.484446 0.460202 0.465030 0.501885 0.437808 0.387766 0.387334 0.444723 0.482921 0.606492 0.444782 0.440453 0.564215 0.558670 0.591601 0.589325 0.583953 0.536260 0.583468 0.587277 0.583711 0.529221 0.393004 
480 vad:0.000577
gains: 0.646952 0.573828 0.508482 0.547330 0.555198 0.562470 0.558556 0.507841 0.552074 0.483853 0.459794 0.464679 0.501655 0.437650 0.387642 0.387603 0.444884 0.482794 0.605834 0.443977 0.440079 0.563775 0.558052 0.591396 0.589652 0.584064 0.536507 0.584002 0.587662 0.584261 0.529558 0.393594 
481 vad:0.000578
gains: 0.647264 0.574059 0.508719 0.548113 0.556146 0.563298 0.559872 0.509224 0.553216 0.485173 0.461463 0.466445 0.503225 0.439174 0.389296 0.389374 0.446668 0.484257 0.606682 0.444272 0.440343 0.564723 0.559524 0.592691 0.591021 0.585347 0.537532 0.584911 0.588728 0.585288 0.530844 0.394956 
482 vad:0.000582
gains: 0.646965 0.574232 0.508466 0.547412 0.555634 0.562704 0.559121 0.508566 0.552475 0.484604 0.461107 0.466156 0.502875 0.438435 0.388611 0.389177 0.446673 0.483304 0.606137 0.443951 0.439974 0.564292 0.558415 0.591777 0.590534 0.584788 0.537162 0.584707 0.588406 0.585231 0.530348 0.394462 
483 vad:0.000579
gains: 0.647184 0.574793 0.509959 0.549062 0.556304 0.563556 0.560299 0.509592 0.553513 0.485625 0.462154 0.467327 0.503931 0.439173 0.389028 0.389918 0.447442 0.484399 0.607278 0.444982 0.441511 0.566168 0.559824 0.593063 0.591785 0.586193 0.538681 0.586504 0.590638 0.587436 0.532660 0.396551 
484 vad:0.000583
gains: 0.647305 0.574846 0.509165 0.548666 0.555894 0.563152 0.560624 0.510067 0.553678 0.485456 0.461946 0.467176 0.503929 0.439636 0.389043 0.389861 0.448064 0.485234 0.607846 0.445405 0.442435 0.567120 0.560856 0.593716 0.592667 0.587502 0.540573 0.588224 0.592149 0.588449 0.532952 0.396977 
485 vad:0.000582
gains: 0.648310 0.575964 0.510309 0.549265 0.557383 0.564525 0.561716 0.510850 0.554003 0.485795 0.462286 0.467310 0.504232 0.440451 0.390303 0.391212 0.449400 0.486266 0.608650 0.446182 0.443490 0.568621 0.562800 0.595682 0.594403 0.588621 0.541373 0.588832 0.592838 0.589181 0.533876 0.397886 
486 vad:0.000582
gains: 0.647597 0.575533 0.510645 0.549867 0.556825 0.564157 0.562066 0.510997 0.553971 0.485780 0.461858 0.466514 0.503732 0.440225 0.389441 0.390141 0.448202 0.485158 0.608176 0.445938 0.443491 0.568229 0.562316 0.595625 0.594751 0.588709 0.541541 0.589288 0.593534 0.590467 0.535265 0.399597 
487 vad:0.000587
gains: 0.647778 0.575713 0.510126 0.549250 0.555493 0.562042 0.560167 0.509339 0.552615 0.484461 0.460552 0.465595 0.503335 0.439462 0.388041 0.389409 0.448400 0.485647 0.608424 0.445625 0.442803 0.568784 0.562952 0.595601 0.594591 0.589426 0.542944 0.591003 0.595055 0.591723 0.535862 0.400021 
488 vad:0.000588
gains: 0.648257 0.576761 0.511303 0.549964 0.556504 0.563922 0.561709 0.511090 0.554301 0.485914 0.461858 0.466731 0.504002 0.439815 0.388666 0.389842 0.448708 0.486480 0.609065 0.445952 0.443243 0.569968 0.564077 0.596432 0.595760 0.590123 0.543074 0.591385 0.595430 0.592491 0.536797 0.401175 
489 vad:0.000589
gains: 0.648205 0.576805 0.511106 0.549293 0.556538 0.564415 0.561874 0.511119 0.553966 0.485645 0.462214 0.467578 0.504925 0.440360 0.388446 0.389533 0.448453 0.485847 0.609026 0.446250 0.444181 0.570387 0.564255 0.597277 0.597029 0.590871 0.543892 0.592266 0.596075 0.593511 0.537531 0.402306 
490 vad:0.000588
gains: 0.647922 0.576846 0.510822 0.549472 0.556701 0.564612 0.562471 0.511263 0.553099 0.484202 0.461015 0.467013 0.504693 0.440565 0.388974 0.389523 0.448258 0.485360 0.608175 0.445482 0.443668 0.569821 0.563620 0.596598 0.596675 0.590889 0.544002 0.592192 0.596137 0.593068 0.536700 0.401438 
491 vad:0.000585
gains: 0.647640 0.576577 0.510762 0.549518 0.556794 0.564175 0.561896 0.511606 0.553816 0.484491 0.460769 0.466957 0.504704 0.440353 0.389243 0.390858 0.449382 0.486296 0.608564 0.445860 0.443671 0.570101 0.564252 0.597076 0.597064 0.591169 0.544096 0.592107 0.596348 0.593546 0.537641 0.402490 
492 vad:0.000591
gains: 0.648432 0.578214 0.512318 0.551328 0.557700 0.565897 0.564802 0.513829 0.555866 0.486867 0.462960 0.468560 0.506242 0.441928 0.390042 0.391862 0.450887 0.487339 0.609536 0.447240 0.445096 0.571624 0.565510 0.598185 0.598816 0.592967 0.546170 0.594580 0.598889 0.596038 0.539729 0.404717 
493 vad:0.000591
gains: 0.648392 0.577903 0.511905 0.550787 0.557749 0.565604 0.564186 0.512912 0.554641 0.485866 0.462362 0.468054 0.505679 0.441119 0.389019 0.390884 0.450305 0.486451 0.608397 0.446151 0.444190 0.571185 0.565157 0.597731 0.598263 0.592399 0.545451 0.593799 0.597955 0.595124 0.538392 0.403343 
494 vad:0.000589
gains: 0.648812 0.578694 0.513314 0.551414 0.558125 0.566361 0.564959 0.513774 0.555705 0.487147 0.463642 0.469249 0.506527 0.441678 0.389703 0.392022 0.451736 0.488256 0.609822 0.446550 0.444356 0.571818 0.565913 0.598233 0.599078 0.593507 0.546641 0.595130 0.599428 0.596783 0.540403 0.405469 
495 vad:0.000593
gains: 0.649587 0.579491 0.513572 0.551816 0.558107 0.566808 0.566088 0.514919 0.556677 0.488133 0.464837 0.470421 0.507371 0.442651 0.390563 0.392162 0.451650 0.488679 0.610334 0.447868 0.446528 0.572944 0.565790 0.598370 0.598740 0.592375 0.545680 0.594294 0.598422 0.596369 0.539804 0.404936 
496 vad:0.000592
gains: 0.648482 0.578585 0.512359 0.550735 0.556656 0.564974 0.565106 0.514145 0.555755 0.486879 0.463607 0.469437 0.506402 0.441760 0.389914 0.391983 0.451541 0.488010 0.609313 0.445922 0.444380 0.571977 0.565158 0.597817 0.598563 0.591981 0.545176 0.593948 0.598135 0.596375 0.539828 0.405257 
497 vad:0.000600
gains: 0.649790 0.580958 0.515063 0.552851 0.558269 0.565672 0.565233 0.514817 0.556292 0.486816 0.463121 0.469222 0.506725 0.442084 0.390081 0.393125 0.452823 0.489299 0.610774 0.447417 0.445664 0.573481 0.566307 0.598822 0.599098 0.593365 0.547054 0.595987 0.600604 0.598758 0.541962 0.407236 
498 vad:0.000598
gains: 0.650107 0.581166 0.515028 0.553021 0.559284 0.568038 0.567956 0.516715 0.558269 0.489296 0.465463 0.471356 0.509070 0.444076 0.391202 0.393891 0.453816 0.490270 0.611958 0.448667 0.447179 0.574671 0.567073 0.599672 0.600571 0.594338 0.548006 0.596945 0.601300 0.599778 0.542920 0.408330 
499 vad:0.000597
gains: 0.649616 0.580280 0.514318 0.552252 0.558921 0.567115 0.566715 0.515650 0.556809 0.487707 0.464170 0.470475 0.508339 0.443399 0.391052 0.394331 0.454631 0.490385 0.612194 0.448738 0.446892 0.574442 0.566648 0.598999 0.600280 0.594308 0.547784 0.596744 0.601333 0.599782 0.543171 0.408658 
500 vad:0.000598
gains: 0.649149 0.579680 0.513160 0.551679 0.558322 0.565728 0.565387 0.514023 0.555087 0.486158 0.462920 0.469191 0.507060 0.442272 0.390254 0.393326 0.453445 0.489198 0.611553 0.448148 0.445999 0.573207 0.565888 0.598792 0.600409 0.593938 0.547478 0.596640 0.601315 0.600018 0.543289 0.408811 
