1 vad:0.006350
gains: 0.308650 0.245744 0.230656 0.266623 0.295409 0.398647 0.356905 0.374587 0.360984 0.358572 0.512607 0.453911 0.501433 0.474163 0.435025 0.457563 0.487289 0.511925 0.522543 0.512927 0.490814 0.532007 0.647583 0.708371 0.740215 0.657494 0.696789 0.412998 0.427290 0.390012 0.558125 0.458921 2 vad:0.011081
gains: 0.863689 0.943508 0.969954 0.924343 0.812886 0.808905 0.900712 0.886254 0.858796 0.843224 0.819830 0.799499 0.765254 0.869004 0.761983 0.832576 0.776643 0.766505 0.718894 0.897470 0.897042 0.884211 0.903743 0.926738 0.903421 0.951459 0.955443 0.881228 0.867695 0.883111 0.899628 0.805448 3 vad:0.065304
gains: 0.795397 0.926832 0.955888 0.803985 0.739365 0.778448 0.828209 0.846081 0.882942 0.856884 0.876182 0.822309 0.773575 0.747988 0.643318 0.588850 0.594793 0.539818 0.690726 0.831205 0.668559 0.688124 0.795893 0.705487 0.707025 0.841693 0.814880 0.799493 0.768731 0.773754 0.728260 0.571805 4 vad:0.024813
gains: 0.513891 0.614042 0.662302 0.541279 0.471687 0.422682 0.555171 0.593116 0.568138 0.492044 0.493684 0.484092 0.491298 0.570197 0.551612 0.605923 0.580043 0.549998 0.463193 0.628431 0.501801 0.676278 0.790653 0.634621 0.638772 0.830940 0.798222 0.801144 0.826712 0.759906 0.661503 0.516442 5 vad:0.010145
gains: 0.645957 0.641598 0.630039 0.589786 0.570393 0.498308 0.589077 0.628160 0.642415 0.601376 0.625764 0.585315 0.554047 0.634743 0.650143 0.723421 0.692394 0.638440 0.593837 0.620886 0.579183 0.730094 0.784212 0.611629 0.632227 0.811979 0.769484 0.751551 0.752525 0.692712 0.621024 0.551529 6 vad:0.008501
gains: 0.710693 0.701678 0.673053 0.657447 0.668917 0.620692 0.657320 0.699749 0.679265 0.615670 0.644169 0.612786 0.580673 0.663619 0.679693 0.766906 0.763552 0.728641 0.702127 0.656474 0.646659 0.822256 0.828656 0.664777 0.708291 0.853733 0.807453 0.805715 0.790200 0.788249 0.732122 0.679007 7 vad:0.008767
gains: 0.738829 0.717560 0.693146 0.700201 0.707455 0.666628 0.688944 0.744537 0.725225 0.660083 0.701217 0.677716 0.636820 0.702327 0.703693 0.789358 0.799844 0.776984 0.757027 0.683501 0.693349 0.864365 0.854595 0.709090 0.755192 0.881712 0.841581 0.845206 0.825635 0.847910 0.799700 0.755651 8 vad:0.007473
gains: 0.760779 0.740644 0.727841 0.732946 0.737980 0.702201 0.713886 0.780159 0.773287 0.712696 0.754886 0.734013 0.691330 0.751514 0.743938 0.819238 0.831620 0.819771 0.796648 0.712777 0.742857 0.895474 0.881483 0.756901 0.788715 0.899089 0.862116 0.868371 0.847524 0.880152 0.839164 0.800610 9 vad:0.006411
gains: 0.779217 0.766585 0.749112 0.739728 0.745267 0.719857 0.722184 0.794058 0.796415 0.742096 0.781773 0.754861 0.710114 0.770690 0.758103 0.825574 0.841946 0.837902 0.808031 0.724968 0.777439 0.913193 0.898561 0.788232 0.806487 0.905785 0.868209 0.875933 0.852697 0.891481 0.853301 0.814634 10 vad:0.005609
gains: 0.785811 0.777663 0.753373 0.735377 0.742321 0.726603 0.721602 0.797546 0.805665 0.754432 0.791429 0.761147 0.718379 0.779682 0.762554 0.821517 0.841999 0.843088 0.809440 0.731285 0.797975 0.920669 0.904960 0.802689 0.813836 0.907185 0.868401 0.876264 0.849275 0.891844 0.851547 0.808344 11 vad:0.004831
gains: 0.786899 0.780045 0.749064 0.729221 0.738487 0.729969 0.720161 0.798518 0.811124 0.762354 0.797775 0.766093 0.724258 0.784121 0.763951 0.813127 0.836685 0.841268 0.806954 0.733567 0.808338 0.922657 0.905088 0.806778 0.814957 0.904032 0.862785 0.870918 0.839573 0.887224 0.843504 0.795964 12 vad:0.004110
gains: 0.786108 0.778262 0.740952 0.722262 0.734776 0.731597 0.719457 0.798422 0.814466 0.766830 0.800773 0.769296 0.729539 0.788058 0.765441 0.805003 0.830953 0.837093 0.804848 0.736510 0.815988 0.922688 0.901959 0.804893 0.811999 0.898470 0.855288 0.863554 0.827475 0.880344 0.832049 0.780400 13 vad:0.003474
gains: 0.784669 0.774718 0.731948 0.715200 0.731158 0.732943 0.720109 0.798492 0.816767 0.769000 0.801426 0.770698 0.732926 0.790949 0.766903 0.798104 0.825815 0.832294 0.804012 0.739974 0.821534 0.921690 0.897088 0.799373 0.806583 0.892102 0.847681 0.856081 0.815422 0.873024 0.819865 0.765188 14 vad:0.002928
gains: 0.782243 0.769655 0.722098 0.707170 0.726071 0.732697 0.719892 0.797443 0.817199 0.768309 0.799141 0.769074 0.733063 0.791781 0.767094 0.791273 0.820465 0.826732 0.803049 0.742251 0.824950 0.919961 0.890967 0.791255 0.799401 0.885281 0.839958 0.848472 0.803156 0.865231 0.807053 0.749871 15 vad:0.002474
gains: 0.779166 0.763758 0.712007 0.698751 0.720171 0.731195 0.718584 0.795219 0.815935 0.765219 0.794546 0.765031 0.730512 0.790560 0.765801 0.784175 0.814703 0.820535 0.801289 0.742698 0.826495 0.917589 0.883781 0.781322 0.791059 0.878220 0.832082 0.840738 0.790668 0.856876 0.793579 0.734134 16 vad:0.002108
gains: 0.775627 0.757451 0.701967 0.690359 0.713894 0.728561 0.716127 0.791798 0.813092 0.760044 0.788001 0.758967 0.725734 0.787437 0.763077 0.776781 0.808634 0.813988 0.798663 0.741220 0.826429 0.914735 0.875910 0.770405 0.782064 0.871031 0.823987 0.832814 0.777980 0.847972 0.779566 0.717868 17 vad:0.001817
gains: 0.771748 0.751020 0.692145 0.682089 0.707388 0.724889 0.712553 0.787246 0.808853 0.753125 0.779896 0.751356 0.719231 0.782602 0.759004 0.769049 0.802296 0.807216 0.795182 0.738015 0.825011 0.911465 0.867553 0.758972 0.772708 0.863766 0.815692 0.824734 0.765180 0.838559 0.765087 0.700978 18 vad:0.001585
gains: 0.767642 0.744662 0.682647 0.673997 0.700767 0.720360 0.708057 0.781777 0.803487 0.744837 0.770596 0.742639 0.711500 0.776383 0.753848 0.761103 0.795813 0.800360 0.791013 0.733450 0.822554 0.907875 0.858915 0.747421 0.763228 0.856462 0.807236 0.816546 0.752410 0.828762 0.750331 0.683598 19 vad:0.001401
gains: 0.763434 0.738528 0.673547 0.666128 0.694127 0.715195 0.702897 0.775649 0.797297 0.735596 0.760496 0.733238 0.702977 0.769113 0.747880 0.753070 0.789276 0.793506 0.786330 0.727900 0.819341 0.904050 0.850166 0.736056 0.753828 0.849164 0.798692 0.808338 0.739834 0.818755 0.735531 0.665984 20 vad:0.001254
gains: 0.759242 0.732735 0.664915 0.658558 0.687592 0.709633 0.697348 0.769135 0.790585 0.725797 0.749964 0.723517 0.694036 0.761122 0.741374 0.745088 0.782780 0.786730 0.781312 0.721705 0.815618 0.900071 0.841447 0.725096 0.744664 0.841921 0.790149 0.800204 0.727612 0.808718 0.720917 0.648422 21 vad:0.001135
gains: 0.755175 0.727363 0.656816 0.651367 0.681287 0.703900 0.691666 0.762480 0.783618 0.715786 0.739319 0.713762 0.684961 0.752697 0.734573 0.737283 0.776405 0.780093 0.776115 0.715138 0.811578 0.896008 0.832870 0.714687 0.735853 0.834788 0.781702 0.792245 0.715893 0.798833 0.706712 0.631215 22 vad:0.001038
gains: 0.751323 0.722465 0.649297 0.644623 0.675308 0.698171 0.686049 0.755877 0.776603 0.705823 0.728796 0.704174 0.675949 0.744068 0.727665 0.729752 0.770213 0.773637 0.770866 0.708402 0.807358 0.891913 0.824518 0.704913 0.727469 0.827816 0.773443 0.784547 0.704789 0.789255 0.693096 0.614612 23 vad:0.000959
gains: 0.747745 0.718060 0.642382 0.638368 0.669716 0.692580 0.680637 0.749463 0.769690 0.696094 0.718559 0.694877 0.667129 0.735409 0.720792 0.722564 0.764249 0.767396 0.765661 0.701642 0.803057 0.887826 0.816445 0.695802 0.719550 0.821047 0.765444 0.777179 0.694376 0.780103 0.680202 0.598807 24 vad:0.000894
gains: 0.744476 0.714148 0.636075 0.632618 0.664541 0.687211 0.675518 0.743325 0.762979 0.686713 0.708708 0.685938 0.658577 0.726849 0.714051 0.715759 0.758542 0.761386 0.760567 0.694955 0.798737 0.883774 0.808683 0.687349 0.712105 0.814515 0.757759 0.770190 0.684692 0.771464 0.668114 0.583928 25 vad:0.000839
gains: 0.741532 0.710705 0.630360 0.627367 0.659786 0.682116 0.670741 0.737516 0.756532 0.677746 0.699297 0.677388 0.650331 0.718475 0.707504 0.709351 0.753106 0.755613 0.755627 0.688408 0.794438 0.879774 0.801246 0.679525 0.705129 0.808241 0.750424 0.763606 0.675745 0.763387 0.656875 0.570048 26 vad:0.000793
gains: 0.738911 0.707699 0.625205 0.622591 0.655436 0.677323 0.666321 0.732058 0.750382 0.669223 0.690345 0.669231 0.642412 0.710348 0.701186 0.703345 0.747945 0.750076 0.750869 0.682040 0.790186 0.875839 0.794141 0.672289 0.698602 0.802242 0.743458 0.757440 0.667521 0.755898 0.646495 0.557196 27 vad:0.000754
gains: 0.736604 0.705093 0.620577 0.618261 0.651468 0.672839 0.662258 0.726954 0.744544 0.661152 0.681855 0.661463 0.634825 0.702507 0.695117 0.697729 0.743056 0.744767 0.746309 0.675882 0.785998 0.871977 0.787362 0.665598 0.692500 0.796521 0.736869 0.751692 0.659989 0.749002 0.636960 0.545364 28 vad:0.000721
gains: 0.734591 0.702846 0.616429 0.614341 0.647852 0.668663 0.658540 0.722199 0.739020 0.653525 0.673816 0.654070 0.627571 0.694976 0.689306 0.692491 0.738434 0.739680 0.741952 0.669950 0.781888 0.868194 0.780904 0.659407 0.686797 0.791083 0.730656 0.746351 0.653113 0.742685 0.628239 0.534523 29 vad:0.000693
gains: 0.732850 0.700921 0.612722 0.610794 0.644559 0.664787 0.655150 0.717779 0.733808 0.646329 0.666213 0.647039 0.620650 0.687770 0.683753 0.687612 0.734071 0.734805 0.737805 0.664258 0.777864 0.864496 0.774758 0.653674 0.681469 0.785924 0.724813 0.741405 0.646851 0.736928 0.620293 0.524628 30 vad:0.000668
gains: 0.731359 0.699277 0.609413 0.607586 0.641560 0.661202 0.652069 0.713682 0.728898 0.639548 0.659029 0.640358 0.614055 0.680896 0.678454 0.683077 0.729959 0.730135 0.733868 0.658812 0.773935 0.860888 0.768915 0.648364 0.676491 0.781039 0.719330 0.736835 0.641160 0.731701 0.613073 0.515624 31 vad:0.000702
gains: 0.736872 0.680596 0.602073 0.602826 0.629069 0.652446 0.640152 0.702258 0.715989 0.631253 0.649134 0.634232 0.608283 0.671310 0.666615 0.677716 0.727480 0.726953 0.730721 0.647070 0.770522 0.865949 0.775818 0.649816 0.676898 0.786590 0.726979 0.740582 0.643678 0.725831 0.612944 0.507005 32 vad:0.001377
gains: 0.752293 0.687566 0.608797 0.593267 0.621951 0.653299 0.652705 0.714490 0.721968 0.656595 0.675133 0.658168 0.627398 0.694884 0.689624 0.711329 0.750245 0.739778 0.745829 0.679077 0.794279 0.889336 0.824232 0.713674 0.709162 0.794902 0.747586 0.766051 0.676531 0.762744 0.662244 0.551028 33 vad:0.262532
gains: 0.920102 0.926581 0.873223 0.865186 0.890133 0.904658 0.850018 0.842927 0.867057 0.886836 0.900390 0.843205 0.713861 0.709671 0.683544 0.746389 0.824574 0.816043 0.838004 0.869435 0.876669 0.921016 0.863628 0.777475 0.826079 0.911815 0.914941 0.926839 0.880638 0.915855 0.806002 0.773171 34 vad:0.761790
gains: 0.963785 0.974456 0.982728 0.973911 0.979123 0.968706 0.969692 0.952368 0.952165 0.950196 0.970976 0.965750 0.969060 0.982184 0.993423 0.990892 0.995504 0.998421 0.992131 0.984685 0.980062 0.994612 0.994210 0.980156 0.984587 0.998109 0.997300 0.996084 0.995069 0.992957 0.985052 0.953282 35 vad:0.873661
gains: 0.952909 0.983954 0.972378 0.957267 0.979449 0.978169 0.956665 0.976841 0.940069 0.951097 0.961909 0.967441 0.960507 0.958492 0.967705 0.976224 0.980482 0.987645 0.982696 0.977483 0.983046 0.992916 0.995082 0.984392 0.970502 0.996748 0.996001 0.993709 0.996553 0.986552 0.975629 0.984396 36 vad:0.849733
gains: 0.957594 0.943488 0.979386 0.939082 0.956066 0.982444 0.987656 0.996536 0.989743 0.989973 0.981501 0.989879 0.985994 0.991607 0.984920 0.975567 0.976402 0.987625 0.980413 0.978050 0.978897 0.977230 0.975538 0.968557 0.943505 0.965521 0.966236 0.952054 0.975833 0.955310 0.943728 0.978224 37 vad:0.796110
gains: 0.953419 0.930981 0.970563 0.936702 0.933504 0.987378 0.973026 0.984972 0.990041 0.982708 0.981130 0.965459 0.971041 0.985291 0.965570 0.952592 0.976354 0.980552 0.965659 0.959565 0.941180 0.944217 0.926844 0.872366 0.773487 0.877048 0.857635 0.812950 0.909101 0.877788 0.868858 0.962606 38 vad:0.958811
gains: 0.920880 0.984677 0.993129 0.983217 0.967900 0.992833 0.986103 0.993191 0.998157 0.996005 0.997235 0.991095 0.992979 0.990013 0.990788 0.989079 0.989860 0.990358 0.988681 0.980059 0.968855 0.978108 0.974937 0.938468 0.887998 0.955349 0.915800 0.904986 0.961778 0.978814 0.978256 0.985968 39 vad:0.994087
gains: 0.950846 0.984201 0.996899 0.996160 0.991952 0.996079 0.993909 0.996441 0.998474 0.996984 0.998965 0.997891 0.997694 0.991985 0.994011 0.995003 0.996545 0.992509 0.983947 0.984586 0.974045 0.981669 0.960507 0.866229 0.711991 0.847530 0.932176 0.883532 0.837746 0.822290 0.848934 0.960878 40 vad:0.990312
gains: 0.991168 0.973984 0.988150 0.993399 0.983492 0.985824 0.994788 0.993911 0.990417 0.995387 0.992502 0.990070 0.992325 0.982011 0.954964 0.964574 0.980494 0.973363 0.987922 0.981543 0.958862 0.958107 0.971415 0.965923 0.870182 0.796258 0.729330 0.556050 0.454191 0.357731 0.223067 0.525507 41 vad:0.894210
gains: 0.969657 0.953494 0.991378 0.992120 0.952760 0.984361 0.955993 0.954074 0.984638 0.979259 0.982611 0.974107 0.968860 0.926330 0.916290 0.914265 0.940960 0.933267 0.955871 0.723571 0.708061 0.916422 0.979714 0.954741 0.878938 0.705593 0.606746 0.514383 0.248039 0.168036 0.144938 0.341892 42 vad:0.991372
gains: 0.973209 0.981705 0.995651 0.996310 0.989186 0.984495 0.985545 0.984891 0.982010 0.990893 0.988669 0.984199 0.969147 0.984933 0.942070 0.945809 0.961966 0.981721 0.963605 0.947693 0.941513 0.987478 0.991147 0.953925 0.955610 0.973976 0.985114 0.980191 0.979151 0.969994 0.957449 0.962206 43 vad:0.996851
gains: 0.895866 0.968390 0.996414 0.998010 0.994353 0.997245 0.993129 0.988574 0.995957 0.994907 0.994659 0.980941 0.981641 0.975205 0.952555 0.964186 0.984331 0.972946 0.918244 0.857723 0.878587 0.908467 0.954602 0.906744 0.817075 0.933804 0.916860 0.905840 0.881878 0.819030 0.817996 0.875048 44 vad:0.997890
gains: 0.914783 0.931975 0.993717 0.995791 0.987044 0.996353 0.993873 0.997673 0.994189 0.996460 0.996767 0.989695 0.979991 0.987316 0.982497 0.960278 0.978477 0.982269 0.974953 0.961798 0.971007 0.967153 0.974667 0.969777 0.916547 0.975987 0.948405 0.954284 0.965362 0.920584 0.905644 0.944167 45 vad:0.991290
gains: 0.993693 0.981956 0.997400 0.995276 0.989726 0.997585 0.996457 0.997126 0.996605 0.998461 0.997989 0.994736 0.989664 0.991849 0.984710 0.983811 0.993993 0.989365 0.986337 0.970288 0.970693 0.982426 0.989799 0.981367 0.971841 0.984201 0.974718 0.979030 0.975850 0.950843 0.939535 0.933287 46 vad:0.997487
gains: 0.996041 0.997420 0.997386 0.996101 0.995121 0.999445 0.998396 0.997984 0.998836 0.999073 0.998883 0.998122 0.997331 0.994986 0.994476 0.995343 0.997336 0.997987 0.996009 0.987849 0.993073 0.995444 0.994513 0.994182 0.996768 0.994370 0.994164 0.994645 0.990881 0.984546 0.952657 0.899373 47 vad:0.999214
gains: 0.995259 0.998413 0.998989 0.996704 0.991173 0.996088 0.994545 0.996230 0.997993 0.996898 0.996407 0.993129 0.980519 0.978761 0.981686 0.988551 0.988368 0.990898 0.990992 0.986694 0.971908 0.979608 0.987740 0.972390 0.952790 0.974892 0.988039 0.983364 0.982769 0.972863 0.948005 0.864336 48 vad:0.999394
gains: 0.999029 0.997254 0.998880 0.998500 0.995335 0.999099 0.997260 0.998302 0.996773 0.998883 0.998289 0.997534 0.999169 0.997233 0.995239 0.997840 0.997883 0.999299 0.998814 0.990205 0.967319 0.986039 0.991776 0.984958 0.961639 0.984878 0.993344 0.996391 0.996526 0.991466 0.974371 0.943644 49 vad:0.998676
gains: 0.986671 0.995197 0.999134 0.997926 0.996387 0.998974 0.998610 0.997210 0.997692 0.998139 0.997843 0.996936 0.998504 0.998806 0.995813 0.995893 0.998995 0.999192 0.997451 0.994651 0.990909 0.993461 0.991483 0.992314 0.994305 0.992296 0.989163 0.995251 0.995242 0.991316 0.983106 0.983673 50 vad:0.998864
gains: 0.989850 0.994059 0.999205 0.998374 0.996123 0.998558 0.999079 0.999060 0.999348 0.998999 0.998752 0.998566 0.999040 0.999127 0.998403 0.998321 0.999538 0.999601 0.998203 0.997484 0.996068 0.997381 0.998019 0.998243 0.998535 0.996609 0.994711 0.997138 0.996898 0.992137 0.984553 0.988705 51 vad:0.995565
gains: 0.980372 0.992959 0.999279 0.998486 0.996751 0.998254 0.997963 0.997306 0.997948 0.996835 0.996938 0.998494 0.998945 0.998738 0.997591 0.997265 0.999049 0.999318 0.998132 0.994640 0.992455 0.993434 0.997972 0.997111 0.995156 0.994294 0.995690 0.996193 0.994793 0.990730 0.981905 0.979141 52 vad:0.996674
gains: 0.967684 0.995129 0.999197 0.999237 0.997454 0.999090 0.999006 0.998489 0.996428 0.996476 0.998356 0.999117 0.999361 0.998231 0.996475 0.993645 0.996246 0.998809 0.998658 0.994138 0.990774 0.989777 0.995921 0.994992 0.989949 0.992511 0.992200 0.992668 0.996121 0.992225 0.978119 0.946318 53 vad:0.998977
gains: 0.985365 0.997924 0.999530 0.997758 0.994782 0.996654 0.995243 0.995513 0.995530 0.994921 0.995900 0.994634 0.990408 0.982926 0.970804 0.985386 0.993759 0.995426 0.994133 0.986115 0.968987 0.983812 0.992941 0.981327 0.975706 0.990139 0.993766 0.989918 0.990604 0.980952 0.944233 0.920476 54 vad:0.999505
gains: 0.993120 0.993375 0.998824 0.997734 0.985677 0.996000 0.996937 0.991209 0.992711 0.996229 0.994480 0.991232 0.992161 0.981889 0.980432 0.965274 0.986173 0.998015 0.993268 0.945168 0.934705 0.935544 0.977415 0.974821 0.981894 0.992735 0.993575 0.992406 0.990749 0.968029 0.926013 0.787788 55 vad:0.999615
gains: 0.994506 0.996034 0.999472 0.998888 0.998507 0.999392 0.999438 0.998990 0.998277 0.997898 0.997171 0.998671 0.998719 0.997924 0.995959 0.994360 0.998776 0.999267 0.998160 0.995039 0.984606 0.992249 0.992124 0.986369 0.985903 0.991788 0.996322 0.998392 0.998461 0.996334 0.989359 0.957276 56 vad:0.999582
gains: 0.977089 0.994259 0.999593 0.998547 0.997881 0.999221 0.999127 0.998957 0.998718 0.996509 0.997577 0.996305 0.998464 0.998999 0.998872 0.997408 0.999279 0.999529 0.998886 0.997950 0.997025 0.997799 0.997286 0.996859 0.997548 0.997973 0.996125 0.998385 0.997957 0.995138 0.981716 0.980348 57 vad:0.999535
gains: 0.977818 0.992714 0.999549 0.999399 0.998052 0.999150 0.999392 0.999267 0.999223 0.998476 0.998823 0.998380 0.999070 0.999316 0.998806 0.997080 0.999253 0.999465 0.999120 0.998909 0.996379 0.998226 0.997963 0.997154 0.998495 0.998618 0.996659 0.998500 0.995827 0.986554 0.977867 0.985595 58 vad:0.998226
gains: 0.976920 0.991529 0.999238 0.999120 0.996976 0.998719 0.998049 0.997400 0.997589 0.994166 0.997005 0.998330 0.998539 0.999018 0.997805 0.994057 0.998364 0.998928 0.999004 0.995792 0.989403 0.992573 0.994676 0.995159 0.994442 0.995094 0.996283 0.997268 0.994582 0.987974 0.989886 0.982589 59 vad:0.999114
gains: 0.991502 0.997068 0.999072 0.998451 0.998016 0.997096 0.991255 0.993281 0.987936 0.988887 0.992487 0.996306 0.997501 0.993859 0.994740 0.995073 0.994435 0.997104 0.997015 0.988270 0.978111 0.978616 0.985856 0.988563 0.980317 0.992378 0.997860 0.992928 0.990961 0.977098 0.974158 0.962721 60 vad:0.997553
gains: 0.981242 0.989899 0.996824 0.994879 0.955864 0.969901 0.959363 0.951318 0.930127 0.964173 0.970934 0.968006 0.973845 0.980147 0.963484 0.953569 0.972974 0.965244 0.990810 0.970324 0.916464 0.948201 0.956810 0.938366 0.952406 0.988002 0.986611 0.980762 0.980718 0.940369 0.910022 0.912247 61 vad:0.995651
gains: 0.979005 0.990905 0.998636 0.986119 0.946224 0.973713 0.965684 0.949868 0.880617 0.961412 0.977474 0.974392 0.952601 0.935621 0.943824 0.927362 0.966251 0.979820 0.978964 0.955308 0.936207 0.925437 0.917519 0.968833 0.955873 0.972464 0.973980 0.966031 0.966359 0.910949 0.875996 0.884786 62 vad:0.999561
gains: 0.983492 0.994900 0.999307 0.999131 0.995604 0.995366 0.989617 0.989563 0.988661 0.993834 0.989151 0.977304 0.985552 0.977603 0.964423 0.958036 0.989127 0.989003 0.978489 0.950980 0.958019 0.976105 0.977081 0.980080 0.982119 0.987431 0.986531 0.980896 0.968030 0.936068 0.961574 0.962991 63 vad:0.999626
gains: 0.967771 0.994494 0.998565 0.995067 0.995764 0.996102 0.994188 0.994914 0.996424 0.994023 0.993886 0.986500 0.987234 0.984341 0.964814 0.962741 0.991453 0.997404 0.993683 0.973111 0.972277 0.961568 0.979881 0.983766 0.984204 0.991390 0.977359 0.987497 0.989400 0.977394 0.980334 0.955122 64 vad:0.999807
gains: 0.989181 0.997913 0.998930 0.997038 0.998491 0.998292 0.998256 0.997720 0.997501 0.995429 0.996061 0.991301 0.979619 0.986104 0.974916 0.967818 0.994238 0.998237 0.995462 0.992505 0.984750 0.984362 0.994855 0.994385 0.994034 0.993722 0.990737 0.996583 0.994079 0.975558 0.979397 0.964515 65 vad:0.999630
gains: 0.991907 0.998868 0.998724 0.993376 0.997672 0.997400 0.995915 0.997158 0.996836 0.997501 0.997530 0.993730 0.984213 0.990837 0.979886 0.965910 0.995124 0.996414 0.995976 0.995255 0.981212 0.990303 0.992077 0.992202 0.991857 0.992144 0.987701 0.993880 0.985828 0.962091 0.954532 0.969675 66 vad:0.999734
gains: 0.991094 0.998215 0.998445 0.993731 0.998258 0.998373 0.998516 0.997391 0.995551 0.996386 0.996677 0.988852 0.983337 0.984061 0.979795 0.980394 0.995341 0.997083 0.992019 0.987583 0.990976 0.963398 0.972290 0.969805 0.972050 0.989862 0.991383 0.993236 0.990366 0.970645 0.963646 0.959669 67 vad:0.999381
gains: 0.990755 0.998112 0.997448 0.991457 0.998321 0.998722 0.998676 0.997236 0.996160 0.995854 0.997509 0.994152 0.990418 0.993376 0.984402 0.981905 0.995340 0.996526 0.993632 0.989329 0.988901 0.986946 0.985050 0.987504 0.986011 0.995984 0.993659 0.992850 0.993761 0.979844 0.954819 0.973685 68 vad:0.999495
gains: 0.989802 0.998129 0.998147 0.994695 0.997987 0.998523 0.997262 0.996117 0.997085 0.995323 0.996180 0.993887 0.993220 0.995005 0.985096 0.985669 0.988603 0.991376 0.990664 0.995404 0.994950 0.994456 0.994104 0.995208 0.994046 0.998469 0.997621 0.997152 0.996854 0.987260 0.966451 0.983804 69 vad:0.999185
gains: 0.989998 0.998061 0.998025 0.997450 0.997148 0.998127 0.996200 0.996295 0.996209 0.994330 0.995982 0.980553 0.979473 0.987827 0.956953 0.942061 0.975981 0.962941 0.969178 0.987285 0.984493 0.984581 0.976718 0.986309 0.988490 0.991869 0.991440 0.991472 0.990558 0.981074 0.944861 0.977105 70 vad:0.983747
gains: 0.996855 0.997958 0.995565 0.986166 0.991336 0.998245 0.994277 0.994191 0.997130 0.998142 0.994916 0.989628 0.989378 0.986655 0.976468 0.974077 0.985198 0.989085 0.984684 0.988933 0.979132 0.987470 0.993313 0.994495 0.994842 0.994294 0.994401 0.991454 0.994321 0.991509 0.984331 0.983875 71 vad:0.914634
gains: 0.997929 0.997165 0.995724 0.981266 0.985114 0.993036 0.977766 0.975492 0.984925 0.985578 0.984711 0.976825 0.910112 0.860667 0.880750 0.889830 0.909543 0.956563 0.947540 0.875860 0.785460 0.749931 0.855647 0.798741 0.671485 0.601782 0.632633 0.628821 0.703707 0.593680 0.629279 0.734984 72 vad:0.948533
gains: 0.984426 0.980528 0.941804 0.938003 0.952079 0.977597 0.945730 0.911781 0.931225 0.943407 0.953066 0.972648 0.973844 0.970969 0.961682 0.906864 0.937840 0.936832 0.932524 0.900339 0.764982 0.780247 0.928366 0.872046 0.731707 0.775192 0.768766 0.883991 0.842381 0.848796 0.850659 0.900759 73 vad:0.990252
gains: 0.982527 0.970882 0.954997 0.966731 0.964431 0.966147 0.934864 0.974106 0.979463 0.980534 0.979871 0.957802 0.932354 0.938874 0.962080 0.934462 0.937737 0.915817 0.873984 0.677818 0.798747 0.772409 0.684301 0.722042 0.838957 0.931435 0.959013 0.957963 0.903391 0.905009 0.850986 0.860096 74 vad:0.998134
gains: 0.980592 0.992236 0.996111 0.992199 0.992691 0.996304 0.985707 0.989006 0.966180 0.988520 0.987946 0.986533 0.982879 0.987428 0.978252 0.972899 0.985244 0.973130 0.916728 0.944026 0.958969 0.953089 0.947642 0.949303 0.965506 0.980891 0.977118 0.980653 0.967809 0.910324 0.834250 0.917803 75 vad:0.999399
gains: 0.913495 0.986703 0.996216 0.987294 0.990280 0.995190 0.996733 0.996614 0.996480 0.991560 0.985407 0.991752 0.994258 0.994728 0.988750 0.984875 0.989662 0.984353 0.964020 0.954140 0.939546 0.955455 0.962639 0.955397 0.950196 0.979089 0.948080 0.969849 0.970838 0.891233 0.771285 0.940740 76 vad:0.999088
gains: 0.985891 0.988156 0.998033 0.990044 0.983106 0.995000 0.995914 0.996507 0.995576 0.989705 0.989800 0.993417 0.993544 0.995820 0.991271 0.989411 0.986857 0.985187 0.974292 0.960384 0.931626 0.962656 0.976382 0.970631 0.948951 0.981597 0.958868 0.978497 0.978708 0.927895 0.865153 0.961944 77 vad:0.998117
gains: 0.979409 0.993568 0.998925 0.996341 0.994185 0.997423 0.996516 0.997230 0.998461 0.996476 0.996263 0.997923 0.995724 0.996326 0.993737 0.993667 0.991372 0.991858 0.989646 0.983211 0.973664 0.971831 0.980546 0.968721 0.955950 0.990785 0.987316 0.984901 0.985102 0.961851 0.951531 0.983331 78 vad:0.998691
gains: 0.958004 0.989296 0.998373 0.995653 0.994651 0.997926 0.997867 0.995628 0.996249 0.995785 0.996704 0.996324 0.996326 0.987718 0.978598 0.987917 0.992476 0.991304 0.990498 0.988718 0.965554 0.936416 0.947317 0.964541 0.950641 0.971292 0.957324 0.952154 0.955985 0.930026 0.886566 0.952861 79 vad:0.998447
gains: 0.958684 0.993172 0.997794 0.991938 0.991871 0.997571 0.995849 0.985481 0.990763 0.985165 0.993867 0.990832 0.980965 0.967538 0.966912 0.978816 0.973427 0.976747 0.970994 0.918877 0.876920 0.834691 0.775279 0.839356 0.736283 0.796651 0.620417 0.506000 0.499085 0.278260 0.269853 0.596648 80 vad:0.997650
gains: 0.956273 0.986301 0.994321 0.986790 0.992181 0.995476 0.993790 0.988983 0.995279 0.984287 0.969057 0.972265 0.973839 0.938084 0.923252 0.939555 0.952347 0.939673 0.926622 0.834461 0.798581 0.777617 0.696243 0.707445 0.641658 0.668506 0.391541 0.265286 0.247836 0.146494 0.151931 0.432845 81 vad:0.992640
gains: 0.980126 0.987375 0.992720 0.993254 0.982557 0.991936 0.995610 0.994076 0.981419 0.971985 0.970582 0.903291 0.887667 0.857413 0.873103 0.860503 0.834451 0.823174 0.854815 0.476579 0.488974 0.398860 0.416368 0.480964 0.394343 0.239179 0.113535 0.116434 0.102846 0.092718 0.152510 0.413841 82 vad:0.976309
gains: 0.993431 0.955538 0.988126 0.953529 0.944704 0.992059 0.963133 0.961111 0.977644 0.972853 0.918711 0.892959 0.799264 0.622544 0.633423 0.699427 0.742297 0.730515 0.742440 0.278145 0.182061 0.207388 0.367652 0.541417 0.486234 0.306319 0.156288 0.105699 0.145811 0.092850 0.152355 0.307606 83 vad:0.937276
gains: 0.948539 0.850588 0.833654 0.830006 0.848068 0.925392 0.856276 0.861407 0.953977 0.890348 0.808150 0.666111 0.714310 0.724120 0.621966 0.573868 0.594672 0.621762 0.732700 0.421750 0.098909 0.167549 0.415725 0.496369 0.582765 0.709285 0.360315 0.242026 0.378012 0.297047 0.361458 0.403554 84 vad:0.899468
gains: 0.958141 0.843193 0.739285 0.774077 0.930800 0.938572 0.868915 0.798583 0.864641 0.804726 0.784729 0.686070 0.715257 0.793658 0.682574 0.670117 0.747685 0.665989 0.742566 0.694034 0.473739 0.102873 0.091295 0.272625 0.292400 0.583574 0.623922 0.633781 0.515372 0.291526 0.318909 0.504799 85 vad:0.996151
gains: 0.864116 0.913187 0.934528 0.914302 0.908754 0.905389 0.914745 0.902120 0.952816 0.911109 0.943488 0.855283 0.736130 0.727301 0.529692 0.498120 0.698559 0.666263 0.583550 0.709614 0.635947 0.146272 0.141133 0.541612 0.261859 0.419230 0.533068 0.477969 0.440162 0.298284 0.327626 0.516044 86 vad:0.999524
gains: 0.935822 0.995980 0.995988 0.988319 0.996023 0.993146 0.954279 0.970580 0.975281 0.993423 0.987007 0.982511 0.979492 0.954613 0.925017 0.904582 0.978346 0.980966 0.946894 0.865569 0.769952 0.826948 0.831114 0.886636 0.577399 0.675299 0.711088 0.712061 0.524208 0.494655 0.576118 0.472013 87 vad:0.999844
gains: 0.956991 0.996744 0.998181 0.995233 0.997132 0.995907 0.992551 0.987427 0.994082 0.996714 0.992343 0.983621 0.991431 0.986606 0.970096 0.959977 0.994805 0.996156 0.992265 0.972066 0.957431 0.962570 0.987455 0.981149 0.957405 0.955912 0.880522 0.948666 0.782550 0.710916 0.759348 0.751467 88 vad:0.999853
gains: 0.980361 0.997574 0.996640 0.987310 0.997144 0.996588 0.994688 0.992687 0.995518 0.993848 0.991985 0.988876 0.991746 0.982759 0.989444 0.980061 0.997032 0.998768 0.997607 0.992591 0.960892 0.975821 0.992633 0.987004 0.975604 0.957144 0.914719 0.971214 0.923065 0.868616 0.889195 0.771138 89 vad:0.999790
gains: 0.990717 0.998477 0.998302 0.993710 0.998889 0.998408 0.996175 0.996547 0.997367 0.997726 0.996400 0.994187 0.994554 0.992073 0.992595 0.990331 0.997652 0.999114 0.997414 0.996734 0.989395 0.978899 0.994139 0.995753 0.991292 0.981085 0.965948 0.980231 0.960466 0.929476 0.929463 0.869925 90 vad:0.999743
gains: 0.978333 0.997918 0.996853 0.991359 0.998330 0.997576 0.995963 0.995033 0.994206 0.991135 0.988570 0.987250 0.992779 0.989085 0.984038 0.983948 0.994079 0.997687 0.994587 0.994647 0.986953 0.970855 0.988297 0.980701 0.978733 0.982378 0.972768 0.985666 0.964670 0.920669 0.914010 0.914032 91 vad:0.999291
gains: 0.987814 0.997604 0.995206 0.982522 0.988119 0.990865 0.926973 0.939649 0.954235 0.964742 0.919179 0.932218 0.942324 0.950341 0.914146 0.843724 0.918725 0.957624 0.909235 0.772524 0.683408 0.628749 0.832090 0.843509 0.655868 0.811156 0.835878 0.839253 0.861950 0.622146 0.590136 0.621736 92 vad:0.999645
gains: 0.973726 0.986745 0.987570 0.926295 0.949301 0.946889 0.732176 0.748969 0.804103 0.862802 0.868632 0.766648 0.846421 0.823665 0.800886 0.719932 0.660570 0.824612 0.755337 0.437391 0.270692 0.167325 0.346149 0.522559 0.256201 0.242986 0.299438 0.351117 0.472671 0.265770 0.325999 0.363311 93 vad:0.999619
gains: 0.980717 0.992346 0.992007 0.976757 0.990480 0.981648 0.983155 0.969915 0.988300 0.984461 0.978472 0.976025 0.988261 0.989980 0.984880 0.981840 0.987049 0.991391 0.987280 0.973724 0.932285 0.881626 0.909967 0.892931 0.793817 0.832497 0.801628 0.894151 0.843646 0.767350 0.821815 0.780251 94 vad:0.999904
gains: 0.971349 0.994674 0.994631 0.961725 0.987574 0.994501 0.996250 0.996853 0.993557 0.993283 0.994802 0.996710 0.995850 0.997827 0.989478 0.989346 0.996899 0.997242 0.995075 0.994852 0.978564 0.975262 0.981963 0.969410 0.975971 0.935730 0.863629 0.962948 0.925349 0.815532 0.799562 0.870624 95 vad:0.999768
gains: 0.973537 0.996301 0.996198 0.986213 0.994931 0.995869 0.996399 0.996865 0.993551 0.993626 0.994948 0.996185 0.996217 0.994409 0.984242 0.989219 0.990588 0.992298 0.993336 0.988268 0.972761 0.963143 0.979006 0.969712 0.905434 0.957944 0.940314 0.947419 0.903394 0.804320 0.820576 0.892278 96 vad:0.999588
gains: 0.978138 0.995321 0.993634 0.979357 0.995414 0.995184 0.986575 0.992598 0.983859 0.984199 0.987076 0.993440 0.992814 0.987868 0.966215 0.970969 0.970667 0.964316 0.992092 0.980741 0.947702 0.928904 0.940659 0.944357 0.914507 0.952760 0.952694 0.959618 0.938227 0.886690 0.854917 0.813717 97 vad:0.999616
gains: 0.972581 0.995189 0.995637 0.973984 0.972444 0.986278 0.940310 0.965944 0.983989 0.977223 0.987974 0.985173 0.945736 0.919373 0.932807 0.877608 0.890846 0.932723 0.955726 0.947676 0.815404 0.744583 0.809067 0.814516 0.762070 0.775214 0.802704 0.826165 0.879528 0.850729 0.848665 0.771734 98 vad:0.999645
gains: 0.967446 0.995833 0.996970 0.975922 0.990952 0.993896 0.988121 0.952597 0.968793 0.962673 0.968801 0.966602 0.968855 0.872315 0.872665 0.916178 0.938270 0.916510 0.903645 0.885349 0.869319 0.669920 0.586845 0.821040 0.678173 0.682965 0.657328 0.613145 0.644939 0.681807 0.818631 0.711485 99 vad:0.999749
gains: 0.977739 0.995615 0.997341 0.987350 0.994743 0.997969 0.995382 0.990516 0.994098 0.983844 0.986985 0.981341 0.959383 0.971635 0.941092 0.958201 0.980862 0.977467 0.950221 0.959185 0.959980 0.958348 0.919485 0.920151 0.874697 0.934717 0.864002 0.863581 0.894003 0.839655 0.897154 0.922538 100 vad:0.999264
gains: 0.975999 0.996349 0.995073 0.976622 0.995037 0.995339 0.989634 0.986596 0.989541 0.973702 0.986859 0.983853 0.963736 0.980950 0.956392 0.955104 0.974163 0.963085 0.969369 0.963977 0.980630 0.983300 0.983494 0.971501 0.957062 0.973551 0.948737 0.928841 0.924049 0.941411 0.945296 0.945183 101 vad:0.996718
gains: 0.985495 0.997695 0.997296 0.992734 0.994155 0.997446 0.993653 0.995016 0.992438 0.992801 0.986829 0.984213 0.971304 0.945092 0.926745 0.923410 0.974718 0.958953 0.964377 0.983943 0.981324 0.977500 0.985702 0.988648 0.983406 0.984775 0.966513 0.956839 0.963167 0.961338 0.924885 0.843601 102 vad:0.993625
gains: 0.989337 0.990471 0.987891 0.952862 0.935253 0.986666 0.981668 0.955795 0.964670 0.977740 0.960071 0.962361 0.939876 0.906703 0.802964 0.804185 0.889589 0.888025 0.814181 0.871490 0.832015 0.908934 0.950069 0.888320 0.846313 0.890802 0.902352 0.884564 0.901420 0.887425 0.803098 0.730346 103 vad:0.992636
gains: 0.967939 0.958512 0.936259 0.553868 0.839541 0.971284 0.923764 0.666310 0.512186 0.433408 0.483578 0.547698 0.396574 0.193190 0.138306 0.184554 0.149050 0.223581 0.269439 0.152098 0.167499 0.027281 0.019083 0.082425 0.024218 0.015565 0.013156 0.015554 0.047728 0.081624 0.110189 0.352749 104 vad:0.929132
gains: 0.775603 0.883702 0.660935 0.353604 0.644786 0.723843 0.361215 0.295274 0.391644 0.260493 0.373694 0.389980 0.308502 0.359997 0.498051 0.441930 0.378582 0.443597 0.318213 0.198672 0.129633 0.070998 0.056951 0.149663 0.131483 0.181465 0.060544 0.071375 0.125882 0.139478 0.183845 0.349850 105 vad:0.962642
gains: 0.930890 0.801357 0.744802 0.699293 0.829932 0.825531 0.816343 0.737462 0.517347 0.484016 0.642278 0.715739 0.764401 0.697851 0.705644 0.631446 0.760617 0.757977 0.774705 0.757798 0.677268 0.702628 0.611314 0.622731 0.702211 0.727480 0.619591 0.679172 0.761695 0.780739 0.669682 0.638658 106 vad:0.918071
gains: 0.864181 0.970169 0.913458 0.882466 0.771972 0.894651 0.890035 0.866797 0.757956 0.853112 0.908979 0.894252 0.848030 0.752452 0.759651 0.681864 0.782001 0.831334 0.800578 0.776361 0.806365 0.883402 0.864347 0.710958 0.728078 0.772774 0.649460 0.700325 0.718724 0.721071 0.577526 0.609654 107 vad:0.968727
gains: 0.935323 0.957365 0.959309 0.978972 0.973392 0.980491 0.951740 0.902968 0.942775 0.986190 0.989458 0.985247 0.980381 0.971211 0.956031 0.901629 0.943433 0.947302 0.964019 0.924865 0.920852 0.869597 0.890731 0.917477 0.844510 0.784113 0.804887 0.807109 0.843350 0.821159 0.614851 0.677855 108 vad:0.996574
gains: 0.970793 0.987437 0.987088 0.967327 0.990039 0.995735 0.967990 0.887390 0.933587 0.953699 0.960326 0.911583 0.926821 0.897616 0.825589 0.766245 0.772459 0.712538 0.775571 0.594411 0.438505 0.610757 0.740476 0.576759 0.507418 0.397798 0.223863 0.231714 0.248616 0.188569 0.152735 0.444780 109 vad:0.999715
gains: 0.942060 0.988542 0.989447 0.970817 0.985422 0.986889 0.983618 0.963115 0.959291 0.974490 0.979878 0.989904 0.989960 0.966254 0.924003 0.888539 0.914055 0.906634 0.867446 0.830294 0.694223 0.683169 0.779473 0.723251 0.627855 0.854484 0.708513 0.736012 0.695763 0.503097 0.335648 0.749882 110 vad:0.999152
gains: 0.914889 0.985009 0.979321 0.903567 0.978967 0.974316 0.977723 0.973691 0.910877 0.955251 0.971661 0.958058 0.948948 0.890107 0.724647 0.581765 0.629295 0.480454 0.539747 0.357404 0.269936 0.303161 0.468950 0.454767 0.330036 0.555457 0.371746 0.441463 0.420747 0.240684 0.182245 0.601802 111 vad:0.998453
gains: 0.951661 0.991851 0.988326 0.939797 0.987103 0.991173 0.967208 0.962810 0.904070 0.909112 0.928192 0.927482 0.917410 0.758381 0.613119 0.526693 0.747543 0.807316 0.606225 0.218835 0.284287 0.367776 0.446404 0.357951 0.315115 0.608066 0.493167 0.536333 0.387480 0.223671 0.217754 0.539074 112 vad:0.999723
gains: 0.975707 0.995869 0.996954 0.991066 0.997276 0.995300 0.990206 0.989033 0.996460 0.994574 0.985008 0.980085 0.983698 0.958327 0.913129 0.935050 0.988660 0.992282 0.984477 0.926197 0.840658 0.907150 0.885365 0.919373 0.924812 0.876621 0.833881 0.875684 0.732660 0.760879 0.845163 0.830313 113 vad:0.999636
gains: 0.953341 0.995038 0.995111 0.983614 0.997724 0.997187 0.993824 0.985039 0.981901 0.993557 0.991072 0.994617 0.990911 0.980238 0.973582 0.950292 0.980665 0.990800 0.965475 0.793823 0.584913 0.792051 0.845680 0.889856 0.911643 0.824803 0.798409 0.915945 0.779516 0.714644 0.838805 0.742660 114 vad:0.999730
gains: 0.941610 0.993172 0.990669 0.957783 0.991666 0.989566 0.980655 0.988332 0.963730 0.978715 0.984028 0.920809 0.923226 0.869077 0.715046 0.692648 0.904046 0.943962 0.751050 0.283385 0.111799 0.090470 0.183144 0.282525 0.211901 0.365175 0.281230 0.595036 0.602438 0.471527 0.695404 0.485722 115 vad:0.999729
gains: 0.938136 0.991888 0.989192 0.933352 0.984274 0.987721 0.983325 0.984602 0.971241 0.983455 0.977947 0.984637 0.974890 0.901938 0.767159 0.595532 0.904384 0.954022 0.878672 0.326008 0.209436 0.217298 0.528610 0.465082 0.372816 0.668614 0.583003 0.690350 0.699336 0.610383 0.731127 0.583006 116 vad:0.999704
gains: 0.947313 0.991593 0.992882 0.986394 0.993532 0.992709 0.984509 0.976325 0.980186 0.989904 0.987667 0.986200 0.990820 0.971867 0.838667 0.692987 0.905561 0.858242 0.818590 0.669693 0.475856 0.395321 0.657159 0.802746 0.602455 0.649763 0.586574 0.746313 0.800351 0.754879 0.798900 0.658287 117 vad:0.994992
gains: 0.973612 0.991465 0.989777 0.966145 0.994322 0.991478 0.976584 0.933716 0.932847 0.960217 0.983297 0.992889 0.990354 0.960482 0.885356 0.873024 0.941568 0.957115 0.933727 0.906705 0.908508 0.933312 0.950128 0.951299 0.934556 0.928929 0.931548 0.887760 0.915515 0.888269 0.827669 0.902170 118 vad:0.956320
gains: 0.983416 0.978960 0.984459 0.957336 0.946316 0.987225 0.949249 0.953777 0.985501 0.983729 0.982525 0.984006 0.985083 0.968791 0.930156 0.926943 0.967253 0.985319 0.976669 0.966676 0.936739 0.956645 0.989432 0.988372 0.978538 0.958772 0.978284 0.974021 0.972703 0.962889 0.895121 0.956194 119 vad:0.994927
gains: 0.900645 0.958747 0.911113 0.906934 0.955856 0.976822 0.941960 0.911453 0.953327 0.980678 0.975430 0.970118 0.975029 0.981122 0.945174 0.949691 0.969648 0.973175 0.977977 0.966781 0.933290 0.965481 0.985620 0.975941 0.947984 0.926010 0.964087 0.976662 0.970464 0.963329 0.927461 0.950074 120 vad:0.998799
gains: 0.896447 0.987183 0.993401 0.985260 0.987144 0.989898 0.941981 0.949147 0.914952 0.925724 0.947672 0.960177 0.946677 0.921058 0.925315 0.916970 0.945758 0.914483 0.840505 0.845524 0.692679 0.824181 0.968889 0.945349 0.854526 0.865032 0.912886 0.951793 0.954214 0.945052 0.937623 0.888938 121 vad:0.999684
gains: 0.907220 0.988035 0.992966 0.987844 0.994354 0.995838 0.992747 0.962062 0.889343 0.932266 0.940632 0.966860 0.988174 0.970310 0.950969 0.934007 0.963144 0.957620 0.883802 0.869004 0.818310 0.784447 0.906204 0.899560 0.819034 0.903088 0.902548 0.949956 0.914890 0.908462 0.903406 0.936807 122 vad:0.999485
gains: 0.945683 0.994171 0.993130 0.984178 0.996274 0.995097 0.992550 0.978950 0.974052 0.986101 0.990331 0.993692 0.960174 0.967353 0.920589 0.868253 0.927687 0.946678 0.866119 0.778122 0.664333 0.670494 0.875753 0.857690 0.758129 0.933891 0.918967 0.941250 0.890917 0.788216 0.875430 0.907081 123 vad:0.998436
gains: 0.959445 0.995594 0.994221 0.989399 0.996143 0.991246 0.988032 0.989257 0.989345 0.993932 0.993264 0.989711 0.994858 0.973888 0.961039 0.938882 0.938786 0.948075 0.941870 0.908842 0.767135 0.681569 0.842386 0.901937 0.809864 0.884267 0.756103 0.843615 0.924935 0.860274 0.871852 0.829130 124 vad:0.999357
gains: 0.957588 0.992666 0.991288 0.970798 0.994667 0.993696 0.974604 0.963595 0.962717 0.972977 0.981822 0.983924 0.982335 0.963369 0.942768 0.842139 0.920087 0.920190 0.861164 0.815309 0.597653 0.601548 0.737924 0.714186 0.566135 0.914226 0.922739 0.925346 0.942180 0.917016 0.873279 0.779084 125 vad:0.994710
gains: 0.987818 0.997166 0.995995 0.989387 0.996359 0.991225 0.986677 0.952736 0.971825 0.981075 0.971304 0.971460 0.974354 0.955072 0.922201 0.797264 0.855360 0.886132 0.843850 0.768887 0.567184 0.515387 0.524173 0.628993 0.495887 0.241149 0.137769 0.243898 0.333133 0.440310 0.467905 0.573112 126 vad:0.978531
gains: 0.989507 0.993891 0.993125 0.984436 0.977446 0.982150 0.964764 0.965811 0.970794 0.974153 0.970433 0.963857 0.957561 0.974922 0.944122 0.865776 0.853541 0.923291 0.832330 0.688796 0.814776 0.870767 0.860044 0.914358 0.783532 0.618318 0.534401 0.422516 0.465158 0.449695 0.457165 0.712045 127 vad:0.973911
gains: 0.963688 0.970269 0.933210 0.937959 0.933410 0.942204 0.917427 0.915338 0.950236 0.966230 0.967358 0.965929 0.973805 0.975012 0.956125 0.940135 0.946004 0.970072 0.962104 0.758065 0.920100 0.954141 0.968713 0.977131 0.924171 0.767826 0.684725 0.691338 0.814210 0.827058 0.807826 0.897837 128 vad:0.984114
gains: 0.942241 0.936355 0.838385 0.916861 0.958644 0.968451 0.950395 0.939875 0.944106 0.975529 0.978597 0.992392 0.986302 0.985812 0.985366 0.970888 0.985510 0.991977 0.985554 0.943036 0.934717 0.928338 0.955453 0.983347 0.954404 0.827568 0.793673 0.850728 0.883890 0.904667 0.905207 0.968560 129 vad:0.974638
gains: 0.956801 0.924445 0.826863 0.940807 0.957410 0.955925 0.920857 0.938877 0.939974 0.986988 0.977491 0.988918 0.992122 0.987877 0.985526 0.969664 0.978241 0.985777 0.973298 0.919585 0.883997 0.940913 0.968757 0.972128 0.932845 0.915434 0.830363 0.850321 0.911590 0.908431 0.903808 0.980277 130 vad:0.900041
gains: 0.940956 0.924113 0.895836 0.952606 0.952970 0.933197 0.856687 0.919039 0.932819 0.982253 0.982465 0.988398 0.991706 0.994063 0.986047 0.959873 0.979859 0.983872 0.981618 0.963353 0.942183 0.947622 0.966467 0.972080 0.958332 0.929610 0.875891 0.901267 0.945660 0.964137 0.968834 0.954175 131 vad:0.712584
gains: 0.956216 0.925180 0.890729 0.908816 0.883770 0.840845 0.834762 0.800033 0.891643 0.923339 0.921137 0.949264 0.914374 0.933383 0.900172 0.778878 0.899445 0.934531 0.953239 0.945885 0.929580 0.879861 0.877060 0.905242 0.886172 0.867578 0.902576 0.931837 0.946135 0.955538 0.937999 0.900580 132 vad:0.511285
gains: 0.904342 0.911104 0.919952 0.814099 0.759687 0.783804 0.736026 0.659755 0.736815 0.756914 0.799095 0.808104 0.818465 0.826467 0.816630 0.715167 0.803604 0.867121 0.878039 0.859252 0.842168 0.831132 0.845668 0.867282 0.843999 0.846614 0.856313 0.880626 0.877148 0.895430 0.871640 0.832734 133 vad:0.361334
gains: 0.840588 0.838449 0.842337 0.697931 0.685257 0.690768 0.653893 0.570879 0.614117 0.654145 0.729444 0.717383 0.691219 0.717920 0.739335 0.631994 0.699209 0.794967 0.816705 0.771205 0.763799 0.767752 0.778349 0.794703 0.768824 0.780585 0.770236 0.800528 0.808506 0.832071 0.813064 0.787403 134 vad:0.192083
gains: 0.755733 0.745909 0.730993 0.576518 0.587281 0.611993 0.588716 0.520821 0.539342 0.564951 0.630198 0.611845 0.576867 0.620013 0.655420 0.559725 0.630696 0.720669 0.743000 0.669152 0.688822 0.713433 0.727690 0.747619 0.723256 0.720793 0.676922 0.712436 0.718501 0.770314 0.741172 0.688805 135 vad:0.073510
gains: 0.673233 0.666749 0.637534 0.481952 0.509991 0.550458 0.539556 0.475548 0.481721 0.505386 0.567913 0.547481 0.513580 0.559218 0.598364 0.523327 0.596863 0.682274 0.682592 0.587138 0.610240 0.649176 0.673381 0.690254 0.666424 0.670489 0.612868 0.639657 0.643695 0.693071 0.672211 0.589422 136 vad:0.033391
gains: 0.607232 0.585332 0.556699 0.435021 0.480398 0.532624 0.523480 0.461050 0.471343 0.497287 0.544325 0.516680 0.492692 0.528403 0.567092 0.499920 0.569577 0.652054 0.647004 0.538710 0.568782 0.604073 0.628771 0.654743 0.626931 0.627755 0.569764 0.587489 0.591013 0.640719 0.626402 0.526997 137 vad:0.018132
gains: 0.568425 0.542862 0.517182 0.424848 0.481183 0.538772 0.524461 0.461140 0.478957 0.504169 0.534982 0.502977 0.489151 0.512923 0.548390 0.483999 0.552563 0.629332 0.624840 0.507847 0.544765 0.567450 0.593193 0.629711 0.598645 0.597212 0.539405 0.551308 0.557346 0.603732 0.599129 0.485143 138 vad:0.011782
gains: 0.547335 0.524050 0.501301 0.430954 0.494527 0.549072 0.527597 0.462068 0.488398 0.513585 0.529973 0.496282 0.491510 0.507548 0.540749 0.479544 0.545379 0.615322 0.615825 0.496090 0.537620 0.556137 0.578775 0.617632 0.580812 0.578952 0.520178 0.527171 0.535164 0.576491 0.578807 0.455556 139 vad:0.008377
gains: 0.535805 0.515718 0.494670 0.439576 0.507866 0.556413 0.526840 0.461051 0.497482 0.522220 0.525935 0.490402 0.492431 0.503485 0.534942 0.477273 0.543007 0.607298 0.612781 0.491153 0.536044 0.555001 0.573465 0.610827 0.568966 0.568294 0.507549 0.510456 0.519696 0.556619 0.563647 0.435394 140 vad:0.006435
gains: 0.532663 0.515216 0.495480 0.450422 0.520730 0.563123 0.526143 0.461663 0.508507 0.532668 0.525500 0.487702 0.494419 0.501977 0.531216 0.476913 0.544084 0.603768 0.613147 0.490894 0.537827 0.559554 0.574266 0.608192 0.561919 0.563505 0.500427 0.499519 0.509114 0.541722 0.551262 0.419578 141 vad:0.005182
gains: 0.533458 0.517479 0.498615 0.460033 0.530913 0.567774 0.524982 0.462478 0.518918 0.541955 0.525752 0.485705 0.495340 0.500543 0.527853 0.476461 0.545388 0.601554 0.614229 0.491598 0.539641 0.565317 0.577227 0.607659 0.558178 0.562047 0.496133 0.491937 0.501328 0.530379 0.541398 0.407416 142 vad:0.004320
gains: 0.536544 0.520974 0.502653 0.468040 0.538478 0.570763 0.523731 0.463064 0.527522 0.548743 0.525287 0.483520 0.495227 0.499082 0.524638 0.475222 0.545492 0.598773 0.614441 0.491851 0.540494 0.570184 0.580139 0.607757 0.556050 0.561822 0.493026 0.485942 0.494663 0.520660 0.532424 0.396715 143 vad:0.003686
gains: 0.540164 0.524179 0.506005 0.473728 0.543488 0.571987 0.522032 0.462894 0.533736 0.552493 0.523435 0.480631 0.493853 0.497200 0.521420 0.473051 0.543892 0.594763 0.613603 0.491153 0.540000 0.573312 0.581824 0.607688 0.554693 0.561581 0.489857 0.480435 0.488240 0.511905 0.524190 0.387318 144 vad:0.003200
gains: 0.543557 0.526629 0.508232 0.477391 0.546532 0.571867 0.519958 0.461977 0.537760 0.553646 0.520435 0.477242 0.491657 0.495092 0.518234 0.470031 0.540709 0.589546 0.611898 0.489666 0.538357 0.574616 0.581955 0.607117 0.553653 0.560828 0.486217 0.475011 0.481739 0.503750 0.516472 0.378892 145 vad:0.002813
gains: 0.546257 0.528124 0.509201 0.479350 0.548119 0.570727 0.517533 0.460431 0.539992 0.552800 0.516688 0.473638 0.488992 0.492896 0.515124 0.466341 0.536249 0.583425 0.609677 0.487657 0.535813 0.574289 0.580593 0.605982 0.552734 0.559421 0.482017 0.469580 0.475171 0.496191 0.509373 0.371454 146 vad:0.002499
gains: 0.548126 0.528688 0.508985 0.479978 0.548633 0.568852 0.514837 0.458455 0.540885 0.550572 0.512639 0.470149 0.486219 0.490755 0.512093 0.462122 0.530837 0.576718 0.607146 0.485341 0.532590 0.572578 0.577974 0.604362 0.551863 0.557425 0.477396 0.464244 0.468726 0.489328 0.503014 0.365015 147 vad:0.002238
gains: 0.549149 0.528385 0.507739 0.479595 0.548347 0.566463 0.511975 0.456239 0.540820 0.547463 0.508625 0.467009 0.483584 0.488739 0.509097 0.457455 0.524753 0.569697 0.604408 0.482851 0.528835 0.569691 0.574386 0.602407 0.551076 0.555017 0.472601 0.459192 0.462655 0.483305 0.497515 0.359570 148 vad:0.002019
gains: 0.549437 0.527371 0.505711 0.478517 0.547501 0.563773 0.509080 0.453980 0.540138 0.543889 0.504905 0.464398 0.481270 0.486887 0.506088 0.452423 0.518272 0.562623 0.601516 0.480291 0.524693 0.565869 0.570187 0.600339 0.550469 0.552437 0.467927 0.454624 0.457192 0.478227 0.492943 0.355061 149 vad:0.001833
gains: 0.549133 0.525790 0.503121 0.476990 0.546282 0.560940 0.506267 0.451818 0.539089 0.540146 0.501619 0.462375 0.479344 0.485179 0.503008 0.447102 0.511624 0.555694 0.598505 0.477725 0.520287 0.561347 0.565716 0.598371 0.550147 0.549914 0.463622 0.450679 0.452488 0.474125 0.489291 0.351395 150 vad:0.001674
gains: 0.548409 0.523813 0.500186 0.475231 0.544852 0.558105 0.503634 0.449861 0.537873 0.536451 0.498826 0.460928 0.477806 0.483579 0.499824 0.441593 0.505011 0.549058 0.595421 0.475214 0.515741 0.556370 0.561272 0.596677 0.550182 0.547630 0.459865 0.447421 0.448598 0.470947 0.486490 0.348467 151 vad:0.001537
gains: 0.547428 0.521590 0.497078 0.473398 0.543334 0.555366 0.501244 0.448164 0.536626 0.532940 0.496518 0.459971 0.476594 0.482046 0.496526 0.435993 0.498575 0.542798 0.592320 0.472796 0.511162 0.551167 0.557068 0.595344 0.550582 0.545695 0.456733 0.444830 0.445479 0.468573 0.484418 0.346165 152 vad:0.001419
gains: 0.546339 0.519257 0.493922 0.471597 0.541803 0.552786 0.499125 0.446744 0.535433 0.529679 0.494638 0.459386 0.475616 0.480537 0.493118 0.430398 0.492399 0.536933 0.589248 0.470491 0.506631 0.545923 0.553221 0.594373 0.551291 0.544140 0.454213 0.442821 0.443019 0.466838 0.482922 0.344379 153 vad:0.001317
gains: 0.545256 0.516913 0.490805 0.469888 0.540294 0.550393 0.497279 0.445590 0.534336 0.526690 0.493100 0.459046 0.474782 0.479021 0.489620 0.424879 0.486518 0.531448 0.586243 0.468298 0.502199 0.540767 0.549765 0.593704 0.552212 0.542938 0.452227 0.441274 0.441077 0.465567 0.481840 0.343003 154 vad:0.001228
gains: 0.544272 0.514633 0.487785 0.468301 0.538815 0.548192 0.495692 0.444677 0.533346 0.523952 0.491812 0.458836 0.474018 0.477484 0.486064 0.419495 0.480935 0.526308 0.583330 0.466215 0.497901 0.535782 0.546688 0.593251 0.553233 0.542026 0.450669 0.440063 0.439511 0.464597 0.481026 0.341939 155 vad:0.001152
gains: 0.543444 0.512464 0.484895 0.466848 0.537359 0.546171 0.494338 0.443972 0.532461 0.521435 0.490687 0.458664 0.473273 0.475926 0.482492 0.414293 0.475644 0.521483 0.580534 0.464239 0.493767 0.531014 0.543951 0.592934 0.554261 0.541335 0.449431 0.439072 0.438195 0.463794 0.480359 0.341101 156 vad:0.001086
gains: 0.542817 0.510435 0.482155 0.465529 0.535918 0.544307 0.493183 0.443442 0.531667 0.519095 0.489649 0.458465 0.472515 0.474361 0.478949 0.409312 0.470631 0.516950 0.577875 0.462374 0.489816 0.526480 0.541506 0.592680 0.555217 0.540793 0.448414 0.438208 0.437034 0.463059 0.479749 0.340417 157 vad:0.001028
gains: 0.542410 0.508557 0.479574 0.464343 0.534484 0.542571 0.492191 0.443056 0.530952 0.516897 0.488640 0.458198 0.471732 0.472809 0.475479 0.404581 0.465885 0.512692 0.575377 0.460625 0.486065 0.522187 0.539304 0.592437 0.556049 0.540339 0.447539 0.437403 0.435955 0.462323 0.479132 0.339830 158 vad:0.000978
gains: 0.542233 0.506840 0.477159 0.463287 0.533056 0.540936 0.491326 0.442782 0.530298 0.514809 0.487621 0.457839 0.470923 0.471289 0.472124 0.400122 0.461397 0.508697 0.573055 0.459000 0.482524 0.518126 0.537299 0.592166 0.556722 0.539925 0.446743 0.436608 0.434910 0.461544 0.478471 0.339298 159 vad:0.000933
gains: 0.542283 0.505286 0.474910 0.462361 0.531640 0.539384 0.490553 0.442596 0.529694 0.512806 0.486566 0.457386 0.470095 0.469822 0.468914 0.395948 0.457156 0.504954 0.570920 0.457505 0.479199 0.514288 0.535447 0.591837 0.557218 0.539512 0.445979 0.435793 0.433866 0.460700 0.477747 0.338790 160 vad:0.000894
gains: 0.542549 0.503890 0.472828 0.461564 0.530247 0.537900 0.489844 0.442472 0.529128 0.510870 0.485464 0.456839 0.469260 0.468422 0.465876 0.392065 0.453148 0.501448 0.568978 0.456142 0.476085 0.510657 0.533712 0.591430 0.557531 0.539073 0.445213 0.434941 0.432805 0.459782 0.476953 0.338285 161 vad:0.000859
gains: 0.543017 0.502651 0.470909 0.460896 0.528892 0.536479 0.489176 0.442390 0.528591 0.508986 0.484310 0.456213 0.468431 0.467102 0.463024 0.388467 0.449362 0.498165 0.567228 0.454908 0.473174 0.507215 0.532058 0.590932 0.557662 0.538587 0.444420 0.434042 0.431716 0.458791 0.476091 0.337770 162 vad:0.000827
gains: 0.543665 0.501561 0.469153 0.460356 0.527589 0.535121 0.488531 0.442335 0.528074 0.507148 0.483107 0.455520 0.467621 0.465867 0.460367 0.385145 0.445780 0.495088 0.565665 0.453796 0.470453 0.503949 0.530458 0.590336 0.557618 0.538043 0.443583 0.433094 0.430594 0.457732 0.475166 0.337236 163 vad:0.000798
gains: 0.544471 0.500612 0.467551 0.459941 0.526353 0.533831 0.487896 0.442290 0.527569 0.505349 0.481859 0.454777 0.466840 0.464718 0.457906 0.382083 0.442387 0.492199 0.564281 0.452801 0.467906 0.500839 0.528892 0.589638 0.557410 0.537432 0.442692 0.432095 0.429436 0.456613 0.474186 0.336679 164 vad:0.000771
gains: 0.545411 0.499795 0.466098 0.459648 0.525193 0.532615 0.487260 0.442244 0.527068 0.503581 0.480573 0.453996 0.466095 0.463653 0.455637 0.379263 0.439163 0.489480 0.563064 0.451911 0.465515 0.497871 0.527342 0.588838 0.557052 0.536751 0.441740 0.431049 0.428243 0.455443 0.473161 0.336099 165 vad:0.000747
gains: 0.546464 0.499100 0.464788 0.459470 0.524120 0.531476 0.486615 0.442187 0.526567 0.501844 0.479255 0.453189 0.465391 0.462668 0.453553 0.376666 0.436093 0.486912 0.562003 0.451116 0.463262 0.495029 0.525797 0.587938 0.556556 0.535998 0.440724 0.429956 0.427017 0.454230 0.472099 0.335495 166 vad:0.000724
gains: 0.547612 0.498518 0.463613 0.459403 0.523136 0.530424 0.485958 0.442110 0.526059 0.500133 0.477911 0.452367 0.464731 0.461755 0.451644 0.374272 0.433158 0.484481 0.561085 0.450407 0.461133 0.492301 0.524251 0.586946 0.555936 0.535175 0.439645 0.428823 0.425760 0.452981 0.471010 0.334872 167 vad:0.000702
gains: 0.548835 0.498040 0.462566 0.459437 0.522247 0.529460 0.485283 0.442005 0.525541 0.498446 0.476547 0.451538 0.464115 0.460906 0.449898 0.372063 0.430345 0.482172 0.560298 0.449772 0.459110 0.489677 0.522699 0.585866 0.555204 0.534286 0.438507 0.427651 0.424477 0.451706 0.469900 0.334233 168 vad:0.000681
gains: 0.550119 0.497657 0.461640 0.459566 0.521451 0.528586 0.484587 0.441868 0.525008 0.496782 0.475168 0.450705 0.463541 0.460112 0.448302 0.370020 0.427642 0.479974 0.559629 0.449200 0.457181 0.487148 0.521143 0.584707 0.554372 0.533334 0.437314 0.426448 0.423174 0.450410 0.468778 0.333584 169 vad:0.000662
gains: 0.551450 0.497365 0.460831 0.459784 0.520748 0.527803 0.483868 0.441695 0.524460 0.495141 0.473780 0.449876 0.463005 0.459365 0.446843 0.368127 0.425040 0.477878 0.559066 0.448684 0.455333 0.484708 0.519584 0.583479 0.553450 0.532324 0.436073 0.425218 0.421857 0.449103 0.467651 0.332932 170 vad:0.000644
gains: 0.552821 0.497154 0.460133 0.460084 0.520134 0.527109 0.483126 0.441485 0.523894 0.493522 0.472388 0.449053 0.462505 0.458657 0.445508 0.366371 0.422531 0.475877 0.558596 0.448213 0.453557 0.482355 0.518029 0.582192 0.552448 0.531261 0.434792 0.423968 0.420533 0.447793 0.466526 0.332283 171 vad:0.000626
gains: 0.554220 0.497018 0.459539 0.460457 0.519604 0.526501 0.482357 0.441235 0.523311 0.491926 0.470997 0.448237 0.462033 0.457980 0.444282 0.364737 0.420110 0.473966 0.558206 0.447777 0.451844 0.480086 0.516483 0.580855 0.551375 0.530151 0.433481 0.422708 0.419213 0.446488 0.465410 0.331643 172 vad:0.000610
gains: 0.555642 0.496952 0.459051 0.460901 0.519156 0.525976 0.481565 0.440949 0.522711 0.490355 0.469615 0.447434 0.461586 0.457330 0.443152 0.363216 0.417777 0.472141 0.557882 0.447370 0.450187 0.477903 0.514954 0.579480 0.550236 0.528997 0.432148 0.421443 0.417904 0.445197 0.464310 0.331021 173 vad:0.000595
gains: 0.557079 0.496949 0.458661 0.461411 0.518782 0.525527 0.480749 0.440626 0.522095 0.488812 0.468246 0.446641 0.461155 0.456698 0.442107 0.361797 0.415529 0.470401 0.557610 0.446982 0.448581 0.475808 0.513449 0.578075 0.549039 0.527804 0.430804 0.420183 0.416618 0.443930 0.463233 0.330421 174 vad:0.000580
gains: 0.558526 0.497003 0.458368 0.461981 0.518477 0.525150 0.479912 0.440270 0.521466 0.487300 0.466898 0.445861 0.460736 0.456082 0.441133 0.360472 0.413370 0.468742 0.557375 0.446606 0.447022 0.473804 0.511975 0.576649 0.547788 0.526576 0.429457 0.418938 0.415363 0.442697 0.462185 0.329849 175 vad:0.000567
gains: 0.559979 0.497109 0.458168 0.462609 0.518231 0.524833 0.479058 0.439885 0.520824 0.485822 0.465580 0.445096 0.460323 0.455480 0.440219 0.359233 0.411300 0.467164 0.557163 0.446238 0.445508 0.471893 0.510539 0.575211 0.546485 0.525317 0.428118 0.417716 0.414150 0.441506 0.461171 0.329307 176 vad:0.000554
gains: 0.561434 0.497258 0.458058 0.463290 0.518036 0.524566 0.478189 0.439474 0.520173 0.484379 0.464293 0.444342 0.459910 0.454887 0.439356 0.358072 0.409322 0.465665 0.556960 0.445870 0.444039 0.470080 0.509148 0.573766 0.545134 0.524030 0.426795 0.416525 0.412988 0.440366 0.460197 0.328798 177 vad:0.000543
gains: 0.562885 0.497444 0.458030 0.464020 0.517880 0.524338 0.477311 0.439039 0.519513 0.482975 0.463044 0.443600 0.459491 0.454302 0.438534 0.356984 0.407436 0.464241 0.556757 0.445503 0.442616 0.468365 0.507804 0.572320 0.543737 0.522720 0.425496 0.415374 0.411883 0.439284 0.459267 0.328324 178 vad:0.000532
gains: 0.564329 0.497660 0.458080 0.464794 0.517749 0.524135 0.476426 0.438586 0.518845 0.481611 0.461835 0.442868 0.459061 0.453725 0.437744 0.355963 0.405641 0.462888 0.556542 0.445134 0.441241 0.466750 0.506512 0.570878 0.542299 0.521392 0.424230 0.414272 0.410845 0.438269 0.458386 0.327882 179 vad:0.000523
gains: 0.565762 0.497899 0.458197 0.465605 0.517633 0.523943 0.475540 0.438114 0.518171 0.480286 0.460666 0.442143 0.458618 0.453153 0.436980 0.355003 0.403935 0.461601 0.556311 0.444763 0.439915 0.465230 0.505271 0.569441 0.540823 0.520053 0.423003 0.413224 0.409877 0.437324 0.457558 0.327475 180 vad:0.000514
gains: 0.567179 0.498153 0.458374 0.466447 0.517516 0.523748 0.474654 0.437627 0.517491 0.479000 0.459536 0.441422 0.458159 0.452584 0.436232 0.354100 0.402315 0.460374 0.556058 0.444392 0.438641 0.463804 0.504083 0.568014 0.539316 0.518710 0.421820 0.412235 0.408985 0.436454 0.456785 0.327097 181 vad:0.000507
gains: 0.568576 0.498417 0.458600 0.467310 0.517388 0.523538 0.473772 0.437125 0.516805 0.477751 0.458443 0.440704 0.457684 0.452016 0.435500 0.353247 0.400776 0.459202 0.555782 0.444023 0.437418 0.462464 0.502945 0.566599 0.537785 0.517371 0.420687 0.411311 0.408168 0.435660 0.456070 0.326750 182 vad:0.000499
gains: 0.569946 0.498684 0.458862 0.468188 0.517238 0.523303 0.472896 0.436611 0.516113 0.476536 0.457384 0.439987 0.457191 0.451449 0.434774 0.352440 0.399313 0.458078 0.555481 0.443658 0.436248 0.461204 0.501857 0.565198 0.536238 0.516043 0.419608 0.410452 0.407429 0.434942 0.455413 0.326431 183 vad:0.000493
gains: 0.571287 0.498948 0.459153 0.469070 0.517059 0.523035 0.472027 0.436084 0.515415 0.475352 0.456354 0.439269 0.456681 0.450879 0.434053 0.351674 0.397918 0.456995 0.555158 0.443296 0.435127 0.460017 0.500816 0.563815 0.534684 0.514734 0.418582 0.409660 0.406766 0.434299 0.454815 0.326136 184 vad:0.000487
gains: 0.572595 0.499207 0.459464 0.469951 0.516845 0.522731 0.471167 0.435545 0.514712 0.474196 0.455352 0.438550 0.456157 0.450306 0.433332 0.350946 0.396588 0.455948 0.554812 0.442940 0.434055 0.458894 0.499821 0.562453 0.533131 0.513452 0.417613 0.408934 0.406176 0.433728 0.454272 0.325865 185 vad:0.000482
gains: 0.573865 0.499458 0.459785 0.470823 0.516593 0.522389 0.470316 0.434996 0.514004 0.473066 0.454373 0.437832 0.455622 0.449725 0.432610 0.350252 0.395317 0.454933 0.554447 0.442589 0.433027 0.457828 0.498868 0.561114 0.531589 0.512199 0.416700 0.408272 0.405657 0.433225 0.453784 0.325615 186 vad:0.000476
gains: 0.575097 0.499700 0.460115 0.471682 0.516304 0.522009 0.469477 0.434437 0.513291 0.471958 0.453417 0.437115 0.455076 0.449139 0.431885 0.349588 0.394101 0.453945 0.554064 0.442244 0.432039 0.456815 0.497958 0.559801 0.530064 0.510983 0.415840 0.407672 0.405205 0.432786 0.453347 0.325382 187 vad:0.000472
gains: 0.576291 0.499934 0.460446 0.472524 0.515978 0.521591 0.468651 0.433869 0.512575 0.470872 0.452478 0.436400 0.454525 0.448544 0.431156 0.348955 0.392937 0.452982 0.553665 0.441904 0.431090 0.455847 0.497088 0.558517 0.528562 0.509807 0.415034 0.407131 0.404816 0.432407 0.452957 0.325167 188 vad:0.000467
gains: 0.577447 0.500163 0.460779 0.473348 0.515619 0.521141 0.467838 0.433295 0.511856 0.469805 0.451559 0.435690 0.453971 0.447941 0.430424 0.348349 0.391823 0.452042 0.553253 0.441569 0.430173 0.454922 0.496259 0.557266 0.527091 0.508671 0.414278 0.406646 0.404487 0.432084 0.452613 0.324966 189 vad:0.000463
gains: 0.578568 0.500386 0.461111 0.474151 0.515231 0.520661 0.467040 0.432716 0.511137 0.468757 0.450657 0.434986 0.453417 0.447330 0.429689 0.347769 0.390756 0.451121 0.552830 0.441238 0.429286 0.454036 0.495469 0.556048 0.525653 0.507580 0.413572 0.406215 0.404213 0.431811 0.452308 0.324776 190 vad:0.000459
gains: 0.579655 0.500606 0.461443 0.474932 0.514816 0.520155 0.466258 0.432133 0.510418 0.467726 0.449772 0.434292 0.452864 0.446710 0.428952 0.347217 0.389735 0.450221 0.552398 0.440911 0.428427 0.453186 0.494720 0.554867 0.524252 0.506530 0.412912 0.405834 0.403992 0.431585 0.452040 0.324596 191 vad:0.000455
gains: 0.580712 0.500829 0.461774 0.475695 0.514379 0.519627 0.465493 0.431549 0.509701 0.466714 0.448904 0.433607 0.452316 0.446083 0.428213 0.346691 0.388758 0.449340 0.551959 0.440588 0.427592 0.452369 0.494010 0.553723 0.522890 0.505524 0.412297 0.405499 0.403819 0.431401 0.451807 0.324425 192 vad:0.000451
gains: 0.581742 0.501054 0.462105 0.476436 0.513923 0.519081 0.464745 0.430965 0.508988 0.465717 0.448052 0.432935 0.451774 0.445450 0.427472 0.346190 0.387825 0.448478 0.551515 0.440267 0.426780 0.451584 0.493338 0.552617 0.521570 0.504562 0.411724 0.405210 0.403693 0.431258 0.451606 0.324261 193 vad:0.000447
gains: 0.582749 0.501287 0.462438 0.477160 0.513453 0.518520 0.464015 0.430382 0.508280 0.464739 0.447218 0.432276 0.451239 0.444810 0.426733 0.345716 0.386933 0.447634 0.551068 0.439948 0.425988 0.450830 0.492706 0.551551 0.520291 0.503642 0.411193 0.404962 0.403610 0.431151 0.451433 0.324101 194 vad:0.000444
gains: 0.583734 0.501525 0.462773 0.477866 0.512971 0.517946 0.463303 0.429803 0.507578 0.463778 0.446402 0.431631 0.450714 0.444164 0.425992 0.345267 0.386082 0.446808 0.550619 0.439631 0.425215 0.450104 0.492112 0.550524 0.519056 0.502764 0.410700 0.404754 0.403569 0.431077 0.451286 0.323946 195 vad:0.000440
gains: 0.584701 0.501773 0.463111 0.478556 0.512480 0.517362 0.462610 0.429229 0.506884 0.462835 0.445601 0.431002 0.450197 0.443513 0.425253 0.344843 0.385271 0.445999 0.550171 0.439314 0.424461 0.449408 0.491557 0.549538 0.517864 0.501928 0.410246 0.404584 0.403566 0.431034 0.451163 0.323794 196 vad:0.000436
gains: 0.585652 0.502031 0.463451 0.479230 0.511984 0.516770 0.461934 0.428660 0.506199 0.461910 0.444820 0.430389 0.449692 0.442858 0.424516 0.344444 0.384499 0.445209 0.549723 0.438999 0.423723 0.448739 0.491037 0.548591 0.516715 0.501131 0.409828 0.404451 0.403600 0.431021 0.451062 0.323645 197 vad:0.000433
gains: 0.586589 0.502299 0.463794 0.479889 0.511483 0.516171 0.461275 0.428098 0.505523 0.461003 0.444056 0.429792 0.449197 0.442199 0.423780 0.344070 0.383763 0.444436 0.549279 0.438685 0.423002 0.448096 0.490554 0.547683 0.515610 0.500373 0.409446 0.404351 0.403669 0.431035 0.450981 0.323496 198 vad:0.000429
gains: 0.587511 0.502578 0.464141 0.480534 0.510980 0.515567 0.460634 0.427544 0.504858 0.460114 0.443309 0.429212 0.448713 0.441536 0.423047 0.343718 0.383064 0.443680 0.548837 0.438370 0.422295 0.447480 0.490106 0.546813 0.514548 0.499654 0.409097 0.404285 0.403772 0.431075 0.450918 0.323347 199 vad:0.000426
gains: 0.588422 0.502866 0.464490 0.481166 0.510476 0.514960 0.460009 0.426997 0.504203 0.459243 0.442580 0.428649 0.448239 0.440869 0.422316 0.343390 0.382400 0.442942 0.548400 0.438056 0.421605 0.446890 0.489692 0.545983 0.513529 0.498972 0.408780 0.404250 0.403906 0.431139 0.450871 0.323198 200 vad:0.000422
gains: 0.589320 0.503164 0.464840 0.481785 0.509973 0.514350 0.459401 0.426460 0.503561 0.458391 0.441869 0.428102 0.447776 0.440199 0.421586 0.343084 0.381768 0.442220 0.547967 0.437741 0.420929 0.446326 0.489309 0.545189 0.512553 0.498326 0.408495 0.404245 0.404070 0.431225 0.450837 0.323047 201 vad:0.000419
gains: 0.590205 0.503470 0.465193 0.482391 0.509474 0.513738 0.458808 0.425932 0.502930 0.457556 0.441174 0.427571 0.447322 0.439525 0.420859 0.342798 0.381167 0.441514 0.547540 0.437425 0.420267 0.445786 0.488956 0.544432 0.511620 0.497716 0.408241 0.404270 0.404263 0.431332 0.450814 0.322892 202 vad:0.000416
gains: 0.591078 0.503783 0.465543 0.482985 0.508976 0.513124 0.458230 0.425414 0.502310 0.456739 0.440496 0.427056 0.446878 0.438847 0.420134 0.342532 0.380595 0.440823 0.547119 0.437108 0.419619 0.445271 0.488634 0.543711 0.510727 0.497139 0.408014 0.404321 0.404482 0.431457 0.450801 0.322735 203 vad:0.000412
gains: 0.591938 0.504100 0.465893 0.483566 0.508485 0.512512 0.457667 0.424905 0.501703 0.455939 0.439834 0.426556 0.446442 0.438166 0.419411 0.342285 0.380052 0.440148 0.546704 0.436790 0.418985 0.444779 0.488339 0.543024 0.509877 0.496596 0.407816 0.404399 0.404726 0.431601 0.450795 0.322573 204 vad:0.000409
gains: 0.592784 0.504420 0.466240 0.484135 0.507999 0.511900 0.457117 0.424407 0.501108 0.455156 0.439188 0.426072 0.446015 0.437481 0.418690 0.342054 0.379534 0.439487 0.546296 0.436472 0.418366 0.444312 0.488070 0.542370 0.509066 0.496083 0.407644 0.404502 0.404994 0.431761 0.450794 0.322405 205 vad:0.000406
gains: 0.593615 0.504741 0.466583 0.484691 0.507520 0.511289 0.456580 0.423918 0.500524 0.454389 0.438557 0.425601 0.445596 0.436791 0.417970 0.341840 0.379041 0.438839 0.545894 0.436151 0.417758 0.443867 0.487824 0.541749 0.508296 0.495601 0.407497 0.404628 0.405284 0.431935 0.450796 0.322231 206 vad:0.000403
gains: 0.594431 0.505063 0.466922 0.485236 0.507047 0.510681 0.456057 0.423440 0.499953 0.453639 0.437941 0.425144 0.445182 0.436097 0.417252 0.341642 0.378570 0.438204 0.545499 0.435829 0.417165 0.443445 0.487601 0.541160 0.507565 0.495149 0.407374 0.404777 0.405594 0.432122 0.450800 0.322050 207 vad:0.000399
gains: 0.595229 0.505382 0.467255 0.485768 0.506583 0.510076 0.455546 0.422972 0.499393 0.452904 0.437339 0.424701 0.444776 0.435399 0.416535 0.341456 0.378120 0.437582 0.545111 0.435506 0.416584 0.443047 0.487399 0.540600 0.506872 0.494724 0.407274 0.404946 0.405923 0.432322 0.450802 0.321860 208 vad:0.000396
gains: 0.596008 0.505696 0.467580 0.486288 0.506130 0.509475 0.455047 0.422514 0.498845 0.452185 0.436750 0.424270 0.444374 0.434695 0.415819 0.341284 0.377688 0.436971 0.544731 0.435181 0.416016 0.442669 0.487215 0.540070 0.506218 0.494327 0.407196 0.405136 0.406269 0.432532 0.450802 0.321662 209 vad:0.000393
gains: 0.596771 0.506006 0.467896 0.486796 0.505686 0.508879 0.454559 0.422066 0.498308 0.451480 0.436174 0.423850 0.443977 0.433987 0.415104 0.341122 0.377274 0.436372 0.544357 0.434853 0.415460 0.442313 0.487049 0.539569 0.505600 0.493955 0.407138 0.405343 0.406631 0.432751 0.450798 0.321455 210 vad:0.000390
gains: 0.597513 0.506307 0.468204 0.487290 0.505252 0.508288 0.454083 0.421628 0.497782 0.450790 0.435609 0.423442 0.443584 0.433273 0.414390 0.340971 0.376875 0.435782 0.543991 0.434524 0.414917 0.441979 0.486899 0.539094 0.505019 0.493608 0.407099 0.405569 0.407007 0.432978 0.450788 0.321238 211 vad:0.000387
gains: 0.598234 0.506600 0.468500 0.487773 0.504830 0.507703 0.453619 0.421200 0.497267 0.450113 0.435056 0.423045 0.443195 0.432554 0.413676 0.340828 0.376490 0.435203 0.543632 0.434194 0.414387 0.441665 0.486763 0.538645 0.504473 0.493284 0.407079 0.405811 0.407396 0.433212 0.450772 0.321010 212 vad:0.000385
gains: 0.598935 0.506882 0.468787 0.488244 0.504420 0.507125 0.453166 0.420782 0.496763 0.449450 0.434515 0.422657 0.442810 0.431830 0.412963 0.340694 0.376117 0.434633 0.543281 0.433862 0.413868 0.441371 0.486640 0.538221 0.503961 0.492983 0.407076 0.406068 0.407796 0.433451 0.450747 0.320772 213 vad:0.000382
gains: 0.599614 0.507154 0.469061 0.488703 0.504022 0.506555 0.452724 0.420374 0.496270 0.448800 0.433984 0.422279 0.442427 0.431101 0.412251 0.340566 0.375756 0.434072 0.542937 0.433528 0.413361 0.441098 0.486528 0.537821 0.503483 0.492703 0.407088 0.406340 0.408206 0.433695 0.450714 0.320524 214 vad:0.000379
gains: 0.600271 0.507413 0.469323 0.489149 0.503638 0.505994 0.452294 0.419977 0.495787 0.448162 0.433462 0.421910 0.442047 0.430367 0.411538 0.340444 0.375404 0.433519 0.542600 0.433192 0.412866 0.440843 0.486427 0.537443 0.503038 0.492444 0.407116 0.406625 0.408625 0.433943 0.450671 0.320265 215 vad:0.000377
gains: 0.600905 0.507659 0.469573 0.489584 0.503268 0.505442 0.451875 0.419589 0.495315 0.447537 0.432950 0.421550 0.441669 0.429629 0.410827 0.340327 0.375062 0.432975 0.542271 0.432856 0.412381 0.440608 0.486335 0.537088 0.502623 0.492203 0.407159 0.406922 0.409053 0.434194 0.450619 0.319996 216 vad:0.000374
gains: 0.601518 0.507893 0.469810 0.490007 0.502912 0.504899 0.451467 0.419211 0.494853 0.446924 0.432447 0.421198 0.441294 0.428887 0.410117 0.340215 0.374728 0.432440 0.541950 0.432518 0.411908 0.440392 0.486250 0.536753 0.502240 0.491982 0.407216 0.407232 0.409488 0.434448 0.450557 0.319717 217 vad:0.000372
gains: 0.602107 0.508113 0.470034 0.490419 0.502570 0.504368 0.451071 0.418844 0.494402 0.446323 0.431952 0.420853 0.440921 0.428141 0.409408 0.340106 0.374400 0.431912 0.541637 0.432179 0.411447 0.440194 0.486172 0.536439 0.501886 0.491778 0.407285 0.407552 0.409928 0.434704 0.450484 0.319429 218 vad:0.000369
gains: 0.602675 0.508318 0.470245 0.490819 0.502243 0.503849 0.450687 0.418487 0.493961 0.445734 0.431467 0.420516 0.440551 0.427393 0.408701 0.340001 0.374079 0.431393 0.541332 0.431839 0.410996 0.440013 0.486100 0.536143 0.501562 0.491591 0.407367 0.407883 0.410375 0.434962 0.450403 0.319132 219 vad:0.000367
gains: 0.603221 0.508510 0.470444 0.491209 0.501931 0.503341 0.450315 0.418140 0.493530 0.445156 0.430988 0.420187 0.440185 0.426643 0.407995 0.339900 0.373764 0.430881 0.541036 0.431500 0.410555 0.439850 0.486034 0.535866 0.501264 0.491421 0.407460 0.408225 0.410826 0.435222 0.450312 0.318828 220 vad:0.000365
gains: 0.603745 0.508687 0.470629 0.491587 0.501635 0.502846 0.449955 0.417804 0.493111 0.444590 0.430519 0.419865 0.439821 0.425891 0.407292 0.339800 0.373455 0.430379 0.540749 0.431160 0.410125 0.439704 0.485972 0.535606 0.500993 0.491265 0.407564 0.408575 0.411282 0.435483 0.450214 0.318516 221 vad:0.000363
gains: 0.604248 0.508852 0.470802 0.491957 0.501355 0.502365 0.449609 0.417479 0.492702 0.444035 0.430056 0.419549 0.439461 0.425140 0.406593 0.339703 0.373151 0.429885 0.540471 0.430821 0.409706 0.439575 0.485914 0.535363 0.500748 0.491125 0.407680 0.408935 0.411743 0.435746 0.450108 0.318199 222 vad:0.000361
gains: 0.604730 0.509002 0.470963 0.492315 0.501091 0.501898 0.449275 0.417164 0.492304 0.443493 0.429601 0.419240 0.439104 0.424390 0.405897 0.339609 0.372853 0.429400 0.540201 0.430482 0.409296 0.439461 0.485859 0.535135 0.500527 0.490998 0.407806 0.409303 0.412206 0.436010 0.449995 0.317877 223 vad:0.000359
gains: 0.605194 0.509139 0.471111 0.492664 0.500842 0.501446 0.448955 0.416861 0.491917 0.442961 0.429154 0.418939 0.438753 0.423641 0.405206 0.339517 0.372560 0.428925 0.539943 0.430145 0.408896 0.439364 0.485807 0.534922 0.500330 0.490885 0.407941 0.409681 0.412674 0.436276 0.449876 0.317551 224 vad:0.000357
gains: 0.605638 0.509263 0.471247 0.493004 0.500611 0.501008 0.448648 0.416569 0.491542 0.442441 0.428714 0.418644 0.438406 0.422896 0.404520 0.339428 0.372272 0.428459 0.539693 0.429809 0.408506 0.439282 0.485758 0.534724 0.500155 0.490785 0.408086 0.410066 0.413145 0.436544 0.449754 0.317223 225 vad:0.000355
gains: 0.606064 0.509376 0.471372 0.493336 0.500395 0.500587 0.448357 0.416288 0.491177 0.441933 0.428282 0.418355 0.438065 0.422154 0.403838 0.339340 0.371989 0.428004 0.539455 0.429475 0.408124 0.439214 0.485710 0.534538 0.500001 0.490698 0.408240 0.410459 0.413620 0.436815 0.449628 0.316893 226 vad:0.000354
gains: 0.606473 0.509478 0.471486 0.493658 0.500195 0.500182 0.448078 0.416019 0.490824 0.441437 0.427857 0.418074 0.437730 0.421417 0.403164 0.339256 0.371713 0.427559 0.539228 0.429143 0.407752 0.439161 0.485665 0.534366 0.499868 0.490622 0.408403 0.410860 0.414099 0.437087 0.449500 0.316563 227 vad:0.000352
gains: 0.606865 0.509568 0.471588 0.493973 0.500011 0.499793 0.447815 0.415762 0.490483 0.440952 0.427440 0.417800 0.437402 0.420687 0.402496 0.339175 0.371442 0.427125 0.539011 0.428815 0.407389 0.439122 0.485620 0.534205 0.499754 0.490558 0.408574 0.411269 0.414580 0.437363 0.449371 0.316234 228 vad:0.000351
gains: 0.607244 0.509650 0.471681 0.494281 0.499844 0.499422 0.447567 0.415517 0.490155 0.440480 0.427030 0.417533 0.437081 0.419964 0.401837 0.339097 0.371178 0.426702 0.538807 0.428489 0.407035 0.439097 0.485578 0.534057 0.499658 0.490505 0.408754 0.411686 0.415065 0.437641 0.449242 0.315906 229 vad:0.000349
gains: 0.607605 0.509721 0.471764 0.494581 0.499691 0.499068 0.447335 0.415284 0.489838 0.440019 0.426628 0.417272 0.436767 0.419250 0.401186 0.339021 0.370920 0.426292 0.538614 0.428167 0.406689 0.439085 0.485537 0.533918 0.499580 0.490462 0.408942 0.412110 0.415554 0.437923 0.449114 0.315581 230 vad:0.000348
gains: 0.607954 0.509784 0.471836 0.494874 0.499555 0.498731 0.447117 0.415063 0.489533 0.439571 0.426234 0.417019 0.436462 0.418544 0.400543 0.338950 0.370670 0.425894 0.538433 0.427848 0.406351 0.439086 0.485497 0.533790 0.499517 0.490429 0.409138 0.412541 0.416046 0.438208 0.448989 0.315260 231 vad:0.000347
gains: 0.608290 0.509840 0.471900 0.495161 0.499435 0.498411 0.446916 0.414855 0.489241 0.439135 0.425848 0.416773 0.436166 0.417849 0.399910 0.338883 0.370427 0.425508 0.538266 0.427534 0.406023 0.439099 0.485458 0.533672 0.499470 0.490405 0.409342 0.412980 0.416542 0.438498 0.448867 0.314943 232 vad:0.000346
gains: 0.608615 0.509889 0.471955 0.495442 0.499329 0.498110 0.446730 0.414659 0.488961 0.438711 0.425470 0.416534 0.435879 0.417164 0.399288 0.338819 0.370191 0.425135 0.538110 0.427224 0.405702 0.439124 0.485420 0.533564 0.499438 0.490391 0.409553 0.413426 0.417041 0.438791 0.448748 0.314631 233 vad:0.000345
gains: 0.608927 0.509931 0.472002 0.495717 0.499239 0.497827 0.446561 0.414477 0.488694 0.438300 0.425100 0.416303 0.435601 0.416492 0.398676 0.338761 0.369965 0.424776 0.537968 0.426920 0.405388 0.439160 0.485384 0.533462 0.499419 0.490386 0.409772 0.413879 0.417545 0.439088 0.448635 0.314325 234 vad:0.000344
gains: 0.609231 0.509968 0.472041 0.495986 0.499164 0.497562 0.446408 0.414307 0.488440 0.437902 0.424738 0.416079 0.435333 0.415832 0.398075 0.338706 0.369746 0.424430 0.537839 0.426621 0.405083 0.439208 0.485349 0.533370 0.499413 0.490389 0.409998 0.414339 0.418052 0.439391 0.448526 0.314026 235 vad:0.000343
gains: 0.609525 0.510001 0.472071 0.496250 0.499103 0.497315 0.446271 0.414149 0.488198 0.437516 0.424385 0.415863 0.435076 0.415185 0.397486 0.338656 0.369536 0.424098 0.537723 0.426327 0.404785 0.439267 0.485315 0.533287 0.499419 0.490400 0.410231 0.414806 0.418563 0.439697 0.448424 0.313734 236 vad:0.000342
gains: 0.609810 0.510029 0.472096 0.496510 0.499057 0.497086 0.446151 0.414005 0.487970 0.437143 0.424040 0.415655 0.434829 0.414551 0.396907 0.338611 0.369335 0.423780 0.537621 0.426038 0.404495 0.439336 0.485283 0.533210 0.499436 0.490419 0.410471 0.415280 0.419078 0.440009 0.448328 0.313449 237 vad:0.000341
gains: 0.610087 0.510055 0.472114 0.496764 0.499025 0.496875 0.446047 0.413874 0.487754 0.436782 0.423703 0.415453 0.434592 0.413931 0.396341 0.338571 0.369144 0.423476 0.537532 0.425757 0.404212 0.439415 0.485252 0.533140 0.499464 0.490445 0.410718 0.415760 0.419597 0.440325 0.448238 0.313172 238 vad:0.000340
gains: 0.610358 0.510077 0.472125 0.497014 0.499006 0.496683 0.445959 0.413755 0.487551 0.436435 0.423377 0.415260 0.434366 0.413326 0.395788 0.338537 0.368962 0.423185 0.537456 0.425481 0.403937 0.439505 0.485223 0.533077 0.499502 0.490480 0.410971 0.416248 0.420120 0.440646 0.448157 0.312903 239 vad:0.000340
gains: 0.610620 0.510096 0.472130 0.497260 0.499001 0.496507 0.445888 0.413650 0.487361 0.436100 0.423058 0.415075 0.434151 0.412735 0.395247 0.338508 0.368791 0.422909 0.537395 0.425212 0.403669 0.439604 0.485196 0.533021 0.499548 0.490521 0.411231 0.416742 0.420648 0.440972 0.448082 0.312643 240 vad:0.000339
gains: 0.610878 0.510115 0.472131 0.497502 0.499010 0.496350 0.445833 0.413557 0.487183 0.435778 0.422748 0.414897 0.433947 0.412160 0.394717 0.338485 0.368629 0.422646 0.537346 0.424949 0.403408 0.439713 0.485171 0.532971 0.499605 0.490568 0.411498 0.417242 0.421179 0.441303 0.448016 0.312391 241 vad:0.000338
gains: 0.611131 0.510133 0.472126 0.497741 0.499032 0.496211 0.445795 0.413478 0.487019 0.435468 0.422447 0.414727 0.433754 0.411600 0.394201 0.338466 0.368477 0.422399 0.537311 0.424693 0.403154 0.439830 0.485148 0.532926 0.499669 0.490622 0.411771 0.417750 0.421714 0.441640 0.447957 0.312148 242 vad:0.000338
gains: 0.611378 0.510150 0.472116 0.497976 0.499066 0.496089 0.445773 0.413411 0.486867 0.435171 0.422155 0.414565 0.433571 0.411055 0.393697 0.338454 0.368335 0.422165 0.537290 0.424444 0.402907 0.439957 0.485128 0.532888 0.499741 0.490683 0.412050 0.418263 0.422254 0.441981 0.447906 0.311914 243 vad:0.000337
gains: 0.611620 0.510168 0.472102 0.498207 0.499113 0.495983 0.445766 0.413357 0.486728 0.434887 0.421872 0.414410 0.433400 0.410524 0.393205 0.338446 0.368204 0.421944 0.537281 0.424202 0.402668 0.440093 0.485110 0.532855 0.499821 0.490750 0.412336 0.418783 0.422797 0.442327 0.447863 0.311689 244 vad:0.000337
gains: 0.611860 0.510184 0.472084 0.498437 0.499172 0.495895 0.445775 0.413315 0.486602 0.434615 0.421598 0.414264 0.433240 0.410010 0.392726 0.338445 0.368083 0.421738 0.537286 0.423966 0.402435 0.440237 0.485094 0.532827 0.499908 0.490823 0.412628 0.419309 0.423344 0.442678 0.447828 0.311472 245 vad:0.000337
gains: 0.612095 0.510203 0.472062 0.498662 0.499243 0.495824 0.445800 0.413286 0.486488 0.434356 0.421333 0.414124 0.433091 0.409511 0.392259 0.338448 0.367972 0.421545 0.537303 0.423738 0.402209 0.440390 0.485082 0.532805 0.500002 0.490902 0.412926 0.419841 0.423896 0.443033 0.447801 0.311265 246 vad:0.000336
gains: 0.612327 0.510222 0.472037 0.498886 0.499325 0.495769 0.445841 0.413270 0.486386 0.434110 0.421077 0.413992 0.432952 0.409027 0.391805 0.338457 0.367871 0.421366 0.537333 0.423518 0.401990 0.440551 0.485072 0.532788 0.500102 0.490987 0.413230 0.420380 0.424451 0.443394 0.447782 0.311067 247 vad:0.000336
gains: 0.612557 0.510243 0.472009 0.499106 0.499419 0.495729 0.445897 0.413266 0.486296 0.433875 0.420829 0.413868 0.432823 0.408558 0.391362 0.338472 0.367780 0.421201 0.537376 0.423304 0.401778 0.440720 0.485065 0.532775 0.500208 0.491077 0.413540 0.420924 0.425010 0.443760 0.447770 0.310877 248 vad:0.000336
gains: 0.612784 0.510266 0.471978 0.499325 0.499524 0.495706 0.445968 0.413275 0.486218 0.433653 0.420591 0.413751 0.432706 0.408104 0.390931 0.338492 0.367700 0.421048 0.537431 0.423098 0.401573 0.440898 0.485062 0.532767 0.500320 0.491174 0.413856 0.421475 0.425574 0.444130 0.447767 0.310696 249 vad:0.000336
gains: 0.613008 0.510291 0.471945 0.499541 0.499640 0.495699 0.446054 0.413295 0.486152 0.433442 0.420361 0.413642 0.432598 0.407666 0.390512 0.338517 0.367630 0.420909 0.537498 0.422898 0.401374 0.441084 0.485061 0.532764 0.500438 0.491276 0.414178 0.422031 0.426141 0.444505 0.447770 0.310524 250 vad:0.000336
gains: 0.613232 0.510319 0.471910 0.499756 0.499767 0.495707 0.446156 0.413329 0.486099 0.433244 0.420141 0.413541 0.432502 0.407242 0.390106 0.338547 0.367570 0.420782 0.537577 0.422707 0.401183 0.441278 0.485065 0.532767 0.500562 0.491384 0.414507 0.422594 0.426712 0.444885 0.447782 0.310361 251 vad:0.000336
gains: 0.613453 0.510349 0.471873 0.499969 0.499904 0.495730 0.446271 0.413373 0.486056 0.433056 0.419929 0.413446 0.432414 0.406832 0.389710 0.338583 0.367520 0.420668 0.537667 0.422522 0.400998 0.441480 0.485072 0.532773 0.500691 0.491496 0.414840 0.423162 0.427288 0.445269 0.447800 0.310207 252 vad:0.000336
gains: 0.613673 0.510382 0.471835 0.500180 0.500051 0.495767 0.446401 0.413430 0.486025 0.432881 0.419726 0.413359 0.432337 0.406437 0.389325 0.338623 0.367479 0.420566 0.537770 0.422345 0.400819 0.441689 0.485084 0.532784 0.500825 0.491615 0.415180 0.423736 0.427867 0.445657 0.447826 0.310061 253 vad:0.000336
gains: 0.613892 0.510419 0.471795 0.500390 0.500207 0.495819 0.446545 0.413498 0.486004 0.432717 0.419531 0.413279 0.432270 0.406056 0.388952 0.338669 0.367449 0.420477 0.537883 0.422174 0.400648 0.441907 0.485099 0.532799 0.500965 0.491739 0.415526 0.424317 0.428450 0.446050 0.447859 0.309923 254 vad:0.000336
gains: 0.614110 0.510459 0.471754 0.500599 0.500374 0.495885 0.446703 0.413578 0.485995 0.432564 0.419346 0.413206 0.432212 0.405690 0.388589 0.338719 0.367428 0.420400 0.538007 0.422011 0.400483 0.442132 0.485118 0.532820 0.501109 0.491869 0.415877 0.424902 0.429037 0.446447 0.447899 0.309794 255 vad:0.000336
gains: 0.614327 0.510503 0.471713 0.500806 0.500549 0.495964 0.446875 0.413670 0.485998 0.432422 0.419169 0.413140 0.432163 0.405337 0.388237 0.338774 0.367417 0.420336 0.538142 0.421856 0.400325 0.442365 0.485141 0.532845 0.501259 0.492005 0.416234 0.425494 0.429628 0.446849 0.447946 0.309673 256 vad:0.000336
gains: 0.614543 0.510550 0.471671 0.501013 0.500734 0.496058 0.447061 0.413773 0.486010 0.432291 0.418999 0.413080 0.432124 0.404997 0.387896 0.338833 0.367415 0.420282 0.538288 0.421707 0.400174 0.442606 0.485170 0.532874 0.501413 0.492145 0.416597 0.426091 0.430223 0.447255 0.447999 0.309561 257 vad:0.000336
gains: 0.614758 0.510601 0.471628 0.501219 0.500928 0.496164 0.447260 0.413887 0.486033 0.432171 0.418839 0.413028 0.432093 0.404672 0.387565 0.338898 0.367422 0.420240 0.538443 0.421565 0.400029 0.442854 0.485202 0.532906 0.501572 0.492291 0.416965 0.426693 0.430821 0.447665 0.448058 0.309456 258 vad:0.000336
gains: 0.614974 0.510656 0.471585 0.501424 0.501131 0.496284 0.447472 0.414012 0.486067 0.432061 0.418687 0.412983 0.432072 0.404359 0.387243 0.338966 0.367439 0.420209 0.538609 0.421430 0.399890 0.443110 0.485239 0.532944 0.501736 0.492442 0.417340 0.427302 0.431424 0.448080 0.448124 0.309360 259 vad:0.000337
gains: 0.615189 0.510716 0.471542 0.501628 0.501341 0.496416 0.447697 0.414148 0.486110 0.431962 0.418543 0.412943 0.432059 0.404058 0.386932 0.339039 0.367464 0.420190 0.538784 0.421302 0.399758 0.443374 0.485280 0.532986 0.501904 0.492599 0.417719 0.427915 0.432030 0.448498 0.448197 0.309271 260 vad:0.000337
gains: 0.615405 0.510780 0.471500 0.501832 0.501560 0.496560 0.447935 0.414295 0.486164 0.431873 0.418406 0.412911 0.432055 0.403772 0.386630 0.339117 0.367499 0.420181 0.538970 0.421182 0.399633 0.443645 0.485326 0.533031 0.502077 0.492761 0.418105 0.428535 0.432640 0.448921 0.448275 0.309191 261 vad:0.000337
gains: 0.615619 0.510848 0.471458 0.502036 0.501787 0.496717 0.448186 0.414452 0.486228 0.431794 0.418278 0.412885 0.432059 0.403497 0.386337 0.339198 0.367542 0.420183 0.539164 0.421067 0.399515 0.443924 0.485377 0.533082 0.502255 0.492929 0.418496 0.429159 0.433255 0.449348 0.448360 0.309118 262 vad:0.000338
gains: 0.615834 0.510921 0.471417 0.502239 0.502023 0.496885 0.448449 0.414621 0.486301 0.431725 0.418158 0.412866 0.432072 0.403234 0.386055 0.339284 0.367594 0.420196 0.539367 0.420960 0.399403 0.444211 0.485433 0.533136 0.502437 0.493102 0.418893 0.429789 0.433873 0.449779 0.448449 0.309053 263 vad:0.000338
gains: 0.616049 0.510998 0.471376 0.502442 0.502265 0.497066 0.448724 0.414799 0.486384 0.431666 0.418046 0.412853 0.432093 0.402984 0.385781 0.339374 0.367655 0.420219 0.539580 0.420859 0.399297 0.444505 0.485493 0.533195 0.502623 0.493281 0.419295 0.430425 0.434495 0.450215 0.448546 0.308995 264 vad:0.000338
gains: 0.616263 0.511080 0.471336 0.502645 0.502516 0.497258 0.449011 0.414989 0.486476 0.431615 0.417942 0.412846 0.432121 0.402746 0.385516 0.339467 0.367724 0.420252 0.539801 0.420765 0.399198 0.444806 0.485559 0.533258 0.502815 0.493465 0.419703 0.431065 0.435120 0.450654 0.448647 0.308946 265 vad:0.000339
gains: 0.616479 0.511167 0.471297 0.502848 0.502773 0.497460 0.449310 0.415188 0.486578 0.431575 0.417845 0.412846 0.432158 0.402519 0.385259 0.339565 0.367801 0.420295 0.540030 0.420677 0.399105 0.445115 0.485629 0.533325 0.503010 0.493654 0.420116 0.431711 0.435750 0.451097 0.448755 0.308903 266 vad:0.000339
gains: 0.616694 0.511258 0.471259 0.503052 0.503038 0.497673 0.449621 0.415397 0.486688 0.431544 0.417756 0.412851 0.432202 0.402304 0.385011 0.339666 0.367887 0.420348 0.540268 0.420596 0.399019 0.445432 0.485705 0.533396 0.503210 0.493848 0.420535 0.432363 0.436384 0.451544 0.448867 0.308868 267 vad:0.000340
gains: 0.616909 0.511355 0.471223 0.503256 0.503309 0.497897 0.449943 0.415616 0.486807 0.431521 0.417673 0.412863 0.432254 0.402100 0.384772 0.339771 0.367980 0.420410 0.540513 0.420522 0.398939 0.445756 0.485786 0.533472 0.503414 0.494049 0.420959 0.433019 0.437021 0.451996 0.448986 0.308841 268 vad:0.000340
gains: 0.617125 0.511455 0.471188 0.503460 0.503588 0.498132 0.450276 0.415844 0.486935 0.431508 0.417599 0.412880 0.432313 0.401907 0.384541 0.339880 0.368081 0.420483 0.540767 0.420453 0.398865 0.446088 0.485873 0.533552 0.503623 0.494255 0.421388 0.433680 0.437663 0.452451 0.449109 0.308821 269 vad:0.000341
gains: 0.617341 0.511562 0.471155 0.503665 0.503873 0.498376 0.450621 0.416083 0.487071 0.431503 0.417531 0.412903 0.432379 0.401725 0.384317 0.339992 0.368191 0.420564 0.541028 0.420391 0.398798 0.446426 0.485964 0.533635 0.503837 0.494466 0.421823 0.434347 0.438308 0.452910 0.449238 0.308808 270 vad:0.000342
gains: 0.617557 0.511671 0.471123 0.503870 0.504163 0.498630 0.450976 0.416331 0.487216 0.431507 0.417470 0.412933 0.432453 0.401553 0.384102 0.340108 0.368308 0.420655 0.541296 0.420334 0.398737 0.446772 0.486060 0.533723 0.504055 0.494682 0.422263 0.435018 0.438957 0.453374 0.449372 0.308803 271 vad:0.000342
gains: 0.617774 0.511787 0.471094 0.504076 0.504461 0.498894 0.451342 0.416588 0.487369 0.431519 0.417417 0.412968 0.432533 0.401393 0.383894 0.340228 0.368432 0.420754 0.541572 0.420284 0.398682 0.447126 0.486162 0.533815 0.504277 0.494905 0.422708 0.435695 0.439610 0.453841 0.449511 0.308805 272 vad:0.000343
gains: 0.617991 0.511909 0.471066 0.504283 0.504764 0.499167 0.451719 0.416855 0.487531 0.431540 0.417370 0.413008 0.432621 0.401242 0.383694 0.340351 0.368564 0.420863 0.541854 0.420241 0.398634 0.447488 0.486270 0.533912 0.504504 0.495133 0.423160 0.436377 0.440268 0.454313 0.449656 0.308814 273 vad:0.000344
gains: 0.618208 0.512035 0.471040 0.504490 0.505074 0.499450 0.452105 0.417130 0.487699 0.431567 0.417331 0.413054 0.432715 0.401101 0.383502 0.340477 0.368704 0.420980 0.542144 0.420203 0.398591 0.447856 0.486382 0.534012 0.504734 0.495365 0.423616 0.437063 0.440928 0.454788 0.449805 0.308830 274 vad:0.000344
gains: 0.618425 0.512164 0.471016 0.504699 0.505389 0.499741 0.452503 0.417415 0.487877 0.431604 0.417298 0.413106 0.432816 0.400971 0.383316 0.340607 0.368851 0.421106 0.542440 0.420170 0.398555 0.448232 0.486500 0.534116 0.504970 0.495604 0.424076 0.437754 0.441594 0.455268 0.449959 0.308853 275 vad:0.000345
gains: 0.618643 0.512300 0.470994 0.504908 0.505709 0.500041 0.452910 0.417708 0.488061 0.431648 0.417271 0.413163 0.432924 0.400850 0.383139 0.340740 0.369005 0.421240 0.542742 0.420144 0.398525 0.448615 0.486623 0.534225 0.505210 0.495848 0.424543 0.438451 0.442262 0.455752 0.450118 0.308883 276 vad:0.000346
gains: 0.618861 0.512440 0.470975 0.505118 0.506035 0.500350 0.453327 0.418011 0.488253 0.431700 0.417251 0.413226 0.433039 0.400740 0.382968 0.340877 0.369166 0.421383 0.543052 0.420124 0.398502 0.449006 0.486753 0.534337 0.505455 0.496099 0.425015 0.439152 0.442936 0.456239 0.450282 0.308921 277 vad:0.000347
gains: 0.619079 0.512585 0.470958 0.505330 0.506366 0.500667 0.453753 0.418322 0.488453 0.431759 0.417238 0.413294 0.433159 0.400638 0.382803 0.341016 0.369334 0.421533 0.543366 0.420108 0.398484 0.449403 0.486887 0.534454 0.505704 0.496354 0.425491 0.439858 0.443613 0.456731 0.450451 0.308966 278 vad:0.000347
gains: 0.619298 0.512735 0.470943 0.505542 0.506703 0.500992 0.454190 0.418641 0.488659 0.431826 0.417231 0.413367 0.433287 0.400546 0.382647 0.341159 0.369509 0.421692 0.543687 0.420099 0.398472 0.449808 0.487027 0.534575 0.505958 0.496614 0.425973 0.440568 0.444293 0.457227 0.450625 0.309017 279 vad:0.000348
gains: 0.619516 0.512891 0.470931 0.505756 0.507044 0.501325 0.454635 0.418968 0.488873 0.431899 0.417230 0.413446 0.433420 0.400463 0.382495 0.341305 0.369691 0.421858 0.544014 0.420095 0.398467 0.450220 0.487173 0.534700 0.506216 0.496881 0.426460 0.441283 0.444978 0.457727 0.450803 0.309076 280 vad:0.000349
gains: 0.619735 0.513050 0.470921 0.505971 0.507390 0.501666 0.455090 0.419305 0.489094 0.431980 0.417235 0.413529 0.433560 0.400390 0.382352 0.341454 0.369880 0.422032 0.544346 0.420097 0.398468 0.450640 0.487324 0.534829 0.506479 0.497153 0.426952 0.442003 0.445667 0.458231 0.450987 0.309141 281 vad:0.000350
gains: 0.619954 0.513215 0.470914 0.506188 0.507740 0.502014 0.455554 0.419648 0.489321 0.432068 0.417247 0.413618 0.433706 0.400325 0.382214 0.341607 0.370075 0.422213 0.544684 0.420104 0.398474 0.451066 0.487481 0.534962 0.506746 0.497431 0.427449 0.442728 0.446360 0.458740 0.451175 0.309214 282 vad:0.000351
gains: 0.620172 0.513385 0.470910 0.506405 0.508095 0.502368 0.456026 0.420000 0.489555 0.432162 0.417264 0.413711 0.433857 0.400268 0.382083 0.341762 0.370277 0.422403 0.545027 0.420116 0.398486 0.451500 0.487643 0.535099 0.507018 0.497714 0.427950 0.443457 0.447057 0.459252 0.451368 0.309294 283 vad:0.000352
gains: 0.620392 0.513559 0.470908 0.506624 0.508455 0.502731 0.456507 0.420360 0.489796 0.432263 0.417287 0.413810 0.434015 0.400221 0.381958 0.341920 0.370485 0.422598 0.545375 0.420134 0.398505 0.451941 0.487811 0.535240 0.507294 0.498003 0.428457 0.444190 0.447758 0.459769 0.451566 0.309380 284 vad:0.000353
gains: 0.620611 0.513737 0.470909 0.506844 0.508818 0.503101 0.456997 0.420727 0.490043 0.432371 0.417316 0.413914 0.434179 0.400182 0.381839 0.342081 0.370700 0.422802 0.545728 0.420156 0.398529 0.452389 0.487984 0.535385 0.507576 0.498297 0.428969 0.444928 0.448463 0.460291 0.451768 0.309473 285 vad:0.000354
gains: 0.620830 0.513921 0.470914 0.507065 0.509186 0.503476 0.457494 0.421101 0.490296 0.432485 0.417350 0.414022 0.434348 0.400151 0.381726 0.342245 0.370921 0.423012 0.546086 0.420184 0.398559 0.452843 0.488163 0.535535 0.507861 0.498597 0.429486 0.445670 0.449171 0.460816 0.451975 0.309574 286 vad:0.000355
gains: 0.621049 0.514109 0.470921 0.507288 0.509557 0.503858 0.458000 0.421483 0.490555 0.432605 0.417391 0.414135 0.434523 0.400128 0.381619 0.342412 0.371147 0.423229 0.546449 0.420217 0.398595 0.453306 0.488348 0.535688 0.508152 0.498903 0.430007 0.446417 0.449884 0.461345 0.452187 0.309681 287 vad:0.000356
gains: 0.621268 0.514303 0.470930 0.507513 0.509933 0.504247 0.458514 0.421873 0.490820 0.432731 0.417436 0.414253 0.434703 0.400113 0.381517 0.342582 0.371380 0.423452 0.546816 0.420254 0.398636 0.453774 0.488537 0.535846 0.508447 0.499215 0.430533 0.447168 0.450601 0.461879 0.452403 0.309795 288 vad:0.000357
gains: 0.621488 0.514501 0.470943 0.507739 0.510311 0.504641 0.459035 0.422269 0.491092 0.432863 0.417488 0.414376 0.434889 0.400106 0.381421 0.342754 0.371619 0.423683 0.547188 0.420297 0.398684 0.454250 0.488732 0.536007 0.508747 0.499532 0.431064 0.447923 0.451321 0.462418 0.452624 0.309916 289 vad:0.000358
gains: 0.621706 0.514702 0.470958 0.507967 0.510694 0.505042 0.459564 0.422672 0.491369 0.433001 0.417544 0.414502 0.435080 0.400107 0.381331 0.342930 0.371864 0.423919 0.547563 0.420344 0.398737 0.454732 0.488933 0.536173 0.509052 0.499854 0.431600 0.448683 0.452045 0.462960 0.452850 0.310043 290 vad:0.000359
gains: 0.621925 0.514908 0.470977 0.508195 0.511079 0.505448 0.460100 0.423082 0.491651 0.433145 0.417606 0.414634 0.435277 0.400115 0.381246 0.343108 0.372114 0.424163 0.547943 0.420396 0.398796 0.455221 0.489140 0.536342 0.509361 0.500183 0.432141 0.449446 0.452774 0.463507 0.453080 0.310178 291 vad:0.000360
gains: 0.622142 0.515120 0.470998 0.508426 0.511468 0.505860 0.460644 0.423499 0.491938 0.433294 0.417672 0.414770 0.435478 0.400131 0.381166 0.343289 0.372370 0.424412 0.548327 0.420453 0.398860 0.455717 0.489352 0.536515 0.509675 0.500517 0.432686 0.450213 0.453506 0.464058 0.453315 0.310320 292 vad:0.000361
gains: 0.622361 0.515334 0.471023 0.508657 0.511860 0.506277 0.461194 0.423922 0.492231 0.433448 0.417744 0.414910 0.435685 0.400154 0.381092 0.343473 0.372633 0.424666 0.548714 0.420515 0.398930 0.456220 0.489570 0.536693 0.509994 0.500856 0.433236 0.450985 0.454242 0.464614 0.453555 0.310468 293 vad:0.000362
gains: 0.622578 0.515555 0.471051 0.508891 0.512255 0.506698 0.461751 0.424351 0.492529 0.433608 0.417821 0.415055 0.435897 0.400184 0.381022 0.343659 0.372900 0.424928 0.549106 0.420581 0.399005 0.456729 0.489792 0.536875 0.510317 0.501201 0.433790 0.451761 0.454982 0.465174 0.453800 0.310624 294 vad:0.000364
gains: 0.622795 0.515778 0.471082 0.509125 0.512653 0.507125 0.462315 0.424787 0.492832 0.433774 0.417903 0.415204 0.436114 0.400221 0.380958 0.343848 0.373173 0.425194 0.549500 0.420651 0.399087 0.457245 0.490021 0.537060 0.510646 0.501553 0.434350 0.452540 0.455726 0.465738 0.454049 0.310786 295 vad:0.000365
gains: 0.623013 0.516008 0.471117 0.509362 0.513053 0.507557 0.462885 0.425229 0.493140 0.433944 0.417989 0.415357 0.436336 0.400265 0.380898 0.344039 0.373451 0.425466 0.549898 0.420725 0.399173 0.457767 0.490255 0.537250 0.510979 0.501909 0.434913 0.453323 0.456473 0.466307 0.454303 0.310954 296 vad:0.000366
gains: 0.623229 0.516240 0.471154 0.509600 0.513456 0.507993 0.463462 0.425677 0.493453 0.434118 0.418080 0.415515 0.436563 0.400316 0.380843 0.344233 0.373734 0.425744 0.550299 0.420804 0.399265 0.458296 0.490494 0.537442 0.511317 0.502271 0.435481 0.454111 0.457224 0.466880 0.454561 0.311130 297 vad:0.000367
gains: 0.623444 0.516476 0.471194 0.509839 0.513861 0.508434 0.464045 0.426130 0.493771 0.434298 0.418176 0.415676 0.436795 0.400374 0.380793 0.344429 0.374023 0.426027 0.550704 0.420888 0.399362 0.458831 0.490739 0.537640 0.511659 0.502639 0.436054 0.454901 0.457979 0.467458 0.454825 0.311313 298 vad:0.000368
gains: 0.623660 0.516716 0.471238 0.510080 0.514268 0.508878 0.464633 0.426590 0.494093 0.434483 0.418276 0.415842 0.437031 0.400438 0.380747 0.344628 0.374316 0.426315 0.551111 0.420975 0.399464 0.459372 0.490989 0.537841 0.512007 0.503011 0.436631 0.455696 0.458738 0.468040 0.455092 0.311502 299 vad:0.000369
gains: 0.623875 0.516962 0.471285 0.510323 0.514678 0.509326 0.465227 0.427054 0.494418 0.434672 0.418381 0.416011 0.437272 0.400508 0.380706 0.344829 0.374615 0.426608 0.551521 0.421066 0.399572 0.459920 0.491244 0.538046 0.512359 0.503390 0.437212 0.456493 0.459500 0.468627 0.455365 0.311698 300 vad:0.000371
gains: 0.624089 0.517210 0.471335 0.510566 0.515090 0.509779 0.465827 0.427524 0.494749 0.434866 0.418490 0.416184 0.437517 0.400585 0.380669 0.345033 0.374919 0.426906 0.551934 0.421162 0.399685 0.460473 0.491505 0.538255 0.512716 0.503774 0.437797 0.457295 0.460265 0.469218 0.455643 0.311901 301 vad:0.000372
gains: 0.624302 0.517462 0.471388 0.510811 0.515503 0.510234 0.466432 0.427999 0.495083 0.435063 0.418604 0.416361 0.437767 0.400667 0.380636 0.345238 0.375226 0.427209 0.552349 0.421261 0.399802 0.461033 0.491771 0.538468 0.513077 0.504164 0.438386 0.458100 0.461035 0.469813 0.455925 0.312111 302 vad:0.000373
gains: 0.624515 0.517719 0.471445 0.511057 0.515918 0.510693 0.467042 0.428478 0.495421 0.435265 0.418721 0.416542 0.438021 0.400755 0.380607 0.345446 0.375540 0.427516 0.552767 0.421364 0.399925 0.461599 0.492042 0.538684 0.513444 0.504558 0.438980 0.458908 0.461808 0.470413 0.456211 0.312327 303 vad:0.000374
gains: 0.624726 0.517978 0.471504 0.511305 0.516335 0.511155 0.467657 0.428963 0.495763 0.435472 0.418843 0.416727 0.438280 0.400850 0.380582 0.345656 0.375857 0.427828 0.553186 0.421471 0.400054 0.462171 0.492318 0.538904 0.513815 0.504959 0.439578 0.459720 0.462584 0.471017 0.456503 0.312551 304 vad:0.000376
gains: 0.624938 0.518242 0.471567 0.511554 0.516753 0.511621 0.468277 0.429452 0.496108 0.435681 0.418969 0.416915 0.438542 0.400950 0.380561 0.345868 0.376179 0.428145 0.553609 0.421581 0.400186 0.462748 0.492601 0.539129 0.514191 0.505364 0.440180 0.460534 0.463364 0.471626 0.456799 0.312780 305 vad:0.000377
gains: 0.625148 0.518510 0.471634 0.511805 0.517173 0.512089 0.468901 0.429946 0.496458 0.435895 0.419099 0.417107 0.438810 0.401056 0.380545 0.346082 0.376506 0.428465 0.554033 0.421696 0.400324 0.463331 0.492887 0.539356 0.514572 0.505776 0.440787 0.461352 0.464147 0.472240 0.457100 0.313017 306 vad:0.000378
gains: 0.625357 0.518781 0.471702 0.512056 0.517594 0.512559 0.469530 0.430444 0.496810 0.436112 0.419232 0.417302 0.439081 0.401167 0.380531 0.346298 0.376837 0.428789 0.554459 0.421813 0.400466 0.463920 0.493179 0.539588 0.514957 0.506192 0.441397 0.462173 0.464933 0.472858 0.457406 0.313260 307 vad:0.000380
gains: 0.625565 0.519055 0.471776 0.512309 0.518016 0.513033 0.470163 0.430947 0.497166 0.436334 0.419369 0.417501 0.439356 0.401283 0.380521 0.346517 0.377171 0.429118 0.554887 0.421934 0.400613 0.464514 0.493476 0.539823 0.515347 0.506614 0.442011 0.462998 0.465723 0.473480 0.457716 0.313510 308 vad:0.000381
gains: 0.625773 0.519333 0.471851 0.512564 0.518439 0.513508 0.470800 0.431453 0.497524 0.436558 0.419510 0.417703 0.439634 0.401405 0.380514 0.346737 0.377510 0.429450 0.555317 0.422059 0.400765 0.465114 0.493778 0.540062 0.515742 0.507041 0.442629 0.463824 0.466516 0.474106 0.458032 0.313767 309 vad:0.000382
gains: 0.625979 0.519614 0.471930 0.512819 0.518863 0.513986 0.471441 0.431963 0.497886 0.436786 0.419654 0.417908 0.439917 0.401531 0.380511 0.346959 0.377854 0.429786 0.555748 0.422186 0.400922 0.465719 0.494085 0.540305 0.516142 0.507473 0.443250 0.464654 0.467312 0.474737 0.458352 0.314030 310 vad:0.000383
gains: 0.626184 0.519899 0.472012 0.513075 0.519288 0.514465 0.472086 0.432478 0.498250 0.437017 0.419802 0.418117 0.440203 0.401663 0.380511 0.347183 0.378200 0.430125 0.556180 0.422317 0.401083 0.466329 0.494397 0.540552 0.516546 0.507910 0.443876 0.465487 0.468111 0.475373 0.458676 0.314301 311 vad:0.000385
gains: 0.626388 0.520187 0.472097 0.513333 0.519714 0.514946 0.472734 0.432995 0.498618 0.437251 0.419954 0.418329 0.440493 0.401799 0.380515 0.347409 0.378551 0.430469 0.556614 0.422451 0.401248 0.466944 0.494714 0.540801 0.516954 0.508353 0.444505 0.466322 0.468913 0.476013 0.459006 0.314577 312 vad:0.000386
gains: 0.626591 0.520478 0.472185 0.513592 0.520139 0.515430 0.473385 0.433516 0.498987 0.437488 0.420108 0.418544 0.440787 0.401940 0.380521 0.347636 0.378906 0.430816 0.557049 0.422588 0.401418 0.467565 0.495035 0.541055 0.517367 0.508800 0.445138 0.467160 0.469718 0.476657 0.459340 0.314860 313 vad:0.000388
gains: 0.626792 0.520772 0.472278 0.513851 0.520565 0.515914 0.474039 0.434040 0.499360 0.437728 0.420266 0.418762 0.441084 0.402085 0.380530 0.347865 0.379264 0.431164 0.557485 0.422728 0.401591 0.468190 0.495361 0.541311 0.517784 0.509252 0.445774 0.468000 0.470526 0.477305 0.459679 0.315150 314 vad:0.000389
gains: 0.626993 0.521069 0.472372 0.514112 0.520992 0.516400 0.474697 0.434568 0.499734 0.437971 0.420427 0.418982 0.441385 0.402235 0.380542 0.348096 0.379625 0.431517 0.557923 0.422871 0.401770 0.468820 0.495692 0.541572 0.518207 0.509709 0.446414 0.468843 0.471337 0.477958 0.460022 0.315446 315 vad:0.000390
gains: 0.627192 0.521369 0.472470 0.514374 0.521420 0.516887 0.475357 0.435098 0.500110 0.438217 0.420591 0.419206 0.441688 0.402390 0.380557 0.348328 0.379991 0.431873 0.558360 0.423016 0.401952 0.469455 0.496028 0.541835 0.518633 0.510171 0.447057 0.469689 0.472150 0.478615 0.460370 0.315749 316 vad:0.000392
gains: 0.627390 0.521672 0.472571 0.514637 0.521847 0.517375 0.476019 0.435631 0.500489 0.438465 0.420758 0.419432 0.441995 0.402548 0.380574 0.348561 0.380359 0.432231 0.558799 0.423165 0.402139 0.470095 0.496368 0.542102 0.519064 0.510637 0.447703 0.470536 0.472966 0.479276 0.460723 0.316058 317 vad:0.000393
gains: 0.627586 0.521979 0.472675 0.514900 0.522273 0.517863 0.476684 0.436167 0.500870 0.438716 0.420928 0.419662 0.442306 0.402710 0.380594 0.348797 0.380731 0.432591 0.559238 0.423316 0.402329 0.470739 0.496713 0.542372 0.519499 0.511109 0.448353 0.471385 0.473785 0.479942 0.461081 0.316374 318 vad:0.000394
gains: 0.627781 0.522287 0.472782 0.515164 0.522700 0.518353 0.477351 0.436705 0.501252 0.438968 0.421100 0.419894 0.442618 0.402876 0.380616 0.349033 0.381107 0.432955 0.559678 0.423469 0.402523 0.471387 0.497062 0.542646 0.519938 0.511585 0.449006 0.472237 0.474606 0.480611 0.461443 0.316696 319 vad:0.000396
gains: 0.627975 0.522598 0.472892 0.515429 0.523127 0.518842 0.478020 0.437245 0.501635 0.439223 0.421276 0.420128 0.442934 0.403047 0.380641 0.349271 0.381484 0.433321 0.560118 0.423625 0.402721 0.472039 0.497416 0.542923 0.520382 0.512066 0.449662 0.473091 0.475429 0.481285 0.461810 0.317024 320 vad:0.000397
gains: 0.628167 0.522913 0.473005 0.515696 0.523553 0.519332 0.478692 0.437788 0.502021 0.439481 0.421454 0.420365 0.443253 0.403220 0.380668 0.349510 0.381866 0.433689 0.560558 0.423784 0.402923 0.472696 0.497774 0.543203 0.520830 0.512551 0.450320 0.473947 0.476255 0.481963 0.462181 0.317358 321 vad:0.000398
gains: 0.628358 0.523229 0.473121 0.515962 0.523980 0.519823 0.479364 0.438332 0.502407 0.439739 0.421635 0.420604 0.443575 0.403397 0.380697 0.349750 0.382249 0.434060 0.561000 0.423945 0.403129 0.473357 0.498137 0.543486 0.521282 0.513040 0.450983 0.474804 0.477083 0.482645 0.462557 0.317699 322 vad:0.000400
gains: 0.628548 0.523548 0.473240 0.516229 0.524405 0.520313 0.480038 0.438879 0.502795 0.440001 0.421818 0.420846 0.443899 0.403578 0.380728 0.349991 0.382636 0.434432 0.561440 0.424108 0.403338 0.474021 0.498503 0.543772 0.521738 0.513534 0.451647 0.475663 0.477914 0.483331 0.462937 0.318046 323 vad:0.000401
gains: 0.628735 0.523870 0.473362 0.516497 0.524830 0.520804 0.480714 0.439427 0.503184 0.440264 0.422004 0.421090 0.444227 0.403762 0.380761 0.350234 0.383025 0.434806 0.561881 0.424273 0.403551 0.474689 0.498874 0.544062 0.522199 0.514033 0.452315 0.476524 0.478746 0.484021 0.463322 0.318399 324 vad:0.000403
gains: 0.628922 0.524194 0.473487 0.516766 0.525254 0.521294 0.481391 0.439977 0.503575 0.440528 0.422192 0.421337 0.444557 0.403949 0.380797 0.350478 0.383418 0.435182 0.562322 0.424441 0.403767 0.475362 0.499249 0.544355 0.522663 0.514535 0.452986 0.477387 0.479581 0.484715 0.463712 0.318759 325 vad:0.000404
gains: 0.629107 0.524520 0.473615 0.517035 0.525678 0.521784 0.482069 0.440529 0.503966 0.440795 0.422382 0.421585 0.444888 0.404140 0.380833 0.350721 0.383812 0.435561 0.562763 0.424610 0.403987 0.476038 0.499629 0.544650 0.523131 0.515042 0.453659 0.478251 0.480418 0.485413 0.464106 0.319124 326 vad:0.000405
gains: 0.629290 0.524849 0.473745 0.517305 0.526100 0.522274 0.482748 0.441082 0.504357 0.441062 0.422575 0.421836 0.445223 0.404333 0.380872 0.350967 0.384210 0.435940 0.563203 0.424781 0.404210 0.476717 0.500012 0.544949 0.523603 0.515552 0.454334 0.479116 0.481257 0.486114 0.464505 0.319496 327 vad:0.000407
gains: 0.629471 0.525180 0.473879 0.517575 0.526523 0.522763 0.483428 0.441636 0.504750 0.441331 0.422770 0.422089 0.445560 0.404529 0.380912 0.351214 0.384609 0.436321 0.563644 0.424955 0.404435 0.477400 0.500399 0.545250 0.524078 0.516067 0.455012 0.479983 0.482097 0.486820 0.464907 0.319873 328 vad:0.000408
gains: 0.629651 0.525512 0.474015 0.517846 0.526943 0.523251 0.484108 0.442190 0.505143 0.441602 0.422966 0.422344 0.445899 0.404728 0.380954 0.351460 0.385011 0.436703 0.564083 0.425130 0.404665 0.478085 0.500790 0.545555 0.524558 0.516585 0.455692 0.480850 0.482939 0.487529 0.465315 0.320257 329 vad:0.000409
gains: 0.629830 0.525846 0.474154 0.518117 0.527363 0.523739 0.484789 0.442746 0.505537 0.441873 0.423165 0.422600 0.446240 0.404930 0.380997 0.351708 0.385415 0.437087 0.564522 0.425307 0.404897 0.478774 0.501184 0.545862 0.525041 0.517108 0.456375 0.481719 0.483783 0.488241 0.465726 0.320646 330 vad:0.000411
gains: 0.630007 0.526183 0.474296 0.518389 0.527781 0.524226 0.485470 0.443303 0.505931 0.442146 0.423366 0.422859 0.446584 0.405134 0.381042 0.351957 0.385821 0.437473 0.564961 0.425485 0.405132 0.479466 0.501583 0.546171 0.525527 0.517634 0.457060 0.482589 0.484628 0.488958 0.466142 0.321041 331 vad:0.000412
gains: 0.630181 0.526521 0.474440 0.518660 0.528199 0.524711 0.486151 0.443860 0.506325 0.442420 0.423568 0.423119 0.446929 0.405341 0.381088 0.352206 0.386228 0.437859 0.565399 0.425666 0.405370 0.480160 0.501985 0.546484 0.526017 0.518163 0.457747 0.483460 0.485475 0.489677 0.466562 0.321441 332 vad:0.000413
gains: 0.630356 0.526862 0.474588 0.518932 0.528615 0.525196 0.486832 0.444418 0.506719 0.442695 0.423771 0.423381 0.447276 0.405550 0.381135 0.352456 0.386638 0.438247 0.565836 0.425848 0.405611 0.480858 0.502391 0.546799 0.526511 0.518696 0.458436 0.484332 0.486323 0.490401 0.466987 0.321848 333 vad:0.000415
gains: 0.630527 0.527204 0.474738 0.519204 0.529030 0.525679 0.487513 0.444977 0.507113 0.442971 0.423977 0.423645 0.447625 0.405761 0.381183 0.352707 0.387050 0.438635 0.566273 0.426031 0.405855 0.481558 0.502800 0.547117 0.527007 0.519232 0.459127 0.485204 0.487172 0.491127 0.467415 0.322260 334 vad:0.000416
gains: 0.630698 0.527547 0.474890 0.519478 0.529443 0.526161 0.488193 0.445535 0.507508 0.443247 0.424185 0.423910 0.447975 0.405974 0.381234 0.352957 0.387463 0.439024 0.566709 0.426216 0.406101 0.482260 0.503213 0.547437 0.527508 0.519772 0.459821 0.486078 0.488023 0.491857 0.467848 0.322677 335 vad:0.000418
gains: 0.630866 0.527893 0.475046 0.519751 0.529856 0.526642 0.488874 0.446094 0.507902 0.443525 0.424394 0.424177 0.448328 0.406190 0.381284 0.353209 0.387878 0.439414 0.567144 0.426402 0.406350 0.482966 0.503629 0.547760 0.528011 0.520315 0.460516 0.486952 0.488875 0.492591 0.468284 0.323100 336 vad:0.000419
gains: 0.631033 0.528240 0.475203 0.520024 0.530266 0.527121 0.489554 0.446652 0.508296 0.443803 0.424605 0.424445 0.448681 0.406407 0.381336 0.353461 0.388295 0.439804 0.567578 0.426589 0.406602 0.483673 0.504048 0.548085 0.528517 0.520861 0.461212 0.487826 0.489728 0.493327 0.468725 0.323528 337 vad:0.000420
gains: 0.631198 0.528588 0.475363 0.520298 0.530675 0.527599 0.490233 0.447211 0.508690 0.444081 0.424816 0.424715 0.449037 0.406627 0.381389 0.353713 0.388714 0.440195 0.568010 0.426778 0.406856 0.484382 0.504471 0.548412 0.529026 0.521410 0.461910 0.488700 0.490582 0.494066 0.469170 0.323962 338 vad:0.000422
gains: 0.631362 0.528939 0.475526 0.520571 0.531082 0.528075 0.490912 0.447770 0.509083 0.444361 0.425031 0.424987 0.449394 0.406848 0.381442 0.353966 0.389133 0.440587 0.568442 0.426968 0.407113 0.485094 0.504897 0.548743 0.529538 0.521961 0.462610 0.489575 0.491437 0.494809 0.469618 0.324401 339 vad:0.000423
gains: 0.631524 0.529289 0.475691 0.520845 0.531489 0.528549 0.491589 0.448329 0.509476 0.444640 0.425245 0.425259 0.449752 0.407071 0.381497 0.354219 0.389554 0.440979 0.568873 0.427159 0.407372 0.485808 0.505326 0.549075 0.530054 0.522516 0.463311 0.490451 0.492293 0.495555 0.470071 0.324845 340 vad:0.000424
gains: 0.631683 0.529643 0.475858 0.521118 0.531892 0.529021 0.492266 0.448886 0.509868 0.444920 0.425461 0.425533 0.450111 0.407295 0.381552 0.354472 0.389976 0.441372 0.569302 0.427351 0.407633 0.486523 0.505757 0.549409 0.530572 0.523074 0.464014 0.491326 0.493149 0.496303 0.470527 0.325294 341 vad:0.000426
gains: 0.631842 0.529996 0.476029 0.521392 0.532294 0.529492 0.492941 0.449444 0.510260 0.445200 0.425678 0.425808 0.450472 0.407521 0.381608 0.354726 0.390400 0.441764 0.569730 0.427545 0.407896 0.487240 0.506193 0.549746 0.531092 0.523634 0.464717 0.492202 0.494006 0.497055 0.470987 0.325748 342 vad:0.000427
gains: 0.632000 0.530352 0.476201 0.521667 0.532695 0.529961 0.493615 0.450001 0.510651 0.445481 0.425896 0.426084 0.450833 0.407749 0.381665 0.354979 0.390825 0.442158 0.570157 0.427739 0.408162 0.487960 0.506630 0.550085 0.531616 0.524197 0.465423 0.493077 0.494864 0.497809 0.471451 0.326206 343 vad:0.000428
gains: 0.632154 0.530709 0.476376 0.521941 0.533094 0.530428 0.494288 0.450558 0.511041 0.445761 0.426116 0.426362 0.451196 0.407978 0.381722 0.355233 0.391251 0.442551 0.570583 0.427934 0.408429 0.488680 0.507071 0.550425 0.532142 0.524762 0.466129 0.493952 0.495723 0.498566 0.471918 0.326670 344 vad:0.000430
gains: 0.632308 0.531066 0.476553 0.522215 0.533490 0.530892 0.494960 0.451113 0.511431 0.446042 0.426337 0.426640 0.451560 0.408208 0.381780 0.355487 0.391678 0.442944 0.571007 0.428131 0.408699 0.489402 0.507514 0.550768 0.532670 0.525329 0.466836 0.494827 0.496581 0.499325 0.472389 0.327139 345 vad:0.000431
gains: 0.632460 0.531424 0.476732 0.522489 0.533885 0.531355 0.495630 0.451668 0.511819 0.446323 0.426558 0.426919 0.451925 0.408440 0.381839 0.355741 0.392106 0.443337 0.571430 0.428328 0.408971 0.490126 0.507961 0.551113 0.533200 0.525899 0.467544 0.495703 0.497441 0.500087 0.472863 0.327612 346 vad:0.000432
gains: 0.632611 0.531783 0.476914 0.522763 0.534278 0.531815 0.496299 0.452222 0.512206 0.446604 0.426780 0.427199 0.452290 0.408672 0.381898 0.355996 0.392535 0.443731 0.571851 0.428525 0.409244 0.490850 0.508409 0.551460 0.533733 0.526471 0.468254 0.496577 0.498300 0.500851 0.473341 0.328090 347 vad:0.000434
gains: 0.632758 0.532143 0.477098 0.523037 0.534670 0.532273 0.496966 0.452775 0.512593 0.446884 0.427004 0.427481 0.452657 0.408906 0.381958 0.356250 0.392964 0.444124 0.572272 0.428724 0.409520 0.491576 0.508860 0.551808 0.534269 0.527046 0.468963 0.497451 0.499160 0.501619 0.473822 0.328572 348 vad:0.000435
gains: 0.632907 0.532505 0.477284 0.523311 0.535059 0.532730 0.497631 0.453327 0.512979 0.447166 0.427229 0.427763 0.453024 0.409141 0.382018 0.356505 0.393395 0.444518 0.572690 0.428923 0.409798 0.492303 0.509314 0.552159 0.534806 0.527622 0.469675 0.498325 0.500020 0.502388 0.474307 0.329059 349 vad:0.000436
gains: 0.633052 0.532867 0.477473 0.523585 0.535446 0.533183 0.498294 0.453879 0.513363 0.447447 0.427454 0.428046 0.453392 0.409377 0.382078 0.356759 0.393827 0.444911 0.573107 0.429123 0.410077 0.493031 0.509770 0.552511 0.535345 0.528199 0.470386 0.499198 0.500879 0.503159 0.474794 0.329550 350 vad:0.000437
gains: 0.633196 0.533230 0.477663 0.523860 0.535832 0.533635 0.498956 0.454428 0.513746 0.447727 0.427680 0.428329 0.453760 0.409614 0.382139 0.357014 0.394258 0.445304 0.573523 0.429325 0.410357 0.493760 0.510228 0.552865 0.535886 0.528779 0.471097 0.500071 0.501740 0.503933 0.475285 0.330046 351 vad:0.000439
gains: 0.633339 0.533594 0.477856 0.524134 0.536215 0.534084 0.499615 0.454977 0.514128 0.448007 0.427907 0.428614 0.454129 0.409852 0.382201 0.357268 0.394691 0.445696 0.573937 0.429526 0.410640 0.494490 0.510689 0.553220 0.536430 0.529361 0.471810 0.500943 0.502599 0.504708 0.475780 0.330545 352 vad:0.000440
gains: 0.633479 0.533959 0.478051 0.524408 0.536596 0.534530 0.500273 0.455524 0.514509 0.448288 0.428135 0.428899 0.454499 0.410091 0.382263 0.357522 0.395124 0.446088 0.574349 0.429728 0.410924 0.495220 0.511152 0.553577 0.536975 0.529945 0.472523 0.501814 0.503459 0.505486 0.476277 0.331049 353 vad:0.000441
gains: 0.633618 0.534323 0.478247 0.524682 0.536975 0.534975 0.500928 0.456070 0.514888 0.448567 0.428363 0.429185 0.454869 0.410330 0.382325 0.357776 0.395557 0.446480 0.574760 0.429930 0.411210 0.495951 0.511617 0.553936 0.537521 0.530529 0.473236 0.502684 0.504319 0.506266 0.476777 0.331556 354 vad:0.000443
gains: 0.633757 0.534689 0.478446 0.524955 0.537353 0.535416 0.501581 0.456614 0.515267 0.448847 0.428592 0.429471 0.455239 0.410570 0.382387 0.358031 0.395991 0.446872 0.575169 0.430134 0.411498 0.496684 0.512084 0.554297 0.538070 0.531115 0.473949 0.503553 0.505178 0.507047 0.477280 0.332068 355 vad:0.000444
gains: 0.633893 0.535054 0.478647 0.525229 0.537727 0.535856 0.502232 0.457157 0.515643 0.449126 0.428821 0.429758 0.455610 0.410811 0.382450 0.358285 0.396426 0.447262 0.575576 0.430337 0.411786 0.497416 0.512553 0.554658 0.538620 0.531703 0.474663 0.504422 0.506037 0.507830 0.477786 0.332583 356 vad:0.000445
gains: 0.634028 0.535421 0.478850 0.525502 0.538100 0.536292 0.502881 0.457699 0.516019 0.449405 0.429051 0.430046 0.455981 0.411052 0.382513 0.358538 0.396860 0.447653 0.575982 0.430541 0.412077 0.498149 0.513024 0.555021 0.539171 0.532291 0.475377 0.505289 0.506896 0.508615 0.478294 0.333102 357 vad:0.000446
gains: 0.634161 0.535788 0.479055 0.525776 0.538472 0.536727 0.503527 0.458239 0.516392 0.449683 0.429282 0.430334 0.456351 0.411294 0.382576 0.358792 0.397295 0.448043 0.576386 0.430745 0.412368 0.498882 0.513497 0.555385 0.539724 0.532881 0.476090 0.506155 0.507755 0.509402 0.478806 0.333625 358 vad:0.000448
gains: 0.634295 0.536156 0.479262 0.526050 0.538840 0.537158 0.504170 0.458777 0.516765 0.449960 0.429512 0.430622 0.456723 0.411536 0.382639 0.359045 0.397731 0.448432 0.576788 0.430951 0.412661 0.499615 0.513971 0.555751 0.540278 0.533472 0.476804 0.507020 0.508612 0.510190 0.479320 0.334151 359 vad:0.000449
gains: 0.634426 0.536523 0.479471 0.526323 0.539207 0.537588 0.504812 0.459313 0.517136 0.450238 0.429744 0.430911 0.457094 0.411779 0.382703 0.359299 0.398166 0.448822 0.577190 0.431156 0.412956 0.500350 0.514448 0.556118 0.540834 0.534064 0.477518 0.507884 0.509470 0.510980 0.479837 0.334681 360 vad:0.000450
gains: 0.634555 0.536893 0.479681 0.526597 0.539572 0.538014 0.505451 0.459848 0.517505 0.450515 0.429976 0.431200 0.457466 0.412023 0.382767 0.359552 0.398602 0.449210 0.577588 0.431362 0.413251 0.501083 0.514926 0.556486 0.541391 0.534657 0.478231 0.508747 0.510326 0.511770 0.480356 0.335214 361 vad:0.000451
gains: 0.634684 0.537261 0.479893 0.526869 0.539934 0.538438 0.506087 0.460381 0.517873 0.450792 0.430208 0.431490 0.457838 0.412266 0.382831 0.359804 0.399038 0.449597 0.577986 0.431568 0.413549 0.501817 0.515405 0.556855 0.541948 0.535251 0.478945 0.509608 0.511183 0.512563 0.480878 0.335751 362 vad:0.000452
gains: 0.634810 0.537631 0.480107 0.527143 0.540295 0.538859 0.506721 0.460913 0.518239 0.451067 0.430441 0.431779 0.458209 0.412510 0.382896 0.360057 0.399474 0.449984 0.578382 0.431774 0.413847 0.502551 0.515887 0.557226 0.542507 0.535846 0.479658 0.510467 0.512038 0.513357 0.481402 0.336291 363 vad:0.000454
gains: 0.634937 0.538001 0.480324 0.527416 0.540654 0.539278 0.507351 0.461442 0.518604 0.451343 0.430674 0.432070 0.458580 0.412755 0.382960 0.360309 0.399910 0.450370 0.578776 0.431981 0.414147 0.503285 0.516369 0.557597 0.543067 0.536441 0.480370 0.511326 0.512892 0.514151 0.481928 0.336834 364 vad:0.000455
gains: 0.635061 0.538372 0.480542 0.527688 0.541010 0.539694 0.507980 0.461969 0.518967 0.451617 0.430907 0.432360 0.458951 0.412999 0.383024 0.360562 0.400346 0.450756 0.579168 0.432188 0.414447 0.504020 0.516854 0.557970 0.543628 0.537038 0.481082 0.512183 0.513746 0.514947 0.482457 0.337380 365 vad:0.000456
gains: 0.635184 0.538740 0.480762 0.527961 0.541365 0.540108 0.508605 0.462495 0.519328 0.451891 0.431141 0.432651 0.459323 0.413244 0.383089 0.360813 0.400781 0.451141 0.579559 0.432395 0.414749 0.504753 0.517339 0.558343 0.544190 0.537634 0.481794 0.513038 0.514599 0.515744 0.482988 0.337929 366 vad:0.000457
gains: 0.635307 0.539111 0.480983 0.528234 0.541717 0.540519 0.509228 0.463019 0.519688 0.452165 0.431375 0.432941 0.459694 0.413490 0.383155 0.361065 0.401217 0.451525 0.579948 0.432603 0.415052 0.505487 0.517826 0.558718 0.544752 0.538231 0.482505 0.513891 0.515451 0.516542 0.483521 0.338480 367 vad:0.000458
gains: 0.635428 0.539480 0.481206 0.528507 0.542068 0.540927 0.509848 0.463540 0.520046 0.452437 0.431609 0.433232 0.460064 0.413735 0.383220 0.361316 0.401653 0.451908 0.580335 0.432810 0.415356 0.506220 0.518314 0.559093 0.545315 0.538829 0.483216 0.514744 0.516302 0.517342 0.484057 0.339036 368 vad:0.000459
gains: 0.635549 0.539851 0.481431 0.528779 0.542415 0.541333 0.510466 0.464061 0.520403 0.452709 0.431844 0.433523 0.460435 0.413981 0.383285 0.361567 0.402089 0.452291 0.580721 0.433018 0.415662 0.506954 0.518804 0.559469 0.545879 0.539427 0.483926 0.515594 0.517153 0.518142 0.484594 0.339593 369 vad:0.000461
gains: 0.635668 0.540221 0.481658 0.529052 0.542762 0.541736 0.511080 0.464579 0.520758 0.452981 0.432078 0.433815 0.460805 0.414227 0.383351 0.361819 0.402524 0.452673 0.581105 0.433226 0.415968 0.507686 0.519294 0.559847 0.546443 0.540025 0.484636 0.516443 0.518002 0.518942 0.485133 0.340154 370 vad:0.000462
gains: 0.635786 0.540592 0.481886 0.529324 0.543106 0.542137 0.511692 0.465095 0.521111 0.453251 0.432313 0.434106 0.461175 0.414472 0.383415 0.362068 0.402960 0.453054 0.581487 0.433435 0.416275 0.508419 0.519786 0.560225 0.547008 0.540624 0.485344 0.517290 0.518850 0.519744 0.485674 0.340717 371 vad:0.000463
gains: 0.635904 0.540963 0.482116 0.529596 0.543449 0.542535 0.512301 0.465609 0.521462 0.453521 0.432548 0.434397 0.461545 0.414719 0.383482 0.362319 0.403395 0.453434 0.581867 0.433644 0.416584 0.509151 0.520278 0.560603 0.547574 0.541222 0.486052 0.518135 0.519697 0.520546 0.486218 0.341282 372 vad:0.000464
gains: 0.636020 0.541333 0.482347 0.529869 0.543789 0.542930 0.512906 0.466121 0.521812 0.453790 0.432783 0.434689 0.461914 0.414965 0.383548 0.362568 0.403830 0.453814 0.582246 0.433852 0.416893 0.509882 0.520772 0.560982 0.548140 0.541821 0.486759 0.518979 0.520543 0.521349 0.486763 0.341850 373 vad:0.000465
gains: 0.636135 0.541704 0.482581 0.530141 0.544127 0.543323 0.513510 0.466631 0.522161 0.454059 0.433019 0.434981 0.462283 0.415211 0.383614 0.362818 0.404265 0.454192 0.582624 0.434061 0.417204 0.510614 0.521267 0.561363 0.548706 0.542420 0.487466 0.519820 0.521387 0.522152 0.487309 0.342420 374 vad:0.000466
gains: 0.636250 0.542076 0.482815 0.530413 0.544464 0.543713 0.514109 0.467138 0.522507 0.454326 0.433253 0.435271 0.462651 0.415457 0.383680 0.363068 0.404699 0.454570 0.582999 0.434270 0.417515 0.511344 0.521762 0.561743 0.549273 0.543018 0.488170 0.520659 0.522230 0.522956 0.487857 0.342993 375 vad:0.000467
gains: 0.636364 0.542447 0.483052 0.530685 0.544798 0.544101 0.514707 0.467645 0.522852 0.454594 0.433489 0.435563 0.463019 0.415703 0.383746 0.363316 0.405133 0.454947 0.583373 0.434479 0.417828 0.512074 0.522259 0.562124 0.549840 0.543618 0.488875 0.521497 0.523073 0.523760 0.488408 0.343568 376 vad:0.000469
gains: 0.636477 0.542817 0.483290 0.530957 0.545130 0.544486 0.515301 0.468147 0.523194 0.454860 0.433724 0.435854 0.463386 0.415949 0.383812 0.363565 0.405566 0.455323 0.583745 0.434688 0.418140 0.512803 0.522756 0.562506 0.550407 0.544216 0.489578 0.522333 0.523914 0.524565 0.488959 0.344145 377 vad:0.000470
gains: 0.636589 0.543188 0.483528 0.531228 0.545461 0.544869 0.515892 0.468649 0.523536 0.455125 0.433959 0.436145 0.463753 0.416195 0.383879 0.363813 0.406000 0.455698 0.584116 0.434898 0.418454 0.513532 0.523253 0.562888 0.550974 0.544814 0.490280 0.523166 0.524753 0.525370 0.489513 0.344724 378 vad:0.000471
gains: 0.636701 0.543558 0.483769 0.531500 0.545790 0.545249 0.516481 0.469149 0.523876 0.455390 0.434195 0.436436 0.464119 0.416441 0.383946 0.364061 0.406433 0.456073 0.584486 0.435108 0.418770 0.514260 0.523752 0.563271 0.551542 0.545413 0.490982 0.523998 0.525591 0.526175 0.490067 0.345306 379 vad:0.000472
gains: 0.636811 0.543930 0.484012 0.531772 0.546116 0.545626 0.517066 0.469646 0.524213 0.455653 0.434431 0.436727 0.464484 0.416687 0.384012 0.364308 0.406865 0.456446 0.584853 0.435317 0.419085 0.514986 0.524252 0.563654 0.552109 0.546010 0.491682 0.524827 0.526428 0.526981 0.490623 0.345889 380 vad:0.000473
gains: 0.636922 0.544300 0.484256 0.532043 0.546441 0.546001 0.517648 0.470141 0.524550 0.455917 0.434666 0.437018 0.464849 0.416933 0.384080 0.364555 0.407296 0.456818 0.585219 0.435527 0.419402 0.515713 0.524751 0.564038 0.552677 0.546608 0.492380 0.525655 0.527263 0.527786 0.491181 0.346474 381 vad:0.000474
gains: 0.637032 0.544671 0.484501 0.532315 0.546765 0.546374 0.518229 0.470635 0.524885 0.456179 0.434902 0.437308 0.465213 0.417179 0.384147 0.364803 0.407729 0.457190 0.585584 0.435737 0.419720 0.516438 0.525251 0.564422 0.553244 0.547206 0.493078 0.526480 0.528097 0.528593 0.491740 0.347061 382 vad:0.000475
gains: 0.637141 0.545042 0.484748 0.532587 0.547086 0.546744 0.518805 0.471126 0.525218 0.456441 0.435138 0.437599 0.465577 0.417425 0.384215 0.365049 0.408159 0.457561 0.585946 0.435947 0.420038 0.517163 0.525753 0.564807 0.553812 0.547802 0.493775 0.527303 0.528930 0.529398 0.492300 0.347650 383 vad:0.000476
gains: 0.637250 0.545413 0.484996 0.532858 0.547406 0.547112 0.519379 0.471615 0.525550 0.456702 0.435373 0.437889 0.465940 0.417671 0.384282 0.365295 0.408590 0.457931 0.586308 0.436157 0.420358 0.517886 0.526255 0.565191 0.554379 0.548399 0.494470 0.528124 0.529761 0.530204 0.492861 0.348241 384 vad:0.000477
gains: 0.637358 0.545783 0.485246 0.533130 0.547724 0.547477 0.519949 0.472102 0.525879 0.456962 0.435609 0.438179 0.466302 0.417917 0.384350 0.365541 0.409020 0.458301 0.586668 0.436367 0.420678 0.518610 0.526756 0.565576 0.554947 0.548995 0.495164 0.528943 0.530591 0.531011 0.493424 0.348834 385 vad:0.000478
gains: 0.637465 0.546154 0.485497 0.533401 0.548039 0.547839 0.520517 0.472587 0.526207 0.457221 0.435844 0.438469 0.466664 0.418162 0.384417 0.365787 0.409449 0.458668 0.587026 0.436577 0.420998 0.519332 0.527259 0.565962 0.555514 0.549590 0.495857 0.529760 0.531418 0.531817 0.493988 0.349428 386 vad:0.000479
gains: 0.637572 0.546524 0.485749 0.533672 0.548353 0.548200 0.521082 0.473069 0.526534 0.457479 0.436079 0.438758 0.467024 0.418407 0.384486 0.366032 0.409878 0.459036 0.587383 0.436787 0.421320 0.520053 0.527762 0.566347 0.556081 0.550185 0.496547 0.530575 0.532245 0.532623 0.494552 0.350023 387 vad:0.000480
gains: 0.637679 0.546893 0.486002 0.533944 0.548666 0.548558 0.521644 0.473550 0.526859 0.457738 0.436314 0.439047 0.467384 0.418653 0.384554 0.366277 0.410307 0.459402 0.587738 0.436998 0.421642 0.520773 0.528265 0.566733 0.556648 0.550779 0.497238 0.531387 0.533070 0.533429 0.495118 0.350620 388 vad:0.000481
gains: 0.637785 0.547264 0.486257 0.534215 0.548976 0.548913 0.522203 0.474029 0.527182 0.457994 0.436549 0.439336 0.467743 0.418898 0.384622 0.366521 0.410735 0.459768 0.588093 0.437208 0.421965 0.521492 0.528768 0.567119 0.557214 0.551372 0.497926 0.532197 0.533893 0.534235 0.495686 0.351219 389 vad:0.000483
gains: 0.637892 0.547633 0.486514 0.534487 0.549286 0.549267 0.522759 0.474506 0.527504 0.458251 0.436784 0.439625 0.468102 0.419143 0.384691 0.366766 0.411162 0.460133 0.588445 0.437419 0.422290 0.522211 0.529272 0.567506 0.557781 0.551966 0.498614 0.533006 0.534715 0.535040 0.496254 0.351819 390 vad:0.000484
gains: 0.637997 0.548003 0.486772 0.534758 0.549593 0.549617 0.523313 0.474980 0.527824 0.458506 0.437019 0.439913 0.468459 0.419388 0.384760 0.367009 0.411588 0.460496 0.588796 0.437629 0.422614 0.522928 0.529776 0.567892 0.558346 0.552558 0.499299 0.533811 0.535535 0.535846 0.496823 0.352421 391 vad:0.000485
gains: 0.638102 0.548371 0.487030 0.535029 0.549899 0.549966 0.523863 0.475452 0.528143 0.458761 0.437254 0.440201 0.468816 0.419632 0.384829 0.367253 0.412015 0.460859 0.589146 0.437840 0.422939 0.523644 0.530280 0.568278 0.558912 0.553149 0.499983 0.534614 0.536353 0.536651 0.497393 0.353024 392 vad:0.000486
gains: 0.638208 0.548742 0.487290 0.535301 0.550203 0.550312 0.524410 0.475923 0.528460 0.459014 0.437488 0.440489 0.469172 0.419877 0.384898 0.367496 0.412440 0.461222 0.589495 0.438050 0.423265 0.524359 0.530784 0.568665 0.559477 0.553740 0.500666 0.535416 0.537170 0.537456 0.497963 0.353628 393 vad:0.000487
gains: 0.638314 0.549111 0.487552 0.535572 0.550505 0.550656 0.524955 0.476391 0.528775 0.459267 0.437723 0.440776 0.469527 0.420121 0.384968 0.367739 0.412864 0.461584 0.589841 0.438261 0.423592 0.525073 0.531288 0.569052 0.560041 0.554330 0.501347 0.536214 0.537985 0.538260 0.498535 0.354234 394 vad:0.000488
gains: 0.638418 0.549480 0.487814 0.535844 0.550806 0.550998 0.525497 0.476858 0.529089 0.459520 0.437957 0.441063 0.469881 0.420365 0.385038 0.367982 0.413289 0.461944 0.590187 0.438471 0.423919 0.525785 0.531793 0.569438 0.560606 0.554920 0.502027 0.537011 0.538798 0.539064 0.499108 0.354841 395 vad:0.000489
gains: 0.638522 0.549848 0.488078 0.536115 0.551105 0.551337 0.526036 0.477322 0.529402 0.459771 0.438192 0.441350 0.470234 0.420610 0.385108 0.368224 0.413712 0.462304 0.590532 0.438682 0.424248 0.526498 0.532298 0.569826 0.561170 0.555507 0.502706 0.537805 0.539610 0.539868 0.499681 0.355448 396 vad:0.000490
gains: 0.638626 0.550217 0.488343 0.536386 0.551403 0.551675 0.526572 0.477784 0.529712 0.460022 0.438426 0.441636 0.470587 0.420853 0.385177 0.368466 0.414135 0.462663 0.590875 0.438893 0.424576 0.527208 0.532803 0.570212 0.561733 0.556095 0.503382 0.538597 0.540420 0.540671 0.500255 0.356058 397 vad:0.000491
gains: 0.638731 0.550586 0.488609 0.536658 0.551700 0.552010 0.527106 0.478245 0.530022 0.460272 0.438659 0.441922 0.470938 0.421097 0.385248 0.368707 0.414557 0.463021 0.591216 0.439104 0.424905 0.527918 0.533307 0.570599 0.562296 0.556681 0.504057 0.539387 0.541228 0.541474 0.500830 0.356668 398 vad:0.000492
gains: 0.638835 0.550954 0.488877 0.536929 0.551994 0.552343 0.527636 0.478703 0.530330 0.460521 0.438893 0.442207 0.471289 0.421341 0.385319 0.368949 0.414979 0.463378 0.591557 0.439315 0.425236 0.528626 0.533812 0.570986 0.562858 0.557267 0.504731 0.540174 0.542035 0.542276 0.501405 0.357279 399 vad:0.000493
gains: 0.638939 0.551322 0.489145 0.537200 0.552287 0.552673 0.528164 0.479160 0.530636 0.460769 0.439126 0.442492 0.471639 0.421584 0.385389 0.369189 0.415399 0.463735 0.591896 0.439526 0.425566 0.529333 0.534317 0.571372 0.563419 0.557851 0.505403 0.540959 0.542839 0.543078 0.501981 0.357891 400 vad:0.000494
gains: 0.639043 0.551690 0.489415 0.537472 0.552579 0.553002 0.528688 0.479614 0.530941 0.461017 0.439359 0.442776 0.471987 0.421827 0.385461 0.369430 0.415820 0.464090 0.592234 0.439737 0.425897 0.530039 0.534821 0.571759 0.563980 0.558435 0.506073 0.541742 0.543643 0.543879 0.502558 0.358504 401 vad:0.000495
gains: 0.639148 0.552057 0.489686 0.537743 0.552869 0.553329 0.529211 0.480067 0.531245 0.461264 0.439592 0.443060 0.472335 0.422070 0.385533 0.369671 0.416239 0.464445 0.592571 0.439948 0.426230 0.530744 0.535325 0.572146 0.564541 0.559018 0.506742 0.542522 0.544444 0.544680 0.503135 0.359118 402 vad:0.000496
gains: 0.639251 0.552425 0.489957 0.538015 0.553158 0.553653 0.529731 0.480517 0.531547 0.461510 0.439825 0.443344 0.472681 0.422312 0.385604 0.369911 0.416657 0.464799 0.592907 0.440159 0.426562 0.531447 0.535830 0.572532 0.565100 0.559599 0.507409 0.543300 0.545243 0.545480 0.503713 0.359733 403 vad:0.000497
gains: 0.639356 0.552792 0.490231 0.538286 0.553445 0.553976 0.530248 0.480966 0.531847 0.461756 0.440058 0.443627 0.473028 0.422555 0.385676 0.370150 0.417075 0.465153 0.593241 0.440370 0.426895 0.532149 0.536334 0.572918 0.565660 0.560180 0.508075 0.544076 0.546041 0.546280 0.504292 0.360349 404 vad:0.000498
gains: 0.639460 0.553159 0.490505 0.538558 0.553731 0.554296 0.530762 0.481413 0.532147 0.462001 0.440290 0.443910 0.473373 0.422798 0.385748 0.370390 0.417493 0.465505 0.593575 0.440581 0.427229 0.532850 0.536838 0.573304 0.566218 0.560759 0.508739 0.544850 0.546837 0.547079 0.504871 0.360965 405 vad:0.000499
gains: 0.639564 0.553526 0.490780 0.538829 0.554016 0.554614 0.531274 0.481858 0.532445 0.462244 0.440523 0.444192 0.473717 0.423040 0.385821 0.370629 0.417909 0.465857 0.593907 0.440792 0.427563 0.533550 0.537341 0.573690 0.566776 0.561338 0.509401 0.545621 0.547631 0.547877 0.505450 0.361583 406 vad:0.000499
gains: 0.639668 0.553892 0.491057 0.539101 0.554299 0.554931 0.531783 0.482301 0.532742 0.462488 0.440754 0.444475 0.474060 0.423282 0.385894 0.370868 0.418324 0.466208 0.594237 0.441003 0.427898 0.534249 0.537845 0.574076 0.567333 0.561915 0.510061 0.546389 0.548423 0.548674 0.506030 0.362201 407 vad:0.000500
gains: 0.639773 0.554258 0.491334 0.539372 0.554580 0.555245 0.532288 0.482742 0.533037 0.462730 0.440986 0.444755 0.474401 0.423523 0.385967 0.371106 0.418739 0.466558 0.594567 0.441214 0.428233 0.534946 0.538348 0.574461 0.567889 0.562491 0.510721 0.547156 0.549214 0.549471 0.506611 0.362820 408 vad:0.000501
gains: 0.639877 0.554625 0.491612 0.539644 0.554861 0.555557 0.532793 0.483182 0.533331 0.462972 0.441217 0.445037 0.474743 0.423765 0.386040 0.371344 0.419153 0.466908 0.594896 0.441426 0.428569 0.535641 0.538852 0.574847 0.568445 0.563067 0.511378 0.547921 0.550003 0.550268 0.507191 0.363440 409 vad:0.000502
gains: 0.639981 0.554990 0.491892 0.539916 0.555140 0.555868 0.533293 0.483619 0.533623 0.463214 0.441449 0.445317 0.475083 0.424006 0.386114 0.371582 0.419567 0.467257 0.595224 0.441637 0.428905 0.536336 0.539354 0.575232 0.569000 0.563640 0.512033 0.548682 0.550789 0.551063 0.507773 0.364060 410 vad:0.000503
gains: 0.640087 0.555355 0.492172 0.540187 0.555417 0.556176 0.533792 0.484055 0.533914 0.463454 0.441679 0.445597 0.475421 0.424247 0.386188 0.371820 0.419980 0.467605 0.595550 0.441848 0.429243 0.537030 0.539857 0.575617 0.569553 0.564214 0.512687 0.549442 0.551575 0.551858 0.508354 0.364681 411 vad:0.000504
gains: 0.640191 0.555722 0.492453 0.540459 0.555694 0.556483 0.534288 0.484489 0.534205 0.463694 0.441910 0.445876 0.475760 0.424488 0.386262 0.372057 0.420392 0.467952 0.595876 0.442060 0.429580 0.537722 0.540359 0.576002 0.570107 0.564786 0.513340 0.550200 0.552358 0.552652 0.508937 0.365303 412 vad:0.000505
gains: 0.640296 0.556087 0.492735 0.540731 0.555969 0.556787 0.534782 0.484921 0.534493 0.463933 0.442141 0.446155 0.476097 0.424730 0.386337 0.372295 0.420803 0.468300 0.596200 0.442271 0.429918 0.538413 0.540861 0.576386 0.570660 0.565356 0.513991 0.550955 0.553140 0.553445 0.509519 0.365926 413 vad:0.000506
gains: 0.640402 0.556452 0.493019 0.541002 0.556243 0.557090 0.535273 0.485351 0.534780 0.464171 0.442370 0.446433 0.476433 0.424970 0.386412 0.372531 0.421213 0.468645 0.596524 0.442483 0.430257 0.539102 0.541363 0.576770 0.571212 0.565926 0.514639 0.551707 0.553919 0.554237 0.510101 0.366548 414 vad:0.000507
gains: 0.640508 0.556816 0.493303 0.541274 0.556515 0.557391 0.535762 0.485780 0.535066 0.464409 0.442600 0.446711 0.476768 0.425211 0.386487 0.372767 0.421623 0.468990 0.596846 0.442694 0.430596 0.539791 0.541863 0.577154 0.571762 0.566494 0.515287 0.552458 0.554697 0.555028 0.510684 0.367172 415 vad:0.000508
gains: 0.640613 0.557180 0.493588 0.541546 0.556787 0.557690 0.536247 0.486207 0.535352 0.464645 0.442830 0.446989 0.477102 0.425451 0.386563 0.373005 0.422032 0.469335 0.597168 0.442905 0.430935 0.540477 0.542364 0.577538 0.572312 0.567061 0.515932 0.553206 0.555473 0.555819 0.511268 0.367796 416 vad:0.000509
gains: 0.640720 0.557546 0.493874 0.541818 0.557057 0.557988 0.536732 0.486633 0.535635 0.464882 0.443060 0.447265 0.477435 0.425692 0.386639 0.373240 0.422440 0.469680 0.597489 0.443117 0.431276 0.541163 0.542864 0.577921 0.572862 0.567627 0.516576 0.553952 0.556248 0.556609 0.511851 0.368421 417 vad:0.000510
gains: 0.640825 0.557909 0.494160 0.542089 0.557326 0.558282 0.537213 0.487056 0.535917 0.465117 0.443289 0.447541 0.477767 0.425932 0.386716 0.373476 0.422847 0.470022 0.597808 0.443328 0.431616 0.541847 0.543364 0.578304 0.573410 0.568191 0.517218 0.554696 0.557020 0.557398 0.512435 0.369045 418 vad:0.000511
gains: 0.640932 0.558272 0.494448 0.542362 0.557594 0.558577 0.537692 0.487478 0.536199 0.465353 0.443518 0.447817 0.478098 0.426172 0.386792 0.373711 0.423254 0.470366 0.598127 0.443540 0.431957 0.542530 0.543863 0.578687 0.573958 0.568755 0.517859 0.555438 0.557790 0.558186 0.513019 0.369671 419 vad:0.000512
gains: 0.641040 0.558636 0.494737 0.542633 0.557860 0.558868 0.538168 0.487898 0.536478 0.465587 0.443747 0.448092 0.478428 0.426411 0.386870 0.373947 0.423660 0.470708 0.598444 0.443751 0.432298 0.543211 0.544362 0.579069 0.574504 0.569317 0.518497 0.556177 0.558559 0.558973 0.513603 0.370297 420 vad:0.000513
gains: 0.641147 0.558999 0.495026 0.542905 0.558126 0.559158 0.538643 0.488317 0.536758 0.465821 0.443975 0.448367 0.478757 0.426651 0.386947 0.374182 0.424064 0.471049 0.598761 0.443963 0.432640 0.543891 0.544860 0.579451 0.575050 0.569878 0.519135 0.556914 0.559326 0.559759 0.514188 0.370923 421 vad:0.000514
gains: 0.641254 0.559363 0.495317 0.543178 0.558390 0.559447 0.539114 0.488733 0.537035 0.466053 0.444202 0.448641 0.479086 0.426890 0.387025 0.374416 0.424469 0.471390 0.599077 0.444174 0.432982 0.544569 0.545358 0.579832 0.575595 0.570438 0.519770 0.557648 0.560091 0.560544 0.514772 0.371550 422 vad:0.000515
gains: 0.641362 0.559725 0.495608 0.543449 0.558653 0.559734 0.539584 0.489149 0.537311 0.466285 0.444430 0.448915 0.479412 0.427129 0.387103 0.374650 0.424872 0.471730 0.599392 0.444387 0.433325 0.545246 0.545855 0.580214 0.576139 0.570997 0.520404 0.558381 0.560854 0.561329 0.515357 0.372177 423 vad:0.000516
gains: 0.641470 0.560088 0.495900 0.543721 0.558915 0.560019 0.540052 0.489563 0.537587 0.466517 0.444658 0.449188 0.479739 0.427369 0.387181 0.374884 0.425275 0.472069 0.599706 0.444598 0.433668 0.545922 0.546352 0.580594 0.576682 0.571554 0.521036 0.559112 0.561616 0.562113 0.515942 0.372805 424 vad:0.000517
gains: 0.641579 0.560450 0.496192 0.543993 0.559176 0.560303 0.540517 0.489975 0.537861 0.466748 0.444885 0.449460 0.480064 0.427608 0.387261 0.375119 0.425677 0.472409 0.600020 0.444810 0.434011 0.546597 0.546848 0.580974 0.577224 0.572110 0.521666 0.559840 0.562376 0.562895 0.516527 0.373433 425 vad:0.000517
gains: 0.641688 0.560813 0.496486 0.544266 0.559436 0.560585 0.540980 0.490386 0.538135 0.466979 0.445112 0.449732 0.480388 0.427847 0.387340 0.375352 0.426078 0.472747 0.600332 0.445022 0.434355 0.547270 0.547344 0.581355 0.577766 0.572664 0.522295 0.560566 0.563133 0.563676 0.517112 0.374061 426 vad:0.000518
gains: 0.641798 0.561174 0.496780 0.544537 0.559694 0.560865 0.541440 0.490794 0.538406 0.467208 0.445339 0.450004 0.480711 0.428085 0.387420 0.375586 0.426479 0.473085 0.600644 0.445234 0.434699 0.547942 0.547839 0.581734 0.578306 0.573218 0.522922 0.561290 0.563890 0.564457 0.517697 0.374690 427 vad:0.000519
gains: 0.641907 0.561536 0.497075 0.544809 0.559952 0.561143 0.541899 0.491202 0.538677 0.467437 0.445565 0.450275 0.481033 0.428324 0.387500 0.375819 0.426878 0.473422 0.600954 0.445446 0.435044 0.548612 0.548333 0.582113 0.578845 0.573771 0.523547 0.562011 0.564644 0.565237 0.518282 0.375318 428 vad:0.000520
gains: 0.642016 0.561897 0.497371 0.545081 0.560208 0.561420 0.542355 0.491607 0.538947 0.467666 0.445791 0.450545 0.481354 0.428562 0.387580 0.376052 0.427277 0.473758 0.601264 0.445658 0.435389 0.549281 0.548827 0.582492 0.579384 0.574321 0.524171 0.562731 0.565396 0.566015 0.518868 0.375947 429 vad:0.000521
gains: 0.642127 0.562258 0.497667 0.545354 0.560464 0.561695 0.542809 0.492012 0.539215 0.467894 0.446017 0.450814 0.481674 0.428801 0.387661 0.376285 0.427675 0.474094 0.601574 0.445869 0.435734 0.549949 0.549320 0.582870 0.579922 0.574871 0.524793 0.563448 0.566147 0.566792 0.519453 0.376577 430 vad:0.000522
gains: 0.642238 0.562619 0.497964 0.545626 0.560719 0.561970 0.543262 0.492415 0.539484 0.468121 0.446242 0.451084 0.481993 0.429039 0.387742 0.376517 0.428073 0.474430 0.601882 0.446081 0.436079 0.550614 0.549813 0.583248 0.580458 0.575419 0.525413 0.564164 0.566895 0.567569 0.520038 0.377206 431 vad:0.000523
gains: 0.642349 0.562978 0.498262 0.545897 0.560972 0.562242 0.543712 0.492816 0.539750 0.468348 0.446468 0.451352 0.482311 0.429277 0.387824 0.376750 0.428469 0.474764 0.602190 0.446293 0.436425 0.551279 0.550304 0.583625 0.580993 0.575966 0.526032 0.564876 0.567642 0.568344 0.520624 0.377837 432 vad:0.000524
gains: 0.642461 0.563339 0.498561 0.546170 0.561224 0.562512 0.544160 0.493216 0.540016 0.468574 0.446693 0.451620 0.482628 0.429515 0.387906 0.376982 0.428865 0.475099 0.602497 0.446505 0.436772 0.551942 0.550796 0.584002 0.581528 0.576512 0.526649 0.565587 0.568387 0.569119 0.521209 0.378466 433 vad:0.000525
gains: 0.642572 0.563699 0.498859 0.546442 0.561476 0.562781 0.544606 0.493614 0.540280 0.468798 0.446917 0.451888 0.482944 0.429753 0.387989 0.377214 0.429260 0.475433 0.602803 0.446717 0.437118 0.552604 0.551287 0.584378 0.582062 0.577056 0.527264 0.566296 0.569130 0.569892 0.521795 0.379097 434 vad:0.000526
gains: 0.642685 0.564058 0.499160 0.546714 0.561726 0.563050 0.545050 0.494011 0.540544 0.469024 0.447141 0.452155 0.483260 0.429991 0.388072 0.377445 0.429654 0.475766 0.603108 0.446930 0.437465 0.553264 0.551776 0.584754 0.582594 0.577599 0.527878 0.567003 0.569872 0.570665 0.522380 0.379727 435 vad:0.000527
gains: 0.642797 0.564417 0.499460 0.546986 0.561975 0.563316 0.545491 0.494407 0.540806 0.469248 0.447365 0.452421 0.483573 0.430228 0.388155 0.377677 0.430048 0.476098 0.603413 0.447142 0.437812 0.553923 0.552266 0.585130 0.583126 0.578141 0.528489 0.567707 0.570611 0.571436 0.522966 0.380358 436 vad:0.000528
gains: 0.642910 0.564776 0.499761 0.547258 0.562224 0.563580 0.545931 0.494801 0.541067 0.469472 0.447589 0.452687 0.483887 0.430466 0.388239 0.377908 0.430440 0.476431 0.603717 0.447354 0.438160 0.554581 0.552754 0.585504 0.583657 0.578682 0.529100 0.568410 0.571350 0.572207 0.523551 0.380989 437 vad:0.000528
gains: 0.643024 0.565135 0.500062 0.547530 0.562471 0.563844 0.546369 0.495194 0.541328 0.469694 0.447813 0.452952 0.484199 0.430703 0.388323 0.378139 0.430832 0.476762 0.604021 0.447566 0.438507 0.555236 0.553241 0.585879 0.584186 0.579221 0.529709 0.569110 0.572086 0.572975 0.524136 0.381620 438 vad:0.000529
gains: 0.643138 0.565494 0.500365 0.547801 0.562718 0.564105 0.546805 0.495585 0.541588 0.469917 0.448036 0.453217 0.484510 0.430941 0.388407 0.378370 0.431223 0.477093 0.604323 0.447778 0.438855 0.555891 0.553729 0.586253 0.584715 0.579759 0.530316 0.569809 0.572820 0.573744 0.524722 0.382251 439 vad:0.000530
gains: 0.643253 0.565852 0.500668 0.548073 0.562963 0.564366 0.547239 0.495975 0.541846 0.470139 0.448259 0.453481 0.484821 0.431178 0.388493 0.378601 0.431613 0.477423 0.604626 0.447990 0.439204 0.556544 0.554216 0.586626 0.585243 0.580295 0.530921 0.570505 0.573552 0.574511 0.525307 0.382882 440 vad:0.000531
gains: 0.643367 0.566210 0.500971 0.548345 0.563208 0.564625 0.547671 0.496363 0.542104 0.470360 0.448481 0.453745 0.485130 0.431415 0.388578 0.378831 0.432003 0.477754 0.604927 0.448203 0.439552 0.557195 0.554700 0.586999 0.585770 0.580831 0.531525 0.571199 0.574283 0.575277 0.525892 0.383514 441 vad:0.000532
gains: 0.643482 0.566567 0.501276 0.548617 0.563452 0.564883 0.548102 0.496751 0.542360 0.470581 0.448704 0.454008 0.485438 0.431652 0.388664 0.379062 0.432392 0.478084 0.605228 0.448415 0.439901 0.557845 0.555186 0.587371 0.586295 0.581365 0.532127 0.571892 0.575011 0.576042 0.526478 0.384145 442 vad:0.000533
gains: 0.643598 0.566924 0.501579 0.548888 0.563694 0.565139 0.548530 0.497137 0.542616 0.470801 0.448925 0.454270 0.485746 0.431889 0.388750 0.379291 0.432780 0.478412 0.605528 0.448627 0.440249 0.558494 0.555669 0.587743 0.586820 0.581897 0.532728 0.572582 0.575739 0.576805 0.527063 0.384777 443 vad:0.000534
gains: 0.643714 0.567281 0.501885 0.549161 0.563936 0.565394 0.548956 0.497521 0.542871 0.471021 0.449147 0.454533 0.486053 0.432127 0.388837 0.379521 0.433168 0.478740 0.605827 0.448839 0.440599 0.559141 0.556152 0.588114 0.587344 0.582429 0.533327 0.573270 0.576464 0.577568 0.527648 0.385409 444 vad:0.000535
gains: 0.643831 0.567638 0.502191 0.549432 0.564177 0.565647 0.549381 0.497905 0.543124 0.471239 0.449368 0.454794 0.486358 0.432363 0.388924 0.379751 0.433554 0.479069 0.606126 0.449051 0.440948 0.559786 0.556635 0.588484 0.587866 0.582958 0.533924 0.573956 0.577187 0.578329 0.528233 0.386041 445 vad:0.000536
gains: 0.643948 0.567995 0.502496 0.549703 0.564417 0.565899 0.549804 0.498286 0.543377 0.471458 0.449589 0.455055 0.486662 0.432600 0.389012 0.379980 0.433940 0.479396 0.606424 0.449264 0.441297 0.560430 0.557116 0.588855 0.588387 0.583486 0.534520 0.574640 0.577909 0.579089 0.528817 0.386672 446 vad:0.000537
gains: 0.644065 0.568351 0.502803 0.549976 0.564657 0.566150 0.550225 0.498668 0.543629 0.471675 0.449811 0.455315 0.486966 0.432837 0.389100 0.380210 0.434326 0.479723 0.606722 0.449477 0.441647 0.561073 0.557598 0.589224 0.588908 0.584014 0.535114 0.575323 0.578629 0.579849 0.529402 0.387305 447 vad:0.000538
gains: 0.644183 0.568706 0.503110 0.550247 0.564894 0.566400 0.550644 0.499047 0.543880 0.471893 0.450031 0.455575 0.487268 0.433074 0.389188 0.380439 0.434710 0.480050 0.607019 0.449689 0.441997 0.561715 0.558078 0.589594 0.589427 0.584540 0.535706 0.576003 0.579347 0.580607 0.529986 0.387936 448 vad:0.000539
gains: 0.644302 0.569061 0.503417 0.550518 0.565132 0.566648 0.551061 0.499424 0.544131 0.472110 0.450251 0.455834 0.487571 0.433311 0.389277 0.380668 0.435094 0.480376 0.607316 0.449901 0.442346 0.562354 0.558557 0.589962 0.589945 0.585065 0.536297 0.576681 0.580064 0.581364 0.530571 0.388568 449 vad:0.000539
gains: 0.644420 0.569417 0.503725 0.550790 0.565369 0.566895 0.551477 0.499801 0.544380 0.472326 0.450471 0.456093 0.487871 0.433547 0.389367 0.380896 0.435477 0.480701 0.607612 0.450114 0.442697 0.562992 0.559035 0.590329 0.590463 0.585588 0.536886 0.577357 0.580778 0.582120 0.531155 0.389201 450 vad:0.000540
gains: 0.644540 0.569771 0.504034 0.551061 0.565604 0.567141 0.551891 0.500177 0.544628 0.472542 0.450691 0.456351 0.488171 0.433784 0.389456 0.381125 0.435859 0.481027 0.607907 0.450326 0.443047 0.563630 0.559513 0.590696 0.590979 0.586110 0.537474 0.578032 0.581491 0.582875 0.531739 0.389833 451 vad:0.000541
gains: 0.644659 0.570126 0.504342 0.551332 0.565839 0.567385 0.552304 0.500552 0.544876 0.472756 0.450910 0.456609 0.488470 0.434020 0.389547 0.381353 0.436240 0.481351 0.608202 0.450538 0.443397 0.564265 0.559990 0.591063 0.591494 0.586631 0.538060 0.578704 0.582202 0.583628 0.532323 0.390465 452 vad:0.000542
gains: 0.644779 0.570480 0.504652 0.551603 0.566073 0.567628 0.552714 0.500925 0.545122 0.472971 0.451128 0.456866 0.488768 0.434257 0.389638 0.381582 0.436621 0.481675 0.608496 0.450751 0.443748 0.564898 0.560465 0.591429 0.592009 0.587150 0.538645 0.579374 0.582912 0.584380 0.532906 0.391097 453 vad:0.000543
gains: 0.644899 0.570833 0.504961 0.551874 0.566306 0.567870 0.553124 0.501297 0.545368 0.473185 0.451348 0.457123 0.489065 0.434493 0.389729 0.381810 0.437001 0.481999 0.608790 0.450963 0.444098 0.565530 0.560941 0.591795 0.592522 0.587668 0.539227 0.580043 0.583619 0.585132 0.533490 0.391729 454 vad:0.000544
gains: 0.645021 0.571187 0.505272 0.552146 0.566539 0.568111 0.553531 0.501668 0.545613 0.473399 0.451566 0.457379 0.489362 0.434730 0.389821 0.382038 0.437380 0.482322 0.609083 0.451176 0.444449 0.566161 0.561415 0.592160 0.593034 0.588185 0.539809 0.580710 0.584325 0.585882 0.534073 0.392360 455 vad:0.000545
gains: 0.645141 0.571540 0.505582 0.552416 0.566770 0.568351 0.553937 0.502037 0.545857 0.473612 0.451784 0.457634 0.489657 0.434966 0.389912 0.382265 0.437758 0.482645 0.609376 0.451388 0.444800 0.566791 0.561888 0.592523 0.593545 0.588700 0.540389 0.581374 0.585029 0.586630 0.534656 0.392993 456 vad:0.000546
gains: 0.645263 0.571893 0.505892 0.552686 0.567001 0.568588 0.554340 0.502405 0.546100 0.473824 0.452002 0.457889 0.489951 0.435202 0.390005 0.382493 0.438136 0.482967 0.609668 0.451601 0.445151 0.567418 0.562360 0.592888 0.594055 0.589215 0.540968 0.582037 0.585731 0.587378 0.535239 0.393625 457 vad:0.000547
gains: 0.645385 0.572246 0.506204 0.552957 0.567231 0.568826 0.554743 0.502772 0.546343 0.474036 0.452220 0.458143 0.490245 0.435439 0.390098 0.382721 0.438514 0.483289 0.609960 0.451814 0.445502 0.568044 0.562832 0.593251 0.594564 0.589727 0.541544 0.582698 0.586432 0.588125 0.535821 0.394257 458 vad:0.000548
gains: 0.645508 0.572598 0.506515 0.553228 0.567460 0.569062 0.555144 0.503139 0.546584 0.474248 0.452437 0.458397 0.490538 0.435676 0.390192 0.382948 0.438890 0.483611 0.610251 0.452026 0.445853 0.568669 0.563303 0.593613 0.595071 0.590239 0.542120 0.583357 0.587131 0.588870 0.536404 0.394889 459 vad:0.000549
gains: 0.645631 0.572949 0.506827 0.553498 0.567688 0.569296 0.555543 0.503504 0.546825 0.474458 0.452654 0.458650 0.490830 0.435912 0.390286 0.383175 0.439265 0.483931 0.610542 0.452238 0.446204 0.569293 0.563773 0.593975 0.595578 0.590748 0.542693 0.584014 0.587828 0.589615 0.536986 0.395520 460 vad:0.000549
gains: 0.645754 0.573301 0.507139 0.553768 0.567916 0.569530 0.555941 0.503867 0.547065 0.474668 0.452870 0.458903 0.491120 0.436148 0.390380 0.383402 0.439640 0.484253 0.610832 0.452451 0.446555 0.569914 0.564242 0.594336 0.596084 0.591257 0.543265 0.584669 0.588523 0.590357 0.537568 0.396152 461 vad:0.000550
gains: 0.645878 0.573651 0.507451 0.554039 0.568143 0.569763 0.556337 0.504230 0.547304 0.474878 0.453087 0.459155 0.491411 0.436385 0.390475 0.383629 0.440014 0.484573 0.611122 0.452664 0.446906 0.570534 0.564710 0.594696 0.596588 0.591764 0.543836 0.585323 0.589217 0.591099 0.538149 0.396784 462 vad:0.000551
gains: 0.646002 0.574001 0.507764 0.554309 0.568369 0.569994 0.556732 0.504591 0.547543 0.475088 0.453303 0.459407 0.491700 0.436621 0.390571 0.383855 0.440388 0.484892 0.611412 0.452876 0.447257 0.571153 0.565177 0.595056 0.597092 0.592270 0.544405 0.585975 0.589908 0.591840 0.538731 0.397415 463 vad:0.000552
gains: 0.646127 0.574351 0.508077 0.554579 0.568594 0.570224 0.557125 0.504952 0.547780 0.475296 0.453519 0.459658 0.491988 0.436857 0.390666 0.384082 0.440760 0.485212 0.611700 0.453089 0.447608 0.571771 0.565643 0.595416 0.597594 0.592775 0.544972 0.586625 0.590599 0.592579 0.539312 0.398047 464 vad:0.000553
gains: 0.646252 0.574701 0.508391 0.554848 0.568818 0.570453 0.557516 0.505311 0.548017 0.475505 0.453734 0.459909 0.492276 0.437093 0.390763 0.384308 0.441132 0.485530 0.611989 0.453301 0.447959 0.572386 0.566108 0.595774 0.598095 0.593278 0.545538 0.587272 0.591287 0.593317 0.539893 0.398678 465 vad:0.000554
gains: 0.646377 0.575051 0.508704 0.555118 0.569042 0.570681 0.557907 0.505669 0.548253 0.475712 0.453949 0.460159 0.492562 0.437330 0.390859 0.384535 0.441504 0.485848 0.612277 0.453514 0.448310 0.573000 0.566573 0.596132 0.598595 0.593780 0.546103 0.587919 0.591974 0.594054 0.540474 0.399309 466 vad:0.000555
gains: 0.646503 0.575400 0.509018 0.555387 0.569265 0.570908 0.558295 0.506026 0.548488 0.475919 0.454164 0.460409 0.492847 0.437566 0.390956 0.384760 0.441874 0.486166 0.612564 0.453726 0.448661 0.573613 0.567036 0.596489 0.599094 0.594280 0.546665 0.588562 0.592658 0.594790 0.541053 0.399940 467 vad:0.000556
gains: 0.646629 0.575748 0.509332 0.555656 0.569487 0.571134 0.558683 0.506382 0.548722 0.476126 0.454379 0.460658 0.493132 0.437802 0.391054 0.384986 0.442244 0.486484 0.612851 0.453939 0.449012 0.574224 0.567499 0.596846 0.599592 0.594780 0.547227 0.589205 0.593342 0.595524 0.541634 0.400572 468 vad:0.000557
gains: 0.646756 0.576097 0.509646 0.555925 0.569709 0.571359 0.559069 0.506737 0.548956 0.476332 0.454593 0.460907 0.493416 0.438039 0.391152 0.385213 0.442614 0.486801 0.613138 0.454151 0.449363 0.574833 0.567960 0.597202 0.600089 0.595278 0.547787 0.589846 0.594023 0.596258 0.542213 0.401203 469 vad:0.000558
gains: 0.646883 0.576444 0.509960 0.556194 0.569929 0.571582 0.559452 0.507090 0.549188 0.476538 0.454807 0.461154 0.493699 0.438275 0.391251 0.385438 0.442982 0.487117 0.613424 0.454364 0.449715 0.575441 0.568422 0.597557 0.600585 0.595775 0.548346 0.590485 0.594703 0.596990 0.542793 0.401834 470 vad:0.000559
gains: 0.647010 0.576793 0.510275 0.556463 0.570150 0.571805 0.559836 0.507444 0.549421 0.476743 0.455021 0.461402 0.493982 0.438511 0.391350 0.385664 0.443350 0.487434 0.613710 0.454576 0.450065 0.576048 0.568881 0.597912 0.601079 0.596271 0.548902 0.591122 0.595381 0.597721 0.543372 0.402464 471 vad:0.000560
gains: 0.647138 0.577139 0.510589 0.556731 0.570369 0.572026 0.560217 0.507795 0.549652 0.476947 0.455234 0.461649 0.494263 0.438747 0.391449 0.385889 0.443717 0.487749 0.613995 0.454788 0.450416 0.576652 0.569340 0.598266 0.601573 0.596764 0.549458 0.591757 0.596057 0.598451 0.543950 0.403095 472 vad:0.000561
gains: 0.647266 0.577486 0.510904 0.557000 0.570587 0.572246 0.560597 0.508146 0.549883 0.477152 0.455447 0.461896 0.494544 0.438984 0.391550 0.386114 0.444083 0.488065 0.614280 0.455001 0.450767 0.577256 0.569798 0.598619 0.602065 0.597257 0.550012 0.592391 0.596732 0.599179 0.544529 0.403725 473 vad:0.000561
gains: 0.647395 0.577832 0.511220 0.557268 0.570805 0.572466 0.560976 0.508495 0.550113 0.477355 0.455660 0.462142 0.494824 0.439221 0.391650 0.386339 0.444449 0.488380 0.614565 0.455214 0.451118 0.577858 0.570254 0.598971 0.602556 0.597748 0.550564 0.593023 0.597405 0.599906 0.545107 0.404355 474 vad:0.000562
gains: 0.647523 0.578178 0.511535 0.557536 0.571022 0.572684 0.561354 0.508844 0.550342 0.477558 0.455872 0.462388 0.495103 0.439457 0.391751 0.386565 0.444814 0.488694 0.614849 0.455426 0.451469 0.578458 0.570710 0.599324 0.603047 0.598239 0.551116 0.593653 0.598077 0.600632 0.545684 0.404985 475 vad:0.000563
gains: 0.647652 0.578524 0.511851 0.557804 0.571238 0.572902 0.561729 0.509191 0.550570 0.477761 0.456084 0.462632 0.495381 0.439693 0.391853 0.386789 0.445178 0.489008 0.615133 0.455639 0.451819 0.579057 0.571165 0.599675 0.603535 0.598727 0.551665 0.594281 0.598746 0.601357 0.546262 0.405615 476 vad:0.000564
gains: 0.647782 0.578869 0.512166 0.558071 0.571454 0.573118 0.562104 0.509538 0.550798 0.477963 0.456296 0.462877 0.495659 0.439930 0.391955 0.387014 0.445542 0.489322 0.615416 0.455851 0.452170 0.579654 0.571619 0.600026 0.604024 0.599214 0.552213 0.594908 0.599414 0.602080 0.546839 0.406245 477 vad:0.000565
gains: 0.647911 0.579213 0.512481 0.558339 0.571669 0.573333 0.562477 0.509884 0.551025 0.478164 0.456508 0.463121 0.495935 0.440167 0.392057 0.387239 0.445905 0.489635 0.615699 0.456063 0.452520 0.580250 0.572072 0.600376 0.604510 0.599701 0.552760 0.595533 0.600080 0.602802 0.547416 0.406874 478 vad:0.000566
gains: 0.648042 0.579557 0.512797 0.558606 0.571883 0.573548 0.562849 0.510229 0.551251 0.478366 0.456720 0.463364 0.496211 0.440404 0.392160 0.387463 0.446267 0.489948 0.615981 0.456275 0.452870 0.580844 0.572524 0.600725 0.604996 0.600185 0.553305 0.596156 0.600745 0.603524 0.547992 0.407504 479 vad:0.000567
gains: 0.648174 0.579902 0.513113 0.558874 0.572098 0.573761 0.563221 0.510572 0.551477 0.478567 0.456931 0.463608 0.496486 0.440640 0.392264 0.387688 0.446629 0.490260 0.616264 0.456488 0.453221 0.581437 0.572976 0.601074 0.605480 0.600669 0.553850 0.596778 0.601408 0.604243 0.548568 0.408133 480 vad:0.000568
gains: 0.648304 0.580244 0.513429 0.559140 0.572310 0.573973 0.563589 0.510915 0.551701 0.478767 0.457141 0.463850 0.496760 0.440877 0.392367 0.387912 0.446989 0.490572 0.616545 0.456700 0.453570 0.582028 0.573426 0.601422 0.605964 0.601151 0.554392 0.597397 0.602069 0.604962 0.549144 0.408761 481 vad:0.000569
gains: 0.648435 0.580587 0.513745 0.559406 0.572523 0.574184 0.563958 0.511256 0.551925 0.478966 0.457352 0.464092 0.497033 0.441114 0.392472 0.388136 0.447350 0.490884 0.616827 0.456913 0.453920 0.582617 0.573874 0.601769 0.606446 0.601632 0.554932 0.598016 0.602728 0.605679 0.549718 0.409390 482 vad:0.000570
gains: 0.648567 0.580930 0.514061 0.559673 0.572734 0.574395 0.564325 0.511597 0.552149 0.479165 0.457562 0.464333 0.497306 0.441350 0.392577 0.388360 0.447709 0.491195 0.617108 0.457125 0.454269 0.583205 0.574323 0.602116 0.606927 0.602111 0.555472 0.598632 0.603386 0.606395 0.550294 0.410019 483 vad:0.000571
gains: 0.648699 0.581271 0.514378 0.559939 0.572945 0.574604 0.564690 0.511937 0.552371 0.479364 0.457772 0.464574 0.497578 0.441587 0.392682 0.388584 0.448069 0.491505 0.617389 0.457337 0.454619 0.583791 0.574770 0.602461 0.607407 0.602589 0.556010 0.599247 0.604042 0.607110 0.550868 0.410647 484 vad:0.000572
gains: 0.648831 0.581614 0.514694 0.560204 0.573155 0.574813 0.565055 0.512276 0.552593 0.479562 0.457981 0.464815 0.497849 0.441824 0.392788 0.388808 0.448427 0.491816 0.617669 0.457549 0.454968 0.584376 0.575216 0.602807 0.607886 0.603066 0.556547 0.599860 0.604697 0.607823 0.551441 0.411275 485 vad:0.000573
gains: 0.648964 0.581955 0.515010 0.560469 0.573364 0.575021 0.565418 0.512613 0.552814 0.479760 0.458190 0.465055 0.498119 0.442061 0.392893 0.389032 0.448784 0.492126 0.617949 0.457761 0.455317 0.584960 0.575662 0.603151 0.608364 0.603542 0.557081 0.600471 0.605349 0.608535 0.552015 0.411902 486 vad:0.000574
gains: 0.649096 0.582295 0.515326 0.560735 0.573573 0.575228 0.565780 0.512950 0.553035 0.479957 0.458400 0.465295 0.498388 0.442298 0.393000 0.389255 0.449142 0.492435 0.618229 0.457973 0.455666 0.585541 0.576106 0.603495 0.608840 0.604016 0.557615 0.601081 0.606000 0.609246 0.552588 0.412530 487 vad:0.000575
gains: 0.649230 0.582635 0.515643 0.561000 0.573782 0.575433 0.566141 0.513286 0.553255 0.480154 0.458608 0.465534 0.498657 0.442535 0.393108 0.389479 0.449498 0.492744 0.618508 0.458185 0.456015 0.586122 0.576550 0.603838 0.609316 0.604489 0.558148 0.601689 0.606650 0.609956 0.553161 0.413157 488 vad:0.000576
gains: 0.649364 0.582975 0.515959 0.561265 0.573989 0.575638 0.566500 0.513621 0.553474 0.480350 0.458817 0.465772 0.498925 0.442772 0.393216 0.389702 0.449854 0.493053 0.618787 0.458397 0.456364 0.586700 0.576992 0.604180 0.609790 0.604961 0.558678 0.602296 0.607298 0.610665 0.553733 0.413784 489 vad:0.000577
gains: 0.649497 0.583314 0.516275 0.561529 0.574196 0.575842 0.566859 0.513955 0.553693 0.480545 0.459025 0.466010 0.499192 0.443009 0.393324 0.389926 0.450208 0.493362 0.619066 0.458609 0.456712 0.587278 0.577433 0.604522 0.610263 0.605431 0.559208 0.602900 0.607944 0.611372 0.554305 0.414411 490 vad:0.000577
gains: 0.649631 0.583653 0.516592 0.561793 0.574402 0.576045 0.567216 0.514289 0.553910 0.480740 0.459232 0.466248 0.499458 0.443247 0.393432 0.390149 0.450563 0.493669 0.619344 0.458821 0.457060 0.587853 0.577874 0.604863 0.610736 0.605900 0.559736 0.603503 0.608588 0.612077 0.554877 0.415037 491 vad:0.000578
gains: 0.649765 0.583991 0.516908 0.562057 0.574608 0.576247 0.567572 0.514621 0.554127 0.480935 0.459439 0.466485 0.499724 0.443484 0.393541 0.390372 0.450917 0.493976 0.619622 0.459033 0.457408 0.588427 0.578313 0.605204 0.611206 0.606367 0.560263 0.604105 0.609231 0.612782 0.555448 0.415664 492 vad:0.000579
gains: 0.649900 0.584329 0.517224 0.562321 0.574813 0.576448 0.567926 0.514952 0.554344 0.481129 0.459647 0.466721 0.499989 0.443721 0.393650 0.390595 0.451270 0.494283 0.619900 0.459245 0.457756 0.589000 0.578751 0.605543 0.611676 0.606834 0.560788 0.604705 0.609872 0.613485 0.556018 0.416290 493 vad:0.000580
gains: 0.650034 0.584667 0.517541 0.562584 0.575017 0.576649 0.568280 0.515282 0.554559 0.481323 0.459854 0.466958 0.500253 0.443958 0.393760 0.390817 0.451622 0.494590 0.620177 0.459457 0.458104 0.589572 0.579188 0.605882 0.612145 0.607299 0.561312 0.605303 0.610512 0.614187 0.556589 0.416915 494 vad:0.000581
gains: 0.650170 0.585003 0.517857 0.562847 0.575221 0.576848 0.568633 0.515612 0.554775 0.481516 0.460060 0.467193 0.500517 0.444196 0.393871 0.391040 0.451974 0.494896 0.620454 0.459669 0.458451 0.590141 0.579625 0.606220 0.612612 0.607763 0.561834 0.605900 0.611150 0.614888 0.557158 0.417541 495 vad:0.000582
gains: 0.650305 0.585339 0.518173 0.563110 0.575424 0.577047 0.568983 0.515941 0.554989 0.481709 0.460266 0.467429 0.500779 0.444433 0.393982 0.391263 0.452325 0.495202 0.620730 0.459880 0.458798 0.590709 0.580060 0.606557 0.613079 0.608226 0.562356 0.606495 0.611786 0.615587 0.557727 0.418165 496 vad:0.000583
gains: 0.650441 0.585676 0.518489 0.563372 0.575627 0.577245 0.569334 0.516268 0.555203 0.481901 0.460473 0.467664 0.501041 0.444671 0.394093 0.391486 0.452675 0.495507 0.621007 0.460092 0.459145 0.591275 0.580495 0.606895 0.613544 0.608687 0.562875 0.607089 0.612421 0.616286 0.558296 0.418790 497 vad:0.000584
gains: 0.650576 0.586011 0.518805 0.563634 0.575828 0.577441 0.569683 0.516595 0.555416 0.482093 0.460678 0.467898 0.501303 0.444909 0.394205 0.391708 0.453025 0.495812 0.621283 0.460304 0.459491 0.591840 0.580928 0.607230 0.614008 0.609147 0.563394 0.607681 0.613054 0.616982 0.558864 0.419415 498 vad:0.000585
gains: 0.650713 0.586345 0.519121 0.563896 0.576029 0.577637 0.570031 0.516921 0.555629 0.482284 0.460883 0.468132 0.501562 0.445146 0.394317 0.391930 0.453374 0.496116 0.621558 0.460515 0.459837 0.592403 0.581361 0.607565 0.614471 0.609605 0.563911 0.608271 0.613685 0.617678 0.559432 0.420038 499 vad:0.000586
gains: 0.650849 0.586681 0.519436 0.564157 0.576230 0.577833 0.570378 0.517246 0.555840 0.482475 0.461089 0.468365 0.501822 0.445384 0.394431 0.392152 0.453723 0.496421 0.621833 0.460726 0.460183 0.592965 0.581792 0.607900 0.614932 0.610063 0.564426 0.608859 0.614315 0.618372 0.559999 0.420662 500 vad:0.000587
gains: 0.650986 0.587014 0.519752 0.564419 0.576429 0.578026 0.570723 0.517570 0.556051 0.482665 0.461293 0.468598 0.502082 0.445622 0.394543 0.392374 0.454070 0.496724 0.622109 0.460938 0.460529 0.593525 0.582222 0.608234 0.615393 0.610519 0.564941 0.609447 0.614943 0.619065 0.560566 0.421286 